"trip_id","taxi_id","trip_start_timestamp","trip_end_timestamp","trip_seconds","trip_miles","pickup_census_tract","dropoff_census_tract","pickup_community_area","dropoff_community_area","fare","tips","tolls","extras","trip_total","payment_type","company","pickup_centroid_latitude","pickup_centroid_longitude","pickup_centroid_location","dropoff_centroid_latitude","dropoff_centroid_longitude","dropoff_centroid_location"
"1f99d4a620dd942bfe2e98dc274214751258bc9c","8eca35a570101ad24c638f1f43eecce9d0cb7843e13a75f0af0c911c3e31ddec549c4808e216bcf31634542025c1e7de2442b92d5d7d73463c4e05fd959e47b4","2023-12-31T23:45:00.000","2024-01-01T00:00:00.000","1004","5.31",,,"8","5","17","4.4","0","0.1","22","Credit Card","Sun Taxi","41.899602111","-87.633308037","POINT (-87.6333080367 41.899602111)","41.947791586","-87.683834942","POINT (-87.6838349425 41.9477915865)"
"ec183abaa7ff142f17ebcdafa1f3d4e611a9f494","f6d1b6c930d62f6d8cbbd8f86a593ff057408c82f764744a7a38ee63957a74b84eaeea80224ea3a0021ba1572323a282530b0659b5e1ce48d04939eacb504060","2023-12-31T23:45:00.000","2024-01-01T00:00:00.000","786","2.02","17031081500","17031330100","8","33","10","0","0","0","10","Cash","Chicago Independents","41.892507781","-87.626214906","POINT (-87.6262149064 41.8925077809)","41.859349715","-87.617358006","POINT (-87.6173580061 41.859349715)"
"ac9c9cd082dbdbfb67fc062dcb74ed713820e47f","75cf3a53aae5e5858361a7ca64f75d3407dc0a44d7bc42843fd566a614cf1adcb57d543a15db44103c4801f879ceb236261b336079807dbfd2cd7a7775f166dc","2023-12-31T23:45:00.000","2023-12-31T23:45:00.000","439","0.98",,,"32","32","6.5","4","0","1","12","Credit Card","City Service","41.878865584","-87.625192142","POINT (-87.6251921424 41.8788655841)","41.878865584","-87.625192142","POINT (-87.6251921424 41.8788655841)"
"a3a46252ab0fe72e8a4a692686ca1ac1308b7d65","94be4a2e8fd951a6a5f4d99f882ebc5f06bd48eb5e337ff9a488799b5781497cc8fe1282348e460681a68c6328ddf79d9b6b75a9d27970c8300413070d952605","2023-12-31T23:45:00.000","2023-12-31T23:45:00.000","388","1.84",,,"8","7","9","1.58","0","0","10.58","Mobile","Sun Taxi","41.899602111","-87.633308037","POINT (-87.6333080367 41.899602111)","41.922686284","-87.649488729","POINT (-87.6494887289 41.9226862843)"
"daa582d3e7f5f75efde38872dffd9de42d4f5ff4","3c8a3a5b0785d40229dd7adc5fd0d9620defca885601bf7909fe82bb3878e287a9668c49844612ad22b25b32ec168af202d109189d8e422bf93924f1cdbdc6dd","2023-12-31T23:45:00.000","2024-01-01T00:15:00.000","1140","10.5",,,"3","34","28","0","0","0","28","Unknown","Taxi Affiliation Services","41.96581197","-87.655878786","POINT (-87.6558787862 41.96581197)","41.842076117","-87.633973422","POINT (-87.6339734222 41.8420761168)"
"7c14379917299666678dc9257286799a91727da9","89a40bbeb44e22e8169b4ba823c5eee94b324219fbe8c007ec52243acb7b0aed5ac28fc53132e13d6deb4fcd6eec8911cc70ac7233fe3bdd8f8a5ea6f23e5f71","2023-12-31T23:45:00.000","2024-01-01T00:00:00.000","300","0.7",,,"28","28","5","0","0","2","7","Unknown","Taxi Affiliation Services","41.874005383","-87.66351755","POINT (-87.6635175498 41.874005383)","41.874005383","-87.66351755","POINT (-87.6635175498 41.874005383)"
"8bcad727d56e9761517e7129cc94ede7274f60fa","eed4cbab8d3be11fc5fcff8f92b3ba140f63602f2760446756572fc4262d89af90bd665c89604918253358364f34ae32113be46209e794e28390e6cca1a87768","2023-12-31T23:45:00.000","2024-01-01T00:00:00.000","361","1.16",,,"28","28","20","4.1","0","0","24.6","Credit Card","Taxicab Insurance Agency Llc","41.874005383","-87.66351755","POINT (-87.6635175498 41.874005383)","41.874005383","-87.66351755","POINT (-87.6635175498 41.874005383)"
"3e119576753a4a807e8b8702c2caa589a92c153c","f78d14baa2d1f80febaa17d73381c2eadb406cf4537522e111615ca2ccc9854f515cf1bb9dc9a9f48c4fdbf3e4e3adac120d6c6cc00dcd2aa715276b28bed0ad","2023-12-31T23:45:00.000","2024-01-01T00:00:00.000","960","2.7",,,"7","8","11.5","3","0","1","15.5","Credit Card","Choice Taxi Association","41.922686284","-87.649488729","POINT (-87.6494887289 41.9226862843)","41.899602111","-87.633308037","POINT (-87.6333080367 41.899602111)"
"363810b6cfd667eace3ef3266ec553a546729ff5","847cf962bd6f62040673e6c24c24940aeb2d7fdaa54677eed6a0aaa4aeef61984916b32d763b4baa6c32476531543bb77e2346cd64f505618f6b9d562243f950","2023-12-31T23:45:00.000","2024-01-01T00:00:00.000","420","0.9","17031320100","17031320400","32","32","6.25","4","0","3","13.25","Credit Card","Taxi Affiliation Services","41.884987192","-87.620992913","POINT (-87.6209929134 41.8849871918)","41.877406123","-87.621971652","POINT (-87.6219716519 41.8774061234)"
"d51430f93404726b121d82d42efc29a2062895a8","24d4c5e51d147aecbb7c4a1ad70c38dbc05c7b4485f6de4b41fee5ea270228859c19c4160b101df87b889acc5cc7ab49b5e0491676026518677d34ea81f76591","2023-12-31T23:45:00.000","2024-01-01T00:00:00.000","379","1.25",,,"14","13","6.75","3","0","0","10.25","Credit Card","Taxicab Insurance Agency Llc","41.968069","-87.721559063","POINT (-87.7215590627 41.968069)","41.983636307","-87.723583185","POINT (-87.7235831853 41.9836363072)"
"b68a7310d2ba573ce09f55fa546408264e0b3dd7","9454a3cb5d7e8ef84ca9bfff9f1a5d235021fef66b41a8ef4535f6e19a6d9aa5c7a00e191f7895b5831f9bcfb42dfdc6d48107bd17f8f6fdc2a4f480b7e00ad3","2023-12-31T23:45:00.000","2024-01-01T00:00:00.000","755","2.37","17031833000","17031081201","28","8","9","2.28","0","0","11.28","Mobile","City Service","41.88528132","-87.6572332","POINT (-87.6572331997 41.8852813201)","41.899155613","-87.626210532","POINT (-87.6262105324 41.8991556134)"
"23a321e48c465182b749d4e3d6fb901b39a28c36","c09f5ee2dc22a2a3c342dd27432eb0fe98506ef3698f5b2e066d6c56fd7da673e58d85db53894ac092f9eeae70bac42cbb470ffff8cedadee60cf639c49fc711","2023-12-31T23:45:00.000","2023-12-31T23:45:00.000","6","0",,,"3","3","40","0","0","0","40.5","Credit Card","Sun Taxi","41.96581197","-87.655878786","POINT (-87.6558787862 41.96581197)","41.96581197","-87.655878786","POINT (-87.6558787862 41.96581197)"
"c5ad9b572bff9d5cb9a8cf0da173789f7910a835","c7a8a53874bbcdb11e70a488485e8bdd0bb8cc0de8f5d98d3ef4d9c3223d7b4024a6d8fda9c00e8e55f3985e5a728ddce0175359c31e0bc5cd3c008d89b23ed1","2023-12-31T23:45:00.000","2023-12-31T23:45:00.000","7","0",,,"28","28","30","0","0","0","30.5","Credit Card","Flash Cab","41.874005383","-87.66351755","POINT (-87.6635175498 41.874005383)","41.874005383","-87.66351755","POINT (-87.6635175498 41.874005383)"
"c3807aafaf2272b30efbec3595a7b192a92f632d","cf5f0f5970c4961f96199dfcb1b11c9835a7fa2db48ff06a4ea0f99f2c14328e0cf5114f2419049133c1ef9d9cbd532e37c5ef642098f55d01ee7ac3b71ab7aa","2023-12-31T23:45:00.000","2024-01-01T00:30:00.000","2295","5.53",,,"28","32","21.5","0","0","0","21.5","Prcard","City Service","41.874005383","-87.66351755","POINT (-87.6635175498 41.874005383)","41.878865584","-87.625192142","POINT (-87.6251921424 41.8788655841)"
"6132f6fb53c7329ed2e12fef54749d2ffc3d4d2f","b71c6761efe32829e7e453b0c6fcb78a456a7d83c720c746ac0575025dd8c5e3cd6b554288cf71419c89931c34166201ab5f47fe928d5d18e377bad66b8750fc","2023-12-31T23:45:00.000","2024-01-01T00:00:00.000","1308","4.87",,,"8","23","16.25","0","0","0","16.25","Cash","Flash Cab","41.899602111","-87.633308037","POINT (-87.6333080367 41.899602111)","41.900069603","-87.720918238","POINT (-87.7209182385 41.9000696026)"
"a71aedee3f6531cef1e54804d3534f98c0b5e6a9","8798e394725a87657ec2292bddb8e4bac5ae8b7886e6a5298a2f094270ca5a1e850a4ee05a7b8809269a8ddc5e876f2eb8810bf8c2449e32739d453495d00e53","2023-12-31T23:45:00.000","2024-01-01T00:00:00.000","1179","11.56",,,"76","13","29.75","3","0","4","37.25","Mobile","Star North Taxi Management Llc","41.980264315","-87.913624596","POINT (-87.913624596 41.9802643146)","41.983636307","-87.723583185","POINT (-87.7235831853 41.9836363072)"
"0df5288f95b24b9c8b659d7368516f5a2ccdd63a","d6e1a9e103336c396201abe9ceb00795fcd41e14ccbf548bddc575066b1624fed9b5b8f6a4da7feaac63928742dc21554af766c0e71eef4bfa910191fe8ad001","2023-12-31T23:45:00.000","2023-12-31T23:45:00.000","9","0",,,"32","32","21.45","4.97","0","0","26.42","Mobile","Flash Cab","41.878865584","-87.625192142","POINT (-87.6251921424 41.8788655841)","41.878865584","-87.625192142","POINT (-87.6251921424 41.8788655841)"
"6b1b21ca32da77c68ee5d8816194ac27d9206082","38f6145c9a2b848dc1baa16fd91087e606b12bcb8757a9eb003dfab2c031fcaeb931c1ae6b486fab5f1c21037f33a187d1cb97080f4334a63f7ce0713d0f47b4","2023-12-31T23:45:00.000","2024-01-01T00:00:00.000","1260","2.8",,,"8","28","13","0","0","0","13","Credit Card","Taxi Affiliation Services","41.899602111","-87.633308037","POINT (-87.6333080367 41.899602111)","41.874005383","-87.66351755","POINT (-87.6635175498 41.874005383)"
"41bb85ba82698b51f96cebd8915b62767fd0698d","f9448164dcb56f4f31c2b2ad562f31443a01885c2bda20d6325a0747c9857007a024d358c98ed634fba5791a9dcbaf7252302b7dad34fa6bea7e625d2d185d4e","2023-12-31T23:45:00.000","2024-01-01T00:15:00.000","1183","11.51",,,"56","38","30.25","0","0","4","34.25","Cash","Patriot Taxi Dba Peace Taxi Associat","41.79259236","-87.769615453","POINT (-87.7696154528 41.7925923603)","41.812948939","-87.617859676","POINT (-87.6178596758 41.8129489392)"
"408dbbbbb5efe8825b9802e9e47b73bde2cad640","f29ed34900f8b339ab279eda0189ecae3312801dab967e2c71b537bcc8c744c8a8691d428541cc969b2eceae6fc36a8c6bfde2f469eba49c78ac96fa96665d9d","2023-12-31T23:45:00.000","2024-01-01T00:15:00.000","1303","10.65",,,"56","28","28.75","0","0","5.5","34.25","Cash","Sun Taxi","41.79259236","-87.769615453","POINT (-87.7696154528 41.7925923603)","41.874005383","-87.66351755","POINT (-87.6635175498 41.874005383)"
"6138f0b3dff7fc33cd748727eb6714535a747657","35467b44491f6f51eaa0f4fb1cd65e4c23117aa268d9dd52d88a484194323088fc5a0d30455d37c6bced24218c2ed42b421d7260c119161f29b8381bd11b1784","2023-12-31T23:45:00.000","2024-01-01T00:45:00.000","3259","1.97",,,"28","8","16","3.7","0","2","22.2","Credit Card","Sun Taxi","41.874005383","-87.66351755","POINT (-87.6635175498 41.874005383)","41.899602111","-87.633308037","POINT (-87.6333080367 41.899602111)"
"21ca9b2d87a053138fe98c5ce8a3152ae752c945","e7f8c9242fc38babca76de5c34b1e59b9b7ae3ff40812cb34a7374980b9cfb20213b8cce120d9bf339e7974754eec9bd823adab5f83852410c0af0b1c0a7b6ec","2023-12-31T23:45:00.000","2023-12-31T23:45:00.000","11","0",,,"8","8","10","2","0","0","12.5","Credit Card","Taxicab Insurance Agency Llc","41.899602111","-87.633308037","POINT (-87.6333080367 41.899602111)","41.899602111","-87.633308037","POINT (-87.6333080367 41.899602111)"
"f3a139c0df3513324ff3f699bf40db2e84291e3a","9b48ad5744e86450fb4db78e7095a6827bafc43a6a9d9a8f656aac46cc0e429d129471cdad31f8a5a97b3a45c8af5fcbc80d003c1c4839075733900786e1a5a9","2023-12-31T23:45:00.000","2024-01-01T00:00:00.000","1228","4.29",,,"6","21","15.25","0","0","0","15.25","Cash","Sun Taxi","41.944226601","-87.655998182","POINT (-87.6559981815 41.9442266014)","41.938666196","-87.711210593","POINT (-87.7112105933 41.9386661962)"
"ae20c529b8423608f3f0bfcfa243100219f1241e","d3e38cf4471f5b65aa0c41a155252c395b7c8593ac6fb5741e0cac5f68831f4f418eebc0f19ea0acd5b398d6b376ec7cbb2dfa9b846af33a9d27146e2a009b4b","2023-12-31T23:45:00.000","2023-12-31T23:45:00.000","1","0.04",,,"27","27","40","0","0","0","40","Cash","5 Star Taxi","41.878914496","-87.70589713","POINT (-87.7058971305 41.8789144956)","41.878914496","-87.70589713","POINT (-87.7058971305 41.8789144956)"
"8142f4b1547f4e4a683a80b5a6c7d0325ce09559","f75191fdf728d7ed7f4277ee1e39372c16658b87abc26a057a7e74b79dd5457cb375f859ea318a2aa47f19d24142bc3563cd5b8c0bfa633161570ec9b3686897","2023-12-31T23:45:00.000","2024-01-01T00:00:00.000","600","1.1","17031320100","17031320400","32","32","7.5","0","0","2","9.5","Cash","Chicago Independents","41.884987192","-87.620992913","POINT (-87.6209929134 41.8849871918)","41.877406123","-87.621971652","POINT (-87.6219716519 41.8774061234)"
"9937207e717533bf0a3e76621f06857138d6c2df","171ec426eaf8f54c5acbb7e3fde8e0683bfa6042af0b00e428e650cd9bc909011a2517de5b32358b9cb9d9ad3d5a5b26bbb14a09f8b7f5c1c9a37fa22f26f7a7","2023-12-31T23:45:00.000","2023-12-31T23:45:00.000","12","0.04",,,"33","33","3.25","0","0","0","3.25","Cash","Flash Cab","41.857183858","-87.620334624","POINT (-87.6203346241 41.8571838585)","41.857183858","-87.620334624","POINT (-87.6203346241 41.8571838585)"
"cb50d6951086242beccb8fe7d248cfad3fab3dd7","179f1a051e9e6d3fc0726628962faff68506086ee8df14091e91399452fada055453e421df026fcc4449a43ba54a357c364482e62a20420f836389bd2269b5ee","2023-12-31T23:45:00.000","2024-01-01T00:00:00.000","1383","17.95",,,"28",,"43.75","11.06","0","0","55.31","Credit Card","Blue Ribbon Taxi Association","41.874005383","-87.66351755","POINT (-87.6635175498 41.874005383)",,,
"327fa02e9cb1cc29e7898cf98830f6ade295f9e9","15ddbeeb791d41c7683b885617281c0b548544f189ee3630ea6205078abf793173f13acb37440222ebe2a7a3b701fdfca26b4a2d5d75921a3218ad63ab23aa3a","2023-12-31T23:45:00.000","2024-01-01T00:00:00.000","1080","8.1",,,"56",,"22","7.8","0","16.5","46.3","Credit Card","Taxi Affiliation Services","41.79259236","-87.769615453","POINT (-87.7696154528 41.7925923603)",,,
"6722a6b9bd13d58f95c3914e12e1ef8b6b48a507","fc9af5a263f70826b274b29067232130b35f23b91479bb66a0655224a22b586ae2c4f88090c3de82a4f428726dd5018b74b0c84627b9e2cf57ee329c5d794575","2023-12-31T23:45:00.000","2024-01-01T00:00:00.000","1143","1.12","17031320400","17031081500","32","8","10","0","0","0","10","Cash","City Service","41.877406123","-87.621971652","POINT (-87.6219716519 41.8774061234)","41.892507781","-87.626214906","POINT (-87.6262149064 41.8925077809)"
"9a487d97cd444f768065617fb0d7b0f10b602dca","6ac56232b10298edfb36d568c8f7e71db5a741c2f31c81985b330d81204f52dd0464af1383eacefc4d2c9b7c0bf5e38c29e8433f3e6f5401f3783be477b0fcc6","2023-12-31T23:45:00.000","2024-01-01T00:00:00.000","518","1.34",,,"6","6","9","0","0","0","9","Mobile","Sun Taxi","41.944226601","-87.655998182","POINT (-87.6559981815 41.9442266014)","41.944226601","-87.655998182","POINT (-87.6559981815 41.9442266014)"
"0ed132d8a023dde8abb89dba58fa04f35fe9bdb1","80919866bf50fd1163efd329eb8a9fdf198fda2465473a58ecb720b45e5a6b95cca6ba0d8f7a1b2f7b4a56b4e34a4ec0c5399c40e3bc4e05b4ec60d9810c12c5","2023-12-31T23:45:00.000","2024-01-01T00:00:00.000","769","0.74","17031081800","17031081500","8","8","9","0","0","0","9","Mobile","Blue Ribbon Taxi Association","41.89321636","-87.63784421","POINT (-87.6378442095 41.8932163595)","41.892507781","-87.626214906","POINT (-87.6262149064 41.8925077809)"
"4e366fa290c59b3d3c6ced770bc8b6b1d3519a0c","071d031c64f608418d27905c9ffe95bf52695615683d5f4e7072ed77fe2757fe623e369ce677a96e4535360841f5f1ad3f1d6de25ecb0e47e8848ec83bce4da3","2023-12-31T23:45:00.000","2023-12-31T23:45:00.000","709","1.21","17031081202","17031081700","8","8","8","0","0","0","8","Cash","5 Star Taxi","41.902788048","-87.62614559","POINT (-87.6261455896 41.9027880476)","41.892042136","-87.63186395","POINT (-87.6318639497 41.8920421365)"
"1686a96446c079079e6b53574c3d4f78da6fcfdc","64b71bd4e488e9c5571cdfcca045e7cb7a4abb0931f17b9689b4049c2a71df3161c216d73fd2cb53ba148afc4bb00df5bcdc9790cd679e9000319c12e37217e3","2023-12-31T23:45:00.000","2024-01-01T00:00:00.000","954","0.41","17031081800","17031081700","8","8","8.5","0","0","1","9.5","Cash","Flash Cab","41.89321636","-87.63784421","POINT (-87.6378442095 41.8932163595)","41.892042136","-87.63186395","POINT (-87.6318639497 41.8920421365)"
"e48e33a86b87904ec8050968527a29bcc1d95e5d","e8f673c7d74913eef9b2c58975502e30884a6d7c93a80264c9ef1ee7a3a44652b66f8f74348e5f7b62dc458b19ef474b8c0801463178f03b03bd08f768c42c4e","2023-12-31T23:45:00.000","2024-01-01T00:15:00.000","1620","11.1",,,"6","38","30","0","0","0.5","30.5","Unknown","Taxi Affiliation Services","41.944226601","-87.655998182","POINT (-87.6559981815 41.9442266014)","41.812948939","-87.617859676","POINT (-87.6178596758 41.8129489392)"
"6f9899fa6b248a960572d5442018da559c192adb","90a7cf3946c408e70e8d64b08f2bc6819ae5de6159ecef3460c5287031148a66c4c0d4b6b6c53f13919fcb785db502dcd99c94fb60daa9ac6b338f01ed8c3a2b","2023-12-31T23:45:00.000","2024-01-01T00:15:00.000","940","5.02",,,"1","14","15.75","0","0","0","15.75","Cash","Flash Cab","42.009622881","-87.670166857","POINT (-87.6701668569 42.0096228806)","41.968069","-87.721559063","POINT (-87.7215590627 41.968069)"
"5f54dc81353c871c63b217a7d117c478dadc3a4b","083b7260314e48be5e10a9191da36fb2c0974b91499a5445d8a895ce901d4458b2a95e4fda48ae1ab55dfac3302268fbf967709c30ef58135041ce5d7d844065","2023-12-31T23:45:00.000","2024-01-01T00:15:00.000","1440","4",,,"28","7","15","5","0","0","20","Credit Card","Taxi Affiliation Services","41.874005383","-87.66351755","POINT (-87.6635175498 41.874005383)","41.922686284","-87.649488729","POINT (-87.6494887289 41.9226862843)"
"ed445ada05f17c5f359892eda3c329e1445b5e7b","4b034948aceedd53262ae713f864b0364953a1852b6b24669f192cad26c5014f1af0b6c87b941abb1fa93e1abbe09f70d7f02d48e5371d2c55534b68565a3060","2023-12-31T23:45:00.000","2023-12-31T23:45:00.000","4","0","17031320100","17031320100","32","32","20","5.12","0","0","25.62","Credit Card","Sun Taxi","41.884987192","-87.620992913","POINT (-87.6209929134 41.8849871918)","41.884987192","-87.620992913","POINT (-87.6209929134 41.8849871918)"
"7de7d6b1667cea33735670f88c50e9631e719f04","756721b3418247472431e2bd1022cc8ce0806af1b6b7dfeb3927318f86819fc67bf385b5829a0f13e006d05aed02020e7c1801204414d5eadf17b3e2ce71ce14","2023-12-31T23:45:00.000","2024-01-01T00:00:00.000","1138","12.08",,,"56","24","31.25","5","0","7","43.75","Credit Card","Medallion Leasin","41.79259236","-87.769615453","POINT (-87.7696154528 41.7925923603)","41.901206994","-87.676355989","POINT (-87.6763559892 41.9012069941)"
"b3f31e1c4e3673813abc423c9b2e415bdbd1b3a8","acad560bbc140c4015f4685c6559c93b61ccaf0f7d80143fa408d25169652c7b861a3be42e8fbcb91cac8da7e691489626884bc2bab1ae6015710cde1eab4e3f","2023-12-31T23:45:00.000","2024-01-01T00:30:00.000","2305","12.63",,,"8","47","37","0","0","0","37","Cash","Taxicab Insurance Agency Llc","41.899602111","-87.633308037","POINT (-87.6333080367 41.899602111)","41.728182061","-87.596475596","POINT (-87.5964755956 41.728182061)"
"5e3f05fac03791828973a9d5e273d756478e76a5","ae61536025042a43c682f2450eaa073da8c7a7f736aec5de1dde1d7e0e2c6be21402ea0d779c9b079b91c58fdccc9091ce99dbf01dbf8de1a81648a34c1f267b","2023-12-31T23:45:00.000","2024-01-01T00:30:00.000","1980","0",,,"8",,"43.75","2","0","7","52.75","Credit Card","Choice Taxi Association","41.899602111","-87.633308037","POINT (-87.6333080367 41.899602111)",,,
"8b0c9521170736856d295320d66d98038acffb21","9d5308a039a77963ed44f4b4435abd45f28eb7c4eb76694b0c22d09934295caaad8148b755db8512520ddcbaa4ad0525a545167bf95695974204e7a3ba76f625","2023-12-31T23:45:00.000","2024-01-01T00:00:00.000","824","6.48",,,"37","66","18.5","0","0","0","18.5","Prcard","Flash Cab","41.80908443","-87.632424524","POINT (-87.6324245245 41.8090844303)","41.771848515","-87.695666342","POINT (-87.695666342 41.7718485152)"
"2ab8133db10a059ff43e2abddaa7e19c20352451","c19109878e8ba25e09c0e464f8972f146c9d07502de920483fdbf2ef6686a35003a397903f3c330b3ee8f14feb74f29cb8a294bd950e9af6fed94b9dbc267aae","2023-12-31T23:45:00.000","2024-01-01T00:00:00.000","1003","10.53",,,"76","21","27.5","0","0","5.5","33","Cash","Flash Cab","41.980264315","-87.913624596","POINT (-87.913624596 41.9802643146)","41.938666196","-87.711210593","POINT (-87.7112105933 41.9386661962)"
"fa9c5a9388fe0d704452ae7bf3ccb917aa39c125","9a3b307a7d2c71565a27a2bcef5560f576240023bf21ca8b35cf00a429f4653938690dbf6a6571af275d15d15d8accabd814b25746c33c5efbdc516b6374e673","2023-12-31T23:45:00.000","2023-12-31T23:45:00.000","358","2.05",,,"76",,"8.25","2.55","0","4","15.3","Mobile","Top Cab","41.980264315","-87.913624596","POINT (-87.913624596 41.9802643146)",,,
"45b165d46f064d1c685e5fa0ff222437970114f8","c1ffe6edab518145aedcfc816682cbfdcab6ecab156dc3d5b230407ef441db82ba5ad37bcea8436642d6a67a8f92e482dc4005c529ce8d2814d31a9681001bac","2023-12-31T23:45:00.000","2023-12-31T23:45:00.000","2","0","17031833000","17031833000","28","28","20","0","0","0","20.5","Credit Card","Flash Cab","41.88528132","-87.6572332","POINT (-87.6572331997 41.8852813201)","41.88528132","-87.6572332","POINT (-87.6572331997 41.8852813201)"
"5beed53a8f8bf37104223411fef93b1aa2df46e8","644680ecf5bbb5af6329b0c9d4595c39344cd6c50fababc6e2e17811d9cfe0d67ac4a8b828340bf260428913ffd4b8b82dfaa8e1e83da0e939723ee47ae034c9","2023-12-31T23:45:00.000","2024-01-01T00:00:00.000","552","0.56",,,"32","32","6.5","2","0","1","10","Credit Card","Sun Taxi","41.878865584","-87.625192142","POINT (-87.6251921424 41.8788655841)","41.878865584","-87.625192142","POINT (-87.6251921424 41.8788655841)"
"32747746b9fd2ac09476eabaac05c588f4f4cb83","e0e1f19080d131afa810280c286bc1f57e78b48fe55e992ac816f33602973ff890905d82df0bec55f791ff66f6f3d7d366281cdb4271de2f2d2acb047b743f32","2023-12-31T23:45:00.000","2023-12-31T23:45:00.000","358","0.61","17031081202","17031081500","8","8","5.75","0","0","1","6.75","Cash","Star North Taxi Management Llc","41.902788048","-87.62614559","POINT (-87.6261455896 41.9027880476)","41.892507781","-87.626214906","POINT (-87.6262149064 41.8925077809)"
"44cbfea804abb71c37c9fc875d406b2fda4090f9","884655d853cbe41e1cdf747969f0dc5b55ed2d5f76c09ae207083297c948a813b2dd57912bfb4a6f4230556ab61363257e586827846cf2a89ff35c7c3b1c08e5","2023-12-31T23:45:00.000","2024-01-01T00:00:00.000","851","12.02",,,"49","33","30.5","0","0","0","30.5","Prcard","Flash Cab","41.706587882","-87.623366512","POINT (-87.6233665115 41.7065878819)","41.857183858","-87.620334624","POINT (-87.6203346241 41.8571838585)"
"e152a52aceb5d600a63311bbfe9b23ccdb9592dd","b56b31883524426035c290bfdbe4e038baccc814842c1003b8dba6caaa4ed640ba7bb17a6be5bbf96c6b5f6a6d3a3f0d62ea21510cadf75bca50b51c0371f60e","2023-12-31T23:45:00.000","2024-01-01T00:00:00.000","894","6.81",,,"8","3","17.3","2.02","0","0","19.32","Mobile","Sun Taxi","41.899602111","-87.633308037","POINT (-87.6333080367 41.899602111)","41.96581197","-87.655878786","POINT (-87.6558787862 41.96581197)"
"ce61e0f21271970f7bf3006d489638d1c320a62f","f7782da531b08c6ce5a1e16a8c2998f6f4f7943f29ab53713949ec17f3b4d7f8b4cd8a84da2fe7c4b0a17f1fc3439e376d3bfec25d83652dfa4468342e25f6b1","2023-12-31T23:45:00.000","2024-01-01T00:45:00.000","3845","4.98",,,"32","6","31","0","0","0","31","Cash","Taxicab Insurance Agency Llc","41.878865584","-87.625192142","POINT (-87.6251921424 41.8788655841)","41.944226601","-87.655998182","POINT (-87.6559981815 41.9442266014)"
"e765192268db3480b5d9bd0443f7ce7fd5ba047d","6f45c05aa231c9dd389ebdb65ca751cd82ef7634766017a1240d6554bf91840a924cf3cd16564a1ca643c9b1880db706d977ab5164f4b0bd030e0fff21cb3934","2023-12-31T23:45:00.000","2024-01-01T00:00:00.000","1271","4.18",,,"8","6","15.5","0","0","0","15.5","Cash","Flash Cab","41.899602111","-87.633308037","POINT (-87.6333080367 41.899602111)","41.944226601","-87.655998182","POINT (-87.6559981815 41.9442266014)"
"74ec66e70210fee0078aa53cb2f90c2282fca498","b2a007b1410c7208af92ef3a97b87c0af4c3e7b49c2b765a39fccd2f06b2f836ed410f8507081389b033082d814a0ee5598e1fa925facbc5c0d20e13b7bc0e5a","2023-12-31T23:45:00.000","2023-12-31T23:45:00.000","284","0.3",,,"8","8","9","2.22","0","0","11.22","Mobile","Flash Cab","41.899602111","-87.633308037","POINT (-87.6333080367 41.899602111)","41.899602111","-87.633308037","POINT (-87.6333080367 41.899602111)"
"c6cb3aad561e0c407239333d535a4922540f9adc","bca79085da78d157007711d04c6e06f655ee5eafb1e5b654033c2f34fcea1d1fd230b48cff6ab67c598d1baa406d0689fd207404711267f2d56fdd93e3a0e6ec","2023-12-31T23:45:00.000","2023-12-31T23:45:00.000","839","7.17",,,"76","10","19.75","5.05","0","5","30.3","Credit Card","Flash Cab","41.980264315","-87.913624596","POINT (-87.913624596 41.9802643146)","41.985015101","-87.804532006","POINT (-87.8045320063 41.9850151008)"
"fd4f3f628496b076e06a91e6933bb12489e1c65a","41ba5cfc7d59a833c94ed0b59fcc8a5f3aa5ca1b2913253ff307eec5e206809cffd5b43e04faebd9b8a259159bf14c1b672374f79f663e8a5ffea1a21349a94d","2023-12-31T23:45:00.000","2024-01-01T00:00:00.000","427","1.28",,,"24","8","9","2.22","0","0","11.22","Mobile","City Service","41.901206994","-87.676355989","POINT (-87.6763559892 41.9012069941)","41.899602111","-87.633308037","POINT (-87.6333080367 41.899602111)"
"1d518052b3bcea69bdfec3508886d7551406202d","ea8e6df913a36562d8eddf662abe7722f4c0dc08527e9819364aed7a595eb61abb3728e49185db0616deb070840f410f6672275961076b6fcacc6bdfcf9edcf1","2023-12-31T23:45:00.000","2024-01-01T00:00:00.000","1080","8.9",,,"8","40","24.5","0","0","0","24.5","Cash","Taxi Affiliation Services","41.899602111","-87.633308037","POINT (-87.6333080367 41.899602111)","41.792357223","-87.61793138","POINT (-87.6179313803 41.7923572233)"
"36fbb628f333cf2a39d450485ea41df93d5b2554","2eda36427e0a5394e90d77488294cd75e2fd87f04acb02c2db58dcfcf473ee221e5404b47fad3df4874a934c12a36244bbadb66f265cbab0c3ff00aa25ac3ed0","2023-12-31T23:45:00.000","2024-01-01T00:15:00.000","1698","14.76",,,"76","6","37.75","8.45","0","4","50.7","Credit Card","Taxicab Insurance Agency Llc","41.980264315","-87.913624596","POINT (-87.913624596 41.9802643146)","41.944226601","-87.655998182","POINT (-87.6559981815 41.9442266014)"
"9f2747ed96c9f1465b93ce1f5114c907464c5d76","c26dee3edb5d4bce731d586ef40b399162a1c3a05cb5bb035e148b89a986a90612bb81bfe1745453c85fe7ae4a859e566611067e2fb730da1c1e5ce92674dd2d","2023-12-31T23:45:00.000","2023-12-31T23:45:00.000","0","0",,,"8","8","3.25","0","0","1","4.25","Cash","Taxicab Insurance Agency, LLC","41.899602111","-87.633308037","POINT (-87.6333080367 41.899602111)","41.899602111","-87.633308037","POINT (-87.6333080367 41.899602111)"
"05729c04e16ca660907a57d29070d249408b7fcc","22b403ba1c4de25cb19049e9c08b6d1339a9eea3ec06f9bad7bca4f17a7ce1b237f980cc925abad84ec75963637c6c4c517ef5319e0db76ad7046e28f43ff9cf","2023-12-31T23:45:00.000","2024-01-01T00:00:00.000","883","4.28",,,"42","38","13.5","0","0","0","13.5","Prcard","Flash Cab","41.77887686","-87.594925439","POINT (-87.5949254391 41.7788768603)","41.812948939","-87.617859676","POINT (-87.6178596758 41.8129489392)"
"52297b62f701559c614a0b281f4e0e0dda83d39d","b5f958b8508ba66e43f28559d6d54c66b9e7a7df9b45daa10b6f3d52a461503aff391464c9bc5195733f7d35d869f76ee49056bf79049b13ac8c1e87fe889f47","2023-12-31T23:45:00.000","2024-01-01T00:15:00.000","1703","18.29","17031980000","17031320100","76","32","46.25","10.15","0","4","60.9","Mobile","Chicago Independents","41.97907082","-87.903039661","POINT (-87.9030396611 41.9790708201)","41.884987192","-87.620992913","POINT (-87.6209929134 41.8849871918)"
"1adedef3b9733f6a1859137ce37d8c685ad36cea","7d2e7cdd59237335e96b9b1a897a5e48cb4df467e6c09242b1e9461256f36aa4f9ab9649279f19ab5c8ad32ad7eb683800a0fd566f3f4fbd48323bab81908955","2023-12-31T23:45:00.000","2023-12-31T23:45:00.000","121","0.45",,,"8","8","4.25","2","0","0","6.75","Credit Card","City Service","41.899602111","-87.633308037","POINT (-87.6333080367 41.899602111)","41.899602111","-87.633308037","POINT (-87.6333080367 41.899602111)"
"cde7d22932829a7b19fb43bfd9a1d635c1e3f04e","52e8915b8a7b8851b341adb6797c3652a198b772561e9e9888d9963de61b796f60653ebdd06f44aa2fad304efb0a53160d6210b2a26fcc64b21932db0d658e32","2023-12-31T23:45:00.000","2024-01-01T00:15:00.000","1852","22.97","17031980000",,"76",,"55.5","10","0","35","101","Credit Card","Flash Cab","41.97907082","-87.903039661","POINT (-87.9030396611 41.9790708201)",,,
"7d27d382cf9f0c93d7d0bf60c14cf7ec523624a0","be7e1462a37397809dadade8e174ef3ccbc3073294df4a0c1786610d3fbbc2cd18543a46938764af03553b89897d23ee9f88307fd485162626822cd306c2fed5","2023-12-31T23:45:00.000","2024-01-01T00:00:00.000","1236","2.83",,,"28","8","13","0","0","0","13","Cash","Blue Ribbon Taxi Association","41.874005383","-87.66351755","POINT (-87.6635175498 41.874005383)","41.899602111","-87.633308037","POINT (-87.6333080367 41.899602111)"
"f74fa03a6cf8cdcf668d0726efa1671d398b4450","2fea69c8a6e08471bc4339a05e9ee7955bef68d791f77a202bd54f3ae41c805907d7ac13a89f86fac4494c976ca87883157baa32ea41f59056661884135f6bba","2023-12-31T23:45:00.000","2024-01-01T00:00:00.000","1473","9.94",,,"56",,"26.75","0","0","18","44.75","Cash","Sun Taxi","41.79259236","-87.769615453","POINT (-87.7696154528 41.7925923603)",,,
"ee7cce18a4b24e080366930ab5ec72d1aeb6556c","adb1cb74113851b651b474182fbe95a9663783779db8cca0fdc3ff7ac82cc8fe5d864b7f86a995c64e405fa6c89cd87d00b458108ebe0c62bc23c4c79e61da46","2023-12-31T23:45:00.000","2024-01-01T00:00:00.000","1310","18.23",,,"28","76","60","0","0","0","60.5","Credit Card","5 Star Taxi","41.874005383","-87.66351755","POINT (-87.6635175498 41.874005383)","41.980264315","-87.913624596","POINT (-87.913624596 41.9802643146)"
"0353da5e93e2f5f973dc685d76fcd15f6bc0256e","ad4b1730fcbfdb84e41313179a688924012db322823f487d70ffcdbf1fa0e9ec11c35045af7e7cf561db41f5a46939ab7ea0565dc6fa26a0d14f68f6f568b92e","2023-12-31T23:45:00.000","2023-12-31T23:45:00.000","12","0.57",,,"24","24","4.5","0","0","17","21.5","Cash","5 Star Taxi","41.901206994","-87.676355989","POINT (-87.6763559892 41.9012069941)","41.901206994","-87.676355989","POINT (-87.6763559892 41.9012069941)"
"e9a66ddcc78cfd79f419165314cbe5ee380f16c3","8efe74ab61de459003dcedd85c637ce11bba19bac633cde9559a4895c98d7185ce0f7742dbd8b1938151fc3cdb89a3b4234bf80bf6368654831c79cf9685b3a9","2023-12-31T23:45:00.000","2024-01-01T00:00:00.000","390","0.09",,,,,"34.86","0","0","0","34.86","Cash","Flash Cab",,,,,,
"c23cbb41a952defb103a40ca767a32c387532614","32f1eebe57165cc17acba84eb8bb85d69a063ed0e5e15e108a68bc4548403834ab9c888ed3c3d474d10a0f95d498a5a9a0ef801331a61db60adec230c48e61b0","2023-12-31T23:45:00.000","2024-01-01T00:00:00.000","1163","4.5",,,"8","6","16.25","0","0","1","17.25","Cash","Chicago Independents","41.899602111","-87.633308037","POINT (-87.6333080367 41.899602111)","41.944226601","-87.655998182","POINT (-87.6559981815 41.9442266014)"
"e2b8bea5dbc60464ff88ba8dc8b66836513101e8","884655d853cbe41e1cdf747969f0dc5b55ed2d5f76c09ae207083297c948a813b2dd57912bfb4a6f4230556ab61363257e586827846cf2a89ff35c7c3b1c08e5","2023-12-31T23:45:00.000","2023-12-31T23:45:00.000","279","1.51",,,"49","49","6.5","0","0","0","6.5","Cash","Flash Cab","41.706587882","-87.623366512","POINT (-87.6233665115 41.7065878819)","41.706587882","-87.623366512","POINT (-87.6233665115 41.7065878819)"
"3d4ad7f2659a6f86fecfee4d4f3a8559716ca894","083b7260314e48be5e10a9191da36fb2c0974b91499a5445d8a895ce901d4458b2a95e4fda48ae1ab55dfac3302268fbf967709c30ef58135041ce5d7d844065","2023-12-31T23:45:00.000","2023-12-31T23:45:00.000","0","0",,,"28","28","3.25","0","0","0","3.25","Cash","Taxi Affiliation Services","41.874005383","-87.66351755","POINT (-87.6635175498 41.874005383)","41.874005383","-87.66351755","POINT (-87.6635175498 41.874005383)"
"5bcabb19b28a7d07c1e114244476cba232dbfe78","171ec426eaf8f54c5acbb7e3fde8e0683bfa6042af0b00e428e650cd9bc909011a2517de5b32358b9cb9d9ad3d5a5b26bbb14a09f8b7f5c1c9a37fa22f26f7a7","2023-12-31T23:45:00.000","2024-01-01T00:00:00.000","463","3.29",,,"32","35","11","3","0","0.5","15","Credit Card","Flash Cab","41.878865584","-87.625192142","POINT (-87.6251921424 41.8788655841)","41.835117986","-87.618677767","POINT (-87.6186777673 41.8351179863)"
"716d7a0a2a097facc3f0f63e326830ecdf923d0a","2d72c5e6313ad93f663008a55045cad0c76164b057dcb756f23448dcfc082f616d8626020794704f296e6ad06f65837ff799930aa961729096167c5ef8612663","2023-12-31T23:45:00.000","2024-01-01T00:00:00.000","649","2.57","17031833000","17031330100","28","33","10","1","0","1","12.5","Credit Card","City Service","41.88528132","-87.6572332","POINT (-87.6572331997 41.8852813201)","41.859349715","-87.617358006","POINT (-87.6173580061 41.859349715)"
"5d78f62496278dfb2b96a1c2c6ac428f09ea1ffc","6c6606251e8d2b1609f34d755bf884c4d972ab44b47bd75faa7e533a102e1cc2eed88f9d8d25cda28aaf89c678a3b2d17640c226cbb20375fd3f79685b719945","2023-12-31T23:45:00.000","2023-12-31T23:45:00.000","65","0.04",,,"32","32","3.5","0","0","0","3.5","Cash","Flash Cab","41.878865584","-87.625192142","POINT (-87.6251921424 41.8788655841)","41.878865584","-87.625192142","POINT (-87.6251921424 41.8788655841)"
"54fe3bc76d6f88ffd68f1e435693ad97c83eaeae","3506f62ee1c70c02fe00b742679684b319d5b712182f828f14b081888056485c3bd5911f60c194bcf0fb5986bb4f04b7d169ab0fd22cb63f0906af16d431395b","2023-12-31T23:45:00.000","2024-01-01T00:00:00.000","1539","15.88",,,"46","23","40","0","0","0","40","Prcard","Sun Taxi","41.741242728","-87.551428197","POINT (-87.551428197 41.7412427285)","41.900069603","-87.720918238","POINT (-87.7209182385 41.9000696026)"
"dcfbaa5d01e81e18637185fc5e822d6a08456f59","2659a61c08f91c6efd9e7d7947a00006a7bc26aa518241786d51cb05c853cdd86fdd1adc4010867706a2daa9f0da856cb2d7a705c111d3c89e53f5499741247e","2023-12-31T23:45:00.000","2023-12-31T23:45:00.000","300","1.8",,,"76","7","7.5","4","0","1","13","Credit Card","Globe Taxi","41.980264315","-87.913624596","POINT (-87.913624596 41.9802643146)","41.922686284","-87.649488729","POINT (-87.6494887289 41.9226862843)"
"54b2e6aa52ea342d65be8a7ac93a82650e781319","4ae32e2eb244ce143800e0c40055e537cc50e3358a07ce1e877bf9f91aa6c10db986c727b9d4674705f8d124a18b05a68d07d1bc8d70e95e173f77c2c0437c22","2023-12-31T23:45:00.000","2024-01-01T00:45:00.000","4044","1.66",,,"32","8","26.25","0","0","0","26.25","Cash","City Service","41.878865584","-87.625192142","POINT (-87.6251921424 41.8788655841)","41.899602111","-87.633308037","POINT (-87.6333080367 41.899602111)"
"36323a8a14400312e7cee05020326b7bf8dc301e","624e8f2a6af3b7f032d3c40d6f925f6fc5f0bf6a358ecc7d01503a55553689cf6b36732e7d972a664d2d55e928baadb5d5d387884a6b0cf2701453f45c14a7cf","2023-12-31T23:45:00.000","2024-01-01T00:15:00.000","1440","15.4",,,"76","8","39","10.85","0","4","53.85","Credit Card","Taxicab Insurance Agency, LLC","41.980264315","-87.913624596","POINT (-87.913624596 41.9802643146)","41.899602111","-87.633308037","POINT (-87.6333080367 41.899602111)"
"2433c5101820db89c701ad242c7343d029f01bd2","6b8bec9d4caa49041a1f5d31240ff8fa2e4c571aec89212efffdb018e288409c56b8659ff555e920b65af1f26b23cffe8c63f656f9875ea1a44b393ecd40a149","2023-12-31T23:45:00.000","2024-01-01T00:15:00.000","1478","2.03",,,"28","8","10.52","2.65","0","0","13.17","Mobile","City Service","41.874005383","-87.66351755","POINT (-87.6635175498 41.874005383)","41.899602111","-87.633308037","POINT (-87.6333080367 41.899602111)"
"43dd2fec7bbaa6808d3f6ada656f5969b517c9ae","42560393a9c9b9ae28339f4b5aec77fd89bd49916ad54175d9ee679d69939f973c177065f2816d7990a6663a07270335a4a852190c3258497ba7978edced68c8","2023-12-31T23:45:00.000","2023-12-31T23:45:00.000","639","1.41",,,"24","8","8.25","4","0","1","13.75","Credit Card","Patriot Taxi Dba Peace Taxi Associat","41.901206994","-87.676355989","POINT (-87.6763559892 41.9012069941)","41.899602111","-87.633308037","POINT (-87.6333080367 41.899602111)"
"a5a598958fc186bb7c09f6eb61fc57ce7c11f898","a31d2ea87ea4f5a4793c30f84f000b0c6aad4cd956f6ea73b5628ebd509d47a7d051a0b7ccd201a550c236c42ed6e19ce5efbd4caa4bf2d1fcd77827b64b39f9","2023-12-31T23:45:00.000","2024-01-01T00:30:00.000","3121","7.63",,,"8","39","32","0","0","1","33","Cash","Flash Cab","41.899602111","-87.633308037","POINT (-87.6333080367 41.899602111)","41.808916283","-87.596183344","POINT (-87.5961833442 41.8089162826)"
"7a0cb4b197be5cf5deb7c50e91173de2cc314534","d4e172502a18df80190c19176a06c0d9344f71abdbe521e964ad99caae1c73860f3f1f7cc96e1dcac410fbe9aba385af639ef03c028b0453429bbfb67e78010b","2023-12-31T23:45:00.000","2024-01-01T00:00:00.000","1537","10.76",,,"31","77","29.75","0","0","0","29.75","Prcard","Globe Taxi","41.850266366","-87.667569312","POINT (-87.667569312 41.8502663663)","41.9867118","-87.663416405","POINT (-87.6634164054 41.9867117999)"
"011106b6114f83af0c17aace3867a464a7fc742b","4628ef9dfa973bdfe877c5aa9d9738f9dc1204e54f2f1a4cc18141f37e2e66d080533f82510a96d1525b28eee833696f7e1337e9999a38f2fd5babf71585a344","2023-12-31T23:45:00.000","2024-01-01T00:00:00.000","982","0.81","17031081800","17031081500","8","8","8.75","3","0","1","13.25","Credit Card","Chicago Independents","41.89321636","-87.63784421","POINT (-87.6378442095 41.8932163595)","41.892507781","-87.626214906","POINT (-87.6262149064 41.8925077809)"
"5bf80daf02fc3a3bab75740a1f72ebc09d4b0fe2","4cebb9edbffeb3a0eace8cccef967730a62f5a978869e216e7855270c48891c6ba7575d0ffe0fc7e5347a411f4b4149a76bb8d65812d6c0607ff975eb7c7f566","2023-12-31T23:45:00.000","2024-01-01T00:15:00.000","1323","12.94",,,"76",,"33.25","5.89","0","5.5","45.14","Credit Card","5 Star Taxi","41.980264315","-87.913624596","POINT (-87.913624596 41.9802643146)",,,
"c6510d4f82541cfacf8c20cab44fbb7c0b2c5efe","89fc6b1f0628f328ccd1021fcf4e7318bb2f9962da9259b522bde63ca44f9f201a016291bbd2801fad04845cfd5b30b954afedccb22f6c49fadda05821804a06","2023-12-31T23:45:00.000","2024-01-01T00:15:00.000","1280","8.19",,,,,"22.5","3","0","0","26","Credit Card","Flash Cab",,,,,,
"f40c2cda1cea33c2265a34b2ce1eb454067ad8d2","3618045f9110d4d88482266ade23659c1a50d32ac37f205c15614b1ada9d4ca14b171329afed5dfd81c7525bd5a05fe614cb63b2aa48d920626b519e20d9e146","2023-12-31T23:45:00.000","2023-12-31T23:45:00.000","0","0",,,"24","24","3.25","0","0","11.25","14.5","Credit Card","Taxi Affiliation Services","41.901206994","-87.676355989","POINT (-87.6763559892 41.9012069941)","41.901206994","-87.676355989","POINT (-87.6763559892 41.9012069941)"
"f9445eed26da9a0eff247350df942616cb51e764","14275cab8bb64007379de40be92944817231f63047033992a1964ce85a4a5405085b87a804736c24ecd8a334baa315255c066e271d7f73dfb756a19a24a44d25","2023-12-31T23:45:00.000","2024-01-01T00:00:00.000","585","5.02",,,"28","6","35","2","0","0","37.5","Credit Card","Sun Taxi","41.874005383","-87.66351755","POINT (-87.6635175498 41.874005383)","41.944226601","-87.655998182","POINT (-87.6559981815 41.9442266014)"
"e5c03bc6d864518431ce24706a4a9055221dc333","99ec13d5d806f5f5fa7a57910f8e38d84f90630529f2f8766d65b47caae8cb7cacf3d4bb9ca6576dfa49bc45b9f0f615e79577ace618514c9c59dc52ffbf40b6","2023-12-31T23:45:00.000","2024-01-01T00:00:00.000","1064","9.58",,,"76","12","25","0","0","5","30","Cash","5 Star Taxi","41.980264315","-87.913624596","POINT (-87.913624596 41.9802643146)","41.993930128","-87.758353588","POINT (-87.7583535876 41.9939301285)"
"a55c9af7b91b2239e4e432131062cc342f3cd2fe","dd16496faf01009b70959e7c0d5b86f9bb7f432a1771c5737f75542f886f1c16d56afc454b02a96737372836e47c77ffc172b0bdf80e13640ff9203b7d0d6dbc","2023-12-31T23:45:00.000","2024-01-01T00:00:00.000","502","0.38",,,"8","8","6.25","2","0","0","8.75","Credit Card","Medallion Leasin","41.899602111","-87.633308037","POINT (-87.6333080367 41.899602111)","41.899602111","-87.633308037","POINT (-87.6333080367 41.899602111)"
"4f2165874756524b46ba42d39db0f5c59e1c159d","f9f12d79733b1fa7934f8d9bd17ca1927f3c99ded1640bbd1c77ef4f0e8a5992897a445315545bedf550405a9c5bc5a9f4b8b03c7d06a1f36050a32c9733164d","2023-12-31T23:45:00.000","2023-12-31T23:45:00.000","9","0",,,"33","33","3.25","0","0","47","50.75","Credit Card","Medallion Leasin","41.857183858","-87.620334624","POINT (-87.6203346241 41.8571838585)","41.857183858","-87.620334624","POINT (-87.6203346241 41.8571838585)"
"cee99899eff1d446626df83a97b5b5f0571c7ec4","7d8179131ea9952793af4cda8635e94b56c2b92d3c376cd92517f7319ec4a3031207af4d7b8165367e1f8a185275814ab89c26ace551ac3bf96a04ea174371c1","2023-12-31T23:30:00.000","2023-12-31T23:45:00.000","696","1.22","17031081500","17031833000","8","28","8","2","0","0","10.5","Credit Card","5 Star Taxi","41.892507781","-87.626214906","POINT (-87.6262149064 41.8925077809)","41.88528132","-87.6572332","POINT (-87.6572331997 41.8852813201)"
"137b14b8f20d5190c0185095180c77fd982fd6c7","96c3fa383c9adacc965af778248d6ef1b3a20ada7e623e4985796abe3c1d7830790ffca74dfbf1cc755449845f215fade690da814458bd85e4387a6470acf64f","2023-12-31T23:30:00.000","2023-12-31T23:45:00.000","621","3.73",,,"28","7","12.25","2.21","0","2","16.96","Credit Card","Flash Cab","41.874005383","-87.66351755","POINT (-87.6635175498 41.874005383)","41.922686284","-87.649488729","POINT (-87.6494887289 41.9226862843)"
"a78aa1e4ef278e2e98ea9e63d9fccae2089da45f","bf66d006c4634bdc6c98ee6d505187ed750e647a6b4d1cc7e6fa4c719d50ccd3e5968d0122c6667b2250d861b153392c24deaab293d88c5f04ba686a32486c8d","2023-12-31T23:30:00.000","2023-12-31T23:45:00.000","1088","0",,,"22","22","15.83","0","0","0","15.83","Mobile","Flash Cab","41.92276062","-87.699155343","POINT (-87.6991553432 41.9227606205)","41.92276062","-87.699155343","POINT (-87.6991553432 41.9227606205)"
"72a4b6cd9eef54b6dd1c1331103e2f1afcff3b57","e1cf6c401b0eff9128dad27435a344db33ed69d2be0a63a302a476bc9e332e10fbb4351f7bdb0db10288b691e1375e5f1aae4859451d3d65a68eac5bbce01e61","2023-12-31T23:30:00.000","2023-12-31T23:30:00.000","13","0.02",,,"28","28","35","0","0","0","35","Cash","5 Star Taxi","41.874005383","-87.66351755","POINT (-87.6635175498 41.874005383)","41.874005383","-87.66351755","POINT (-87.6635175498 41.874005383)"
"464648d7f0698fa7c8634bc378e1acba3e133ff1","ba00e9e869bec19b8a1fda607747c69673802b3a468e206af24177b03010903f9231c91fb51e4aed7d5bab4ce8d015445ef30c2e83b8a57d7438f824ce5bde84","2023-12-31T23:30:00.000","2024-01-01T00:00:00.000","1411","11.05",,,"76",,"30","0","0","6","36","Cash","Flash Cab","41.980264315","-87.913624596","POINT (-87.913624596 41.9802643146)",,,
"8add9e56f15ef826b84ecda4588981c54d856e9e","a1b762f1aec578cc84bb53bb095eaf9dffd68e6ad0c27187418462087e8a9568a8d98ced316271f1c63b26edf81376ed74f30eb4869d06bbec089b7698205d61","2023-12-31T23:30:00.000","2024-01-01T00:00:00.000","1088","5.51",,,"22","8","17.25","4.69","0","1","23.44","Credit Card","Flash Cab","41.92276062","-87.699155343","POINT (-87.6991553432 41.9227606205)","41.899602111","-87.633308037","POINT (-87.6333080367 41.899602111)"
"0b122bac1143d0b09f69e4f73c26a8790a82274c","2130bc5fd239a4e3b304662424fb4cc7db0ca7abf78cc548f0ca8a6cee8fc3cb2e029cbd0db9a48b47c50cbb864ec1b70fd438dde4b789123292c8f4cbcf166f","2023-12-31T23:30:00.000","2023-12-31T23:45:00.000","1500","13.7",,,"76","7","34.25","0","0","5","39.25","Cash","Taxi Affiliation Services","41.980264315","-87.913624596","POINT (-87.913624596 41.9802643146)","41.922686284","-87.649488729","POINT (-87.6494887289 41.9226862843)"
"23b2563887178f500070d18bd9b6491b299c87d6","3f2bfdbb4c8687efc1618f15effbc93f8f04b12d712e38eb50122901937e5564ba654f42b7808a0f6b8ac0ac22de43db0ad4b192bc40d88c096050042667d8d3","2023-12-31T23:30:00.000","2023-12-31T23:45:00.000","1125","0.73","17031081201","17031081403","8","8","9.75","0","0","1.5","11.25","Cash","Choice Taxi Association Inc","41.899155613","-87.626210532","POINT (-87.6262105324 41.8991556134)","41.890922026","-87.618868355","POINT (-87.6188683546 41.8909220259)"
"6668969fdcb4e289f7c099f4042fc8ac31dbfc20","ee4f6cc4f34fd53727da7a1cf6fa1f33a4d4f02b4fd08529e6097647f2fff997d946756dcda2e43a90c496ce32dfd685b505bdc580a013759dccd839233f4f1e","2023-12-31T23:30:00.000","2024-01-01T00:45:00.000","5010","19.18",,,"56","77","63","0","0","5","68","Cash","Sun Taxi","41.79259236","-87.769615453","POINT (-87.7696154528 41.7925923603)","41.9867118","-87.663416405","POINT (-87.6634164054 41.9867117999)"
"1c2e46f0c01f595b849d8ec132a0e27bf61c5847","9cae57fb9925db7129ad7b4d5019accd722057dada60f5da055468d5a2fc51ec80f6acb71fc34d503d9f119e2c06e5a027fc510c6d560fa0ace11a0c5c7672fe","2023-12-31T23:30:00.000","2023-12-31T23:45:00.000","962","0.9",,,"8","8","9","0","0","2","11","Cash","Sun Taxi","41.899602111","-87.633308037","POINT (-87.6333080367 41.899602111)","41.899602111","-87.633308037","POINT (-87.6333080367 41.899602111)"
"ed59a2b85933b8086d71aa55c04f85bbfa3f37c6","698ec513d27602fcd211bb62440a555a3f23bebbe3b2a1ec9ba6466a63bab46628c6dc1622de7c3dcbe4b0f98a7048c9fb07ae9c8a1572f432db4df68b1a4803","2023-12-31T23:30:00.000","2024-01-01T00:00:00.000","1504","13.51",,,"76",,"34.5","8.4","0","7","50.4","Credit Card","Taxicab Insurance Agency Llc","41.980264315","-87.913624596","POINT (-87.913624596 41.9802643146)",,,
"805e8aaf39b9409b159b26e670123e05f3c7c908","7f9a6d676afea5d94d661cacb40cefdd6b22f62663754236d997eb86e59a7ac8238eef593c6a4f9ed765cf644a7d1e64b946c935824fb5295bc604d6f0af8bb2","2023-12-31T23:30:00.000","2023-12-31T23:30:00.000","382","1.64",,,"3","4","7.25","0","0","0","7.25","Cash","Globe Taxi","41.96581197","-87.655878786","POINT (-87.6558787862 41.96581197)","41.975170943","-87.687515515","POINT (-87.6875155152 41.9751709433)"
"07f7fd6bba7ac8f06452753d7f2120171c1b91a4","390210c789e65184cf389dd3484688acf1956ab0c6618362f43f2f60da01b8b3a2afb54349a98fa29c22d66ef23d7dd607493da0c78794b18893cc57b8af4799","2023-12-31T23:30:00.000","2024-01-01T00:15:00.000","2400","1","17031980000","17031320100","76","32","45.75","5","0","4","54.75","Credit Card","Taxi Affiliation Services","41.97907082","-87.903039661","POINT (-87.9030396611 41.9790708201)","41.884987192","-87.620992913","POINT (-87.6209929134 41.8849871918)"
"5a4367045e68c8c74719692a26fd699b8550f468","56a1119c6ca57e39525cf06829f9ecff553cf4b5ac24821259d086c8ab30406ec45ae77335c646417897d2f4916479c3ed8b6313c2ccb9fb3fc248a4c3387800","2023-12-31T23:30:00.000","2023-12-31T23:30:00.000","15","0","17031081403","17031081403","8","8","3.25","0","0","0","3.25","Cash","Medallion Leasin","41.890922026","-87.618868355","POINT (-87.6188683546 41.8909220259)","41.890922026","-87.618868355","POINT (-87.6188683546 41.8909220259)"
"e151cf39ae70e33ac5df78ac76ca2c3706216321","913c95ba782fa447b7c55fbfc38d040907d13e7ddf7282a75fe448d2a25082dcdab927cd930805ea14e62bc534d5288669b15f73751bd43a746cc9e3bbddb2f4","2023-12-31T23:30:00.000","2023-12-31T23:45:00.000","830","2.66",,,"7","28","10.5","0","0","0","11","Credit Card","Flash Cab","41.922686284","-87.649488729","POINT (-87.6494887289 41.9226862843)","41.874005383","-87.66351755","POINT (-87.6635175498 41.874005383)"
"71b979039f90cbbce7f70da28d42700ed5b9edf9","8123ec5a70681a139fcd93fd477eec0ee05dda8298774835a80496c9e90fbb9443e5d116ba283712e1dec8fdaf9c8acb0f69a77dc20170984c5b380aa8ae3f96","2023-12-31T23:30:00.000","2023-12-31T23:30:00.000","45","0.06",,,"8","8","3.5","3","0","0","7","Credit Card","Globe Taxi","41.899602111","-87.633308037","POINT (-87.6333080367 41.899602111)","41.899602111","-87.633308037","POINT (-87.6333080367 41.899602111)"
"41c76c236e73d93e922387a98861fb5abcc72547","2e7f98f477c93ec4c458c0f46cad563cc83e813d5ebc0dc2b60c2fb8907ff808ff6b033d283097aea82bff81f2e1d8a0494154963acca3df2bde798570693440","2023-12-31T23:30:00.000","2024-01-01T00:45:00.000","4810","5",,,"28","28","9.37","15","0","0","24.37","Mobile","Sun Taxi","41.874005383","-87.66351755","POINT (-87.6635175498 41.874005383)","41.874005383","-87.66351755","POINT (-87.6635175498 41.874005383)"
"17c2cbd2baf77f39f761cba2956b2608ca6d7a7d","bafa1b6d1946bb2f096463e43229f35a67c0e333e15251cd1f353f54f9b83d8cc9f5d5d784be0c050a095c90e702193a2b62355b6b0f61d6f8bc0a19241eecef","2023-12-31T23:30:00.000","2024-01-01T00:00:00.000","1064","1.53",,,"32","8","10","3","0","9.5","23","Credit Card","Flash Cab","41.878865584","-87.625192142","POINT (-87.6251921424 41.8788655841)","41.899602111","-87.633308037","POINT (-87.6333080367 41.899602111)"
"6e7eb555369abd38aef8c363c226306d11973f2b","511d5a90fddd5d591ca80c1c2969c190f8ad2997c0b6e9d1776a3864f2536814f53b603888e6ca6fa11e0e8625b02db335ef976a9a36e8d35b7d714e38e55bef","2023-12-31T23:30:00.000","2024-01-01T00:00:00.000","1178","7.33",,,"49","70","21","0","0","0","21","Prcard","5 Star Taxi","41.706587882","-87.623366512","POINT (-87.6233665115 41.7065878819)","41.745757713","-87.708365704","POINT (-87.7083657043 41.7457577128)"
"2678df55f045c695cd7f94e33691437b18a46d82","477e2191cd2213e2db9413d810936b2f24a73c8e5270594c724f811dbe4cfea5b58519d789ac8fb30d3ac6ee375721019e2e793a889be528f59327e0cc32ea94","2023-12-31T23:30:00.000","2023-12-31T23:45:00.000","600","2.7",,,"2","77","10","0","0","0","10","Cash","Taxi Affiliation Services","42.001571027","-87.695012589","POINT (-87.6950125892 42.001571027)","41.9867118","-87.663416405","POINT (-87.6634164054 41.9867117999)"
"a2136304c06eeb1897684e0402905d1d2b528cc8","42560393a9c9b9ae28339f4b5aec77fd89bd49916ad54175d9ee679d69939f973c177065f2816d7990a6663a07270335a4a852190c3258497ba7978edced68c8","2023-12-31T23:30:00.000","2023-12-31T23:30:00.000","239","0.7",,,"28","8","5.25","2","0","1","8.75","Credit Card","Patriot Taxi Dba Peace Taxi Associat","41.874005383","-87.66351755","POINT (-87.6635175498 41.874005383)","41.899602111","-87.633308037","POINT (-87.6333080367 41.899602111)"
"c1ceb076a92dd1b1467fcab50474243192e257f5","1f4ebbfdcaa03dba403f6f41c2434baa8cd6583b0fde7311dd977d7d9bc51eb46187b3daf6dfef2aacf267e31e99af2543047a8e743ddab23c7265e4f6d4b5e6","2023-12-31T23:30:00.000","2023-12-31T23:45:00.000","722","3.89",,,"22","8","10.64","5","0","0","15.64","Mobile","Star North Taxi Management Llc","41.92276062","-87.699155343","POINT (-87.6991553432 41.9227606205)","41.899602111","-87.633308037","POINT (-87.6333080367 41.899602111)"
"ef9aabfd57aa87f78421e37dcc6225790e777cb6","093e9e4c05ea53bf75c51763839d5f5bd5d1785c11ee5ec5e805c14bcb833c9fbfd81ab2b7874a85cba14046e54062335b2221738a0bb0bf1ddcfe83a7efa382","2023-12-31T23:30:00.000","2024-01-01T00:00:00.000","1920","3.76","17031081201","17031330100","8","33","18","0","0","0","18","Cash","City Service","41.899155613","-87.626210532","POINT (-87.6262105324 41.8991556134)","41.859349715","-87.617358006","POINT (-87.6173580061 41.859349715)"
"bdb3a185915415969458eeaf805d9a0012252754","3b95cedc13d4a99243e1974616a6a25267c25878336faa586d4372370c847c3618753718dca887e3713efb476a5af11bc5f5a86c9785c9f749ca45f3f8be4764","2023-12-31T23:30:00.000","2023-12-31T23:45:00.000","480","0","17031839100","17031833000","32","28","7.5","0","0","0","7.5","Cash","Taxi Affiliation Services","41.880994471","-87.632746489","POINT (-87.6327464887 41.8809944707)","41.88528132","-87.6572332","POINT (-87.6572331997 41.8852813201)"
"daed3f1e3c0cd866cca1f50fe0513d250ea80eff","f9bc93a0ba6b1f18c9709a96c99bb9c5a99054b1711f80ddfe986a0f78a02470f146c48fd7d66bf74fe374f53d032676cb2fb7871afce4314dfdac97d4f22d32","2023-12-31T23:30:00.000","2024-01-01T00:00:00.000","1674","8.3",,,"28","77","25.25","6.44","0","0","32.19","Credit Card","City Service","41.874005383","-87.66351755","POINT (-87.6635175498 41.874005383)","41.9867118","-87.663416405","POINT (-87.6634164054 41.9867117999)"
"e9dfed1215cf9b95d528aabfdd3cab775b255913","0bea3de3c36237d68b009b24ee3db86c78e9e618a73a3b5776e5f4bba06775f91b3520db910d24b97d577e57c4372f5d9d2eb58d338f3a0add0e37c0f71f6701","2023-12-31T23:30:00.000","2023-12-31T23:30:00.000","660","0.9","17031081700","17031081201","8","8","7.25","0","0","0","7.25","Cash","Taxi Affiliation Services","41.892042136","-87.63186395","POINT (-87.6318639497 41.8920421365)","41.899155613","-87.626210532","POINT (-87.6262105324 41.8991556134)"
"4ed88a9a63c57ba4df1b6f66be2a41769c6fe70e","31be1d0f5781cd789da14c7d6ad558cc03898eba376986b37fcf99ca374f385f3f557b62e778548489089f190323d42d930107aa672ebcb0417cfd8251814487","2023-12-31T23:30:00.000","2024-01-01T00:00:00.000","1591","3.81",,,"32","6","17.5","4","0","2","24","Mobile","Flash Cab","41.878865584","-87.625192142","POINT (-87.6251921424 41.8788655841)","41.944226601","-87.655998182","POINT (-87.6559981815 41.9442266014)"
"d949547c3f9f0bbce64bce18b50cca6df60f88f2","b52493d43f7de565ab5eaaa0b1238709ac2073a9cdd626a411f99151188aa290435bada1d7c0119f6423891cbc9c3ce5c9ddd4ed068bca8e8aaf75cedacb9f0d","2023-12-31T23:30:00.000","2023-12-31T23:45:00.000","900","7.9",,,"76","12","22","5.3","0","4","31.3","Credit Card","Taxi Affiliation Services","41.980264315","-87.913624596","POINT (-87.913624596 41.9802643146)","41.993930128","-87.758353588","POINT (-87.7583535876 41.9939301285)"
"bfbc39a914248481c0b5c4899d1d0ca4f54f9851","d2a9362483decbe7b2d28d38ff371f05fafd542a60e8c9e4d5e3150e2c0b41b9e2b69e561807859b9ccb8c0f27922c183460b9f858df03f53b9656b8b829ceb1","2023-12-31T23:30:00.000","2024-01-01T00:00:00.000","2168","23.1","17031980000","17031839100","76","32","57.5","0","0","5","62.5","Cash","Flash Cab","41.97907082","-87.903039661","POINT (-87.9030396611 41.9790708201)","41.880994471","-87.632746489","POINT (-87.6327464887 41.8809944707)"
"756868f75a12053582c34cbb14bf607f49b06386","e5274d6c103515af3ce705182d0bbbea7ca077a6f23b1736254f2de8ba3e1687dd77f5fb541b7f00b1ebc24cfde54caf5a9562f046a0559acbfe1e7159e17c1a","2023-12-31T23:30:00.000","2023-12-31T23:45:00.000","719","1",,,"8","8","8","0","0","1","9","Cash","Globe Taxi","41.899602111","-87.633308037","POINT (-87.6333080367 41.899602111)","41.899602111","-87.633308037","POINT (-87.6333080367 41.899602111)"
"e8473ad9fa9148bc0feaccfe68caaeef0ca1f648","259d38cfdbc9ac6f9bb01f0df740e0ddf4a631a70bbdd6525862b20b7ed0e0554dbbde64c2955b8b6f41468c8970e5507490db36348f884461783472621bda08","2023-12-31T23:30:00.000","2023-12-31T23:30:00.000","480","1.5",,,"8","8","7.5","0","0","1","8.5","Cash","Taxicab Insurance Agency, LLC","41.899602111","-87.633308037","POINT (-87.6333080367 41.899602111)","41.899602111","-87.633308037","POINT (-87.6333080367 41.899602111)"
"7480fc80a1a071f2c62682cec145b6ce79d33888","666aeba23a02b10b520eb6afc723a1949cd58f0720b363a080443aa82049c0b737b80983e73cbfd94fb2c48b89d4bc0a3970fd2703681f9b609aebd527b1ae05","2023-12-31T23:30:00.000","2023-12-31T23:45:00.000","996","11.67",,,"2","24","30","0","0","1","31","Prcard","City Service","42.001571027","-87.695012589","POINT (-87.6950125892 42.001571027)","41.901206994","-87.676355989","POINT (-87.6763559892 41.9012069941)"
"e9b1cfd8bc49629663f84f697badf17a88b7ab1f","bb4e75d3065311c33024a434640731c43fd2cf9e4482eb9e17cbf9f0ff0ed005455ffe22797df66b7467489a738e7be52c5983e16615b31c7c1d6af3ee0eb965","2023-12-31T23:30:00.000","2024-01-01T00:15:00.000","1920","1.2",,,"24","74","50","0","0","0","50","Cash","Taxi Affiliation Services","41.901206994","-87.676355989","POINT (-87.6763559892 41.9012069941)","41.694878966","-87.713192497","POINT (-87.7131924966 41.6948789661)"
"a96c2ef996a9458f48eecfe4f62e2fcb0790cb9d","e8d374b4e7bc344add5893f1a1ae3b611823439ac1caf06087c4bf2cb6fe114201a38c49646f2851d86f9e73c21c1e99f29903cceb84612fd1118e3224528b2b","2023-12-31T23:30:00.000","2023-12-31T23:45:00.000","720","0.4",,,,,"7.5","0","0","0","7.5","Cash","Taxi Affiliation Services",,,,,,
"1c8522538197a95bfdae40ff3f82f6a7894023f9","8f4cde3f6d55c38289233d1679f415c6442273549398887146c6322c8410b29bb3b72514e950e4f7fd080c47f88a53fa8454f8662ae92f84de30fb3da315fa89","2023-12-31T23:30:00.000","2023-12-31T23:30:00.000","260","0.46",,,"8","8","5","0.82","0","0","6.32","Mobile","Chicago Independents","41.899602111","-87.633308037","POINT (-87.6333080367 41.899602111)","41.899602111","-87.633308037","POINT (-87.6333080367 41.899602111)"
"b819f56e53b38f9d75067716f5701a3bdbae8761","422aa525858cddde977f39fa4e58947555918726746ebd72be48d2a2d09af86e2b5e5318fea36ecc84de5b6af8354307064e73672f67e4bc907dcabc21e61c09","2023-12-31T23:30:00.000","2023-12-31T23:45:00.000","1020","0.2",,,"28","7","12.75","0","0","0","12.75","Cash","Taxi Affiliation Services","41.874005383","-87.66351755","POINT (-87.6635175498 41.874005383)","41.922686284","-87.649488729","POINT (-87.6494887289 41.9226862843)"
"de5e1fc2ebc09d6c56a83685e61b15d582059d2b","8be2c5887fd81a4918e0464359436d6fc5ed1dbbe4f5b0317403a4ead72c95b37979d3534c5ede73a29ceace53bdc820f692587ba4a88f651de93b329e4cf2f8","2023-12-31T23:30:00.000","2024-01-01T00:00:00.000","1320","16.3",,,"76","28","40","8.9","0","4","52.9","Credit Card","Taxi Affiliation Services","41.980264315","-87.913624596","POINT (-87.913624596 41.9802643146)","41.874005383","-87.66351755","POINT (-87.6635175498 41.874005383)"
"6d1341863ee73e418760a40a1bfad46e1e6339a5","fe3f654450472e6aa241347b9ebb7f78ce4628a0069cfcfa8586e2389a5e43d50a248cc6cedf81acd3a433f0180589e28deb4b0960fa10db9cb184adf7cfa765","2023-12-31T23:30:00.000","2023-12-31T23:45:00.000","568","5.81",,,"8","3","16.75","0","0","0","16.75","Cash","Sun Taxi","41.899602111","-87.633308037","POINT (-87.6333080367 41.899602111)","41.96581197","-87.655878786","POINT (-87.6558787862 41.96581197)"
"64dac14673d844321553985433c9765272282e59","3b95cedc13d4a99243e1974616a6a25267c25878336faa586d4372370c847c3618753718dca887e3713efb476a5af11bc5f5a86c9785c9f749ca45f3f8be4764","2023-12-31T23:30:00.000","2023-12-31T23:30:00.000","240","0","17031281900","17031839100","28","32","5","0","0","2","7","Credit Card","Taxi Affiliation Services","41.879255084","-87.642648998","POINT (-87.642648998 41.8792550844)","41.880994471","-87.632746489","POINT (-87.6327464887 41.8809944707)"
"694db672a6cb75c74c34cef42eb64cbd498f3de5","3aca3a7b083a44e1120981e53fa0e59afab7f01786ac2c239d6625b7f1f51ece25ca67c5c5aff7f8426a2fed917f96e397bcf854ba7ffcd9b30b495b1c817b9c","2023-12-31T23:30:00.000","2023-12-31T23:45:00.000","926","1.55",,,"8","8","9.75","0","0","0","9.75","Cash","Flash Cab","41.899602111","-87.633308037","POINT (-87.6333080367 41.899602111)","41.899602111","-87.633308037","POINT (-87.6333080367 41.899602111)"
"67c59f10cb7632ff981b65a920a1157a4f7add97","520ceeda508661c3d09a4d7b85c955a6c971d0cca9c10936450315bf07cfc7f0c334d10f0d2be8d8ba66d4887381ef8b8835156c66b214d1ebd25a3578eda23f","2023-12-31T23:30:00.000","2023-12-31T23:45:00.000","834","4.73",,,"6","1","15.25","2.36","0","0","18.11","Credit Card","Flash Cab","41.944226601","-87.655998182","POINT (-87.6559981815 41.9442266014)","42.009622881","-87.670166857","POINT (-87.6701668569 42.0096228806)"
"31d7a0a2911bc86baf48f934197cda050806051e","1f075315f5906824cc9566de5f650935e00f9e027a96a762ec054da18ab0df0da8545aa03f56beef36aa82c9ab4659b9e86bee6a78395a94beacdbd23d2035cb","2023-12-31T23:30:00.000","2023-12-31T23:45:00.000","753","1.77","17031081201","17031081800","8","8","9","0","0","0","9","Cash","5 Star Taxi","41.899155613","-87.626210532","POINT (-87.6262105324 41.8991556134)","41.89321636","-87.63784421","POINT (-87.6378442095 41.8932163595)"
"d67028d47f957f856f2ffa6209431fb6bbf970c6","f54b11bc86d1ab32945f60547e15cbdc14a3b017b2a0ee92fcf22f9e378c5ed919e3d8aca21c82570c0d3562f9d87efc3db6b319a8c2b7ceb722043ebdefb769","2023-12-31T23:30:00.000","2024-01-01T01:00:00.000","5334","11.6",,,"33","3","49.5","0","0","0","49.5","Prcard","Blue Ribbon Taxi Association","41.857183858","-87.620334624","POINT (-87.6203346241 41.8571838585)","41.96581197","-87.655878786","POINT (-87.6558787862 41.96581197)"
"e1968da25611d8cee47d5088502f9ab1c76877c8","56a1119c6ca57e39525cf06829f9ecff553cf4b5ac24821259d086c8ab30406ec45ae77335c646417897d2f4916479c3ed8b6313c2ccb9fb3fc248a4c3387800","2023-12-31T23:30:00.000","2023-12-31T23:30:00.000","4","0","17031081403","17031081403","8","8","15","0","0","0","15.5","Credit Card","Medallion Leasin","41.890922026","-87.618868355","POINT (-87.6188683546 41.8909220259)","41.890922026","-87.618868355","POINT (-87.6188683546 41.8909220259)"
"8ba185fc0479eaf65eb3f025de678de60d546446","57fa54b44d1e25d82c1de3200158c2475a894490b1c32c4b5356e694a3d15f896fc0ffebb9422cc1875ebd24a578bd9e80d7143e444d36e8ec39f08f19bad982","2023-12-31T23:30:00.000","2023-12-31T23:45:00.000","749","1.2",,,"8","8","8.25","0","0","0","8.25","Cash","Sun Taxi","41.899602111","-87.633308037","POINT (-87.6333080367 41.899602111)","41.899602111","-87.633308037","POINT (-87.6333080367 41.899602111)"
"9f072b4e70e16ebb84b0a2f6ff718150ecc3e345","00f4b381570486f8575cbaa57ed41f116ed2e1f9d85f73bb2f6dba13a72541761d2ad4cb1727990d97795a2b0bdd99f0e4a8826245c81dac443cebb1c19b26fb","2023-12-31T23:30:00.000","2024-01-01T00:15:00.000","2460","1.1",,,"56","3","48.25","16.4","0","6","70.65","Credit Card","Taxi Affiliation Services","41.79259236","-87.769615453","POINT (-87.7696154528 41.7925923603)","41.96581197","-87.655878786","POINT (-87.6558787862 41.96581197)"
"50e7502b5dff2579a804e3a3b7217d34a68e9d9a","cb8ce6a62c9c71e6f09795896fd6642dbb6be0250085fad80d9b9a68577c68a7715a3fab15b1d273e22c4a2d49940b3cad27de2b70c28d1f21e4a07473962f3f","2023-12-31T23:30:00.000","2024-01-01T00:00:00.000","1051","12.73",,,"76","76","32.25","0","0","22","54.25","Cash","Taxicab Insurance Agency Llc","41.980264315","-87.913624596","POINT (-87.913624596 41.9802643146)","41.980264315","-87.913624596","POINT (-87.913624596 41.9802643146)"
"97059ca7943e828e9b3b5da926d6f27d6ddc9f30","f81c929ea7d9107e6de8bd7ee335f42563b3413e967e98288480648a66455138dcdcde8b46b353ca4d6c287be49cd3087636ba13de6b7db6db3854c2ac8a157f","2023-12-31T23:30:00.000","2023-12-31T23:45:00.000","240","0.9",,,"7","7","5.25","0","0","1","6.25","Cash","Taxi Affiliation Services","41.922686284","-87.649488729","POINT (-87.6494887289 41.9226862843)","41.922686284","-87.649488729","POINT (-87.6494887289 41.9226862843)"
"8a7afa9526a4f94ac7a417ee55090a30dfb8c1c7","d4578429775c32e03fb5139e1d132b91be7e27af9675e7f85ce275a01ac4f7f7c7c93b5b965fb15e31c2a8ad5eb448c2d188a39e8e443ad920b1c96381782214","2023-12-31T23:30:00.000","2023-12-31T23:45:00.000","814","0.65","17031081201","17031081500","8","8","8","0","0","1","9","Cash","Taxicab Insurance Agency Llc","41.899155613","-87.626210532","POINT (-87.6262105324 41.8991556134)","41.892507781","-87.626214906","POINT (-87.6262149064 41.8925077809)"
"15a9950367a6023fcd9830bc1170ed90cd579082","a109fba2e815112c26832ff506072be742be30a295285adcd37658c6b8cef0ae72d09b67375ec15ef55bd3c3e350c826a80e7829ebfcbab25cfc6bfc5118a0fa","2023-12-31T23:30:00.000","2023-12-31T23:30:00.000","306","1.65",,,,,"9","2.81","0","0","11.81","Mobile","Sun Taxi",,,,,,
"6be0efd956926d6600d23f45470d638f3c5c01c3","c797f1560410b9db343567ea7c8e4095f66ceb65800fa466623d4695efdf3151679fb9bfe88ee18d47096e518c23d9c517e741de11df233e4c4bc11da8c3d8b1","2023-12-31T23:30:00.000","2023-12-31T23:45:00.000","578","2.63",,,"4","77","9.75","4","0","0","14.25","Credit Card","Flash Cab","41.975170943","-87.687515515","POINT (-87.6875155152 41.9751709433)","41.9867118","-87.663416405","POINT (-87.6634164054 41.9867117999)"
"5df43fc02ee7bab30ad1fd0f0d503dbe93ef16f4","6b6dc04e7b06da4f1dc50dee727d9ef2d1c2df22a009b44ba04c006d6dc61a1dd90cf2bca0b3e86e383183d495d4e25681dd4dc5e65c952c9614cc1913f95767","2023-12-31T23:30:00.000","2023-12-31T23:45:00.000","218","0.51",,,"8","8","9","1.67","0","0","10.67","Mobile","Sun Taxi","41.899602111","-87.633308037","POINT (-87.6333080367 41.899602111)","41.899602111","-87.633308037","POINT (-87.6333080367 41.899602111)"
"7ceecb5c00a6b878280a1212f75b0cd832f9b92c","f1ed8794238deb1c8f7c3759aa096ae20e3e769cc4c9ad6b0b5622db04a03ad19f07235a1fb70f90e0402c5d563ced420495c06f0ecb27469bc95d56af5841c8","2023-12-31T23:30:00.000","2024-01-01T00:00:00.000","2236","2.13","17031081403","17031320600","8","32","16.75","4.56","0","1","22.81","Credit Card","Flash Cab","41.890922026","-87.618868355","POINT (-87.6188683546 41.8909220259)","41.870607372","-87.622172937","POINT (-87.6221729369 41.8706073724)"
"cc3f3f6214a8b4ad9f15f472e0ea734b441728fa","599e7935e8f7321862152296420d8552c36d7fe97517f0bec1048c18ed7f2a434e06c55f5e16e5ec5d1da15f02eb49079258d610b196bd9eb0cf4183166878e4","2023-12-31T23:30:00.000","2023-12-31T23:45:00.000","776","4.3",,,"56","30","13.75","4.81","0","5","24.06","Credit Card","Flash Cab","41.79259236","-87.769615453","POINT (-87.7696154528 41.7925923603)","41.839086906","-87.714003807","POINT (-87.714003807 41.8390869059)"
"a4d44dd31babbf742d35571b483e2f8ab7f5256a","0cae7ec64456b1830bd58df1991f046410f5506cf28b3aa16b6d5c4940b44ff0ca069324233093161b43d212c2c5eac61536cfa6e3284117bb62ee4105e945b1","2023-12-31T23:30:00.000","2023-12-31T23:30:00.000","0","0",,,"77",,"3.25","0","0","0","3.25","Cash","Taxi Affiliation Services","41.9867118","-87.663416405","POINT (-87.6634164054 41.9867117999)",,,
"3c95dd3eb81784e10964187207fb9f35a98b9f05","bba5f37ade350fb6c866cabf5b33ba4511258aab201707393c797bb2d966b4c4054b1bbcb42d8a46640ddb69b377c3ddb57b9ca84e0f0e5f71256e370a41f795","2023-12-31T23:30:00.000","2024-01-01T00:00:00.000","1138","17.01",,,"76","28","41.25","9.35","0","5","56.1","Credit Card","Flash Cab","41.980264315","-87.913624596","POINT (-87.913624596 41.9802643146)","41.874005383","-87.66351755","POINT (-87.6635175498 41.874005383)"
"9245f041dd4d4074bd5652ee19c4354121a7491b","9400757c30cc4592f54bcd4d10f8cb2a5db5bd507f285fd365de4e15488c0949522b140dddf750a438bba104b1d5a04129d8c9c9a0fc0e4690b582d5a51390f8","2023-12-31T23:30:00.000","2024-01-01T00:00:00.000","1768","4.44",,,"33","32","19.25","0","0","1","20.25","Cash","Flash Cab","41.857183858","-87.620334624","POINT (-87.6203346241 41.8571838585)","41.878865584","-87.625192142","POINT (-87.6251921424 41.8788655841)"
"d115aa399492b5b2bd4faed5d6c4fd36122918aa","24d4c5e51d147aecbb7c4a1ad70c38dbc05c7b4485f6de4b41fee5ea270228859c19c4160b101df87b889acc5cc7ab49b5e0491676026518677d34ea81f76591","2023-12-31T23:30:00.000","2023-12-31T23:45:00.000","1038","10.24",,,"76","14","27","9.75","0","5","42.25","Credit Card","Taxicab Insurance Agency Llc","41.980264315","-87.913624596","POINT (-87.913624596 41.9802643146)","41.968069","-87.721559063","POINT (-87.7215590627 41.968069)"
"844571c9c59790e5d51ee7416505ee42ae725d85","78893d83a12762723e5a8ef770b3fb541e9b2cd8d4316d708a441760143a4ef1e313205a8801abec9e7a152b970f673d3f9b990c228de3a6499b933d7e9aedc9","2023-12-31T23:30:00.000","2024-01-01T00:00:00.000","1860","10.7",,,"28","3","30","0","0","0","30","Unknown","Choice Taxi Association","41.874005383","-87.66351755","POINT (-87.6635175498 41.874005383)","41.96581197","-87.655878786","POINT (-87.6558787862 41.96581197)"
"700fe164ac68aacf9f42833098986d946a90aa74","4001d6fc76fe3a71893de1de252a2dc07252f72e7869580755891b07b9725dda84847dbb0cd96eba5d66194f6fa232c7de105592c5e13e107dc32ced89edd1b4","2023-12-31T23:30:00.000","2024-01-01T00:45:00.000","3755","4.97",,,"28","28","27.5","0","0","0","30","Cash","Sun Taxi","41.874005383","-87.66351755","POINT (-87.6635175498 41.874005383)","41.874005383","-87.66351755","POINT (-87.6635175498 41.874005383)"
"c38ed8ec5467492783aed71363709b87a31ac8d9","a62df4e9bfec5f3babb7922b1346263cce5c3116fa5fa3465e4845b94774ef86b30bb243f80f396cf2211d7e3309028193f159567ee341b44d39dc3a1f5495f9","2023-12-31T23:30:00.000","2024-01-01T00:00:00.000","1204","4.79",,,"6","15","15.75","0","0","0","15.75","Cash","Medallion Leasin","41.944226601","-87.655998182","POINT (-87.6559981815 41.9442266014)","41.954027649","-87.763399032","POINT (-87.7633990316 41.9540276487)"
"e92cbef122dee337d7502c7177916016d36e964b","847cf962bd6f62040673e6c24c24940aeb2d7fdaa54677eed6a0aaa4aeef61984916b32d763b4baa6c32476531543bb77e2346cd64f505618f6b9d562243f950","2023-12-31T23:30:00.000","2023-12-31T23:45:00.000","720","1.4","17031081700","17031320100","8","32","8.25","4","0","1","13.25","Credit Card","Taxi Affiliation Services","41.892042136","-87.63186395","POINT (-87.6318639497 41.8920421365)","41.884987192","-87.620992913","POINT (-87.6209929134 41.8849871918)"
"8d6fc4bdcd887cd4606d4d9e1f1df19c6af7e677","ae708f295169b3a30fb94aaaf518cd93baae96390a510818b099c3683ab683ffc707c14e395ba3a482d73d03e3ef7b075cb46723930374f2c56c9cc15d9d324f","2023-12-31T23:30:00.000","2023-12-31T23:30:00.000","233","0.7",,,"8","8","5.25","1.55","0","2","9.3","Mobile","Blue Ribbon Taxi Association","41.899602111","-87.633308037","POINT (-87.6333080367 41.899602111)","41.899602111","-87.633308037","POINT (-87.6333080367 41.899602111)"
"aa31ae6e712e0a21598087799a7439a280301056","82bc059c3b13e97341f941d60f772ae9f83687498e91f7c399644ec42449cced734834174cb0a29955229b910c3c9810dc67997226ce38a8600bf7f24d149423","2023-12-31T23:30:00.000","2023-12-31T23:30:00.000","5","0",,,"32","32","25","5.1","0","0","30.6","Credit Card","5 Star Taxi","41.878865584","-87.625192142","POINT (-87.6251921424 41.8788655841)","41.878865584","-87.625192142","POINT (-87.6251921424 41.8788655841)"
"bd52d1e528ccc2204781c5d4f91699a5d3023560","7f9134f3f8ee8c217f4fc14b7beb8d56af92f9faf4d8495d0d8ee689f071d136b84816414fd0d043fbb7249da2828f22131ae00c0cda728fabaa61f42ca79572","2023-12-31T23:30:00.000","2023-12-31T23:45:00.000","676","2.44",,,"28","8","9","1.48","0","0","10.48","Mobile","Flash Cab","41.874005383","-87.66351755","POINT (-87.6635175498 41.874005383)","41.899602111","-87.633308037","POINT (-87.6333080367 41.899602111)"
"b8f99264a52fe95e5160333451d51cd83f3b34c8","924ad289d7377302678c3954095a96778a3a5b2a9a2a69d5335f59ff00e672ea71a0d95fe058ecfa5d53fb86dc1eba63a1af3e51ab33ec04e8b5a679c91f564b","2023-12-31T23:30:00.000","2023-12-31T23:45:00.000","1380","0",,,"76","24","41","0","0","5","46","Cash","Taxicab Insurance Agency, LLC","41.980264315","-87.913624596","POINT (-87.913624596 41.9802643146)","41.901206994","-87.676355989","POINT (-87.6763559892 41.9012069941)"
"1f692bf7d166f973cbe557deb14ccdfc5bdb2872","58c784c628cc2b0b77468e6a406acea729301abbc17a6240eed68ac3b5ce5a9378deffab5b2b940db6c83e7c9553eacd8fdb8d10593e071cefffe2b388af3bd7","2023-12-31T23:30:00.000","2023-12-31T23:45:00.000","919","4.55",,,"6","8","13.99","2.95","0","0","16.94","Mobile","Taxicab Insurance Agency Llc","41.944226601","-87.655998182","POINT (-87.6559981815 41.9442266014)","41.899602111","-87.633308037","POINT (-87.6333080367 41.899602111)"
"55ef17293313b70c1d31a7c7e01d55cd46b9215f","54ab53ea65bdfb30a1d764d23fa4f40261b6d8a657125abb18bb2d51deb130f318cf86d6595dd4fda9ce4ddbdfffe93384bb37326ff39d3a78da8a382a4b4d81","2023-12-31T23:30:00.000","2024-01-01T00:00:00.000","1699","18.29",,,"76",,"45.5","0","0","30.5","76.5","Credit Card","Flash Cab","41.980264315","-87.913624596","POINT (-87.913624596 41.9802643146)",,,
"d12be01c208e273389ccc1f306cbd9cc98bfc73d","f6aac57dbd69c58200d6fb22bbffe1343ca6ea5eece073d452f97009803408626e6357e405c35bffde1495f078c83419ca0378e26d8dca04c6b81644638cefc9","2023-12-31T23:30:00.000","2023-12-31T23:45:00.000","1260","0.2",,,"6","8","16.5","0","0","0","16.5","Cash","Taxi Affiliation Services","41.944226601","-87.655998182","POINT (-87.6559981815 41.9442266014)","41.899602111","-87.633308037","POINT (-87.6333080367 41.899602111)"
"54846bcfa73b6da911f4acb780592ef899bbd1e4","92a78c8b1d09e1d7668d08f04825e490957dcdfe6448e53dcf7e6aff13e8668e8da251fac85c4ce0adaabc228aa899a368bfb9c28bfb6302a88384464dd933c6","2023-12-31T23:30:00.000","2023-12-31T23:45:00.000","745","1.92",,,"33","32","12.08","3.02","0","0","15.1","Mobile","Chicago Independents","41.857183858","-87.620334624","POINT (-87.6203346241 41.8571838585)","41.878865584","-87.625192142","POINT (-87.6251921424 41.8788655841)"
"0461556275a2f90fef2846c888e307f18d61619f","f00d106f080740440a044de0fd1561940ac9c072959efbd41316924715f02f3f80112489e0b64dce7e3adccf57be97842ce34105b7888d99a666f38bb1227753","2023-12-31T23:30:00.000","2024-01-01T00:00:00.000","1066","11.51",,,"37","49","30.25","0","0","0","30.25","Cash","Taxicab Insurance Agency Llc","41.80908443","-87.632424524","POINT (-87.6324245245 41.8090844303)","41.706587882","-87.623366512","POINT (-87.6233665115 41.7065878819)"
"a1383cbd5fab084a75d9a0c6302d33e3cb6104d3","b4ac2893286a7c3a55df851a3732ea65d7fb82e1da7a19f728a71651761babfd88544152301073319650be263fd4e1aabc072601e6f452daf22ceb764f8d70d5","2023-12-31T23:30:00.000","2023-12-31T23:45:00.000","475","0.45",,,"8","8","6","0","0","1","7","Cash","City Service","41.899602111","-87.633308037","POINT (-87.6333080367 41.899602111)","41.899602111","-87.633308037","POINT (-87.6333080367 41.899602111)"
"1f1f64bd60d0210daa0b564f73ff8a5a9096a863","dd16496faf01009b70959e7c0d5b86f9bb7f432a1771c5737f75542f886f1c16d56afc454b02a96737372836e47c77ffc172b0bdf80e13640ff9203b7d0d6dbc","2023-12-31T23:30:00.000","2023-12-31T23:45:00.000","1276","1.07",,,"32","8","10.75","4","0","2","17.25","Mobile","Medallion Leasin","41.878865584","-87.625192142","POINT (-87.6251921424 41.8788655841)","41.899602111","-87.633308037","POINT (-87.6333080367 41.899602111)"
"04ef6b2bf7295765e8e848f8526e0bf5271190f7","e8b60c43eaaae4c1bad2c23e45e93ad77c1e85d3a2f13d15a8ccaf2356d362920ab210c276a4cc794a29a4b7a2d38a2d095ab2554425339a57d7e2421cfeb0e6","2023-12-31T23:30:00.000","2024-01-01T00:00:00.000","1654","14.76",,,"56","6","38.25","3","0","5","46.75","Mobile","Sun Taxi","41.79259236","-87.769615453","POINT (-87.7696154528 41.7925923603)","41.944226601","-87.655998182","POINT (-87.6559981815 41.9442266014)"
"d77600d094cb2a30f8c2da8ac9e7fd286b94e8c1","a0cdba8d4e07e8a004a922fcafc76fb8f0105e33b923470f5d4fcb5da605c8a1c260654d038e830f2f94af40f49b296e88e4754a2cf30611d17d423db46bc433","2023-12-31T23:30:00.000","2023-12-31T23:30:00.000","616","1.96",,,"8","7","9","2.14","0","0","11.14","Mobile","Taxicab Insurance Agency Llc","41.899602111","-87.633308037","POINT (-87.6333080367 41.899602111)","41.922686284","-87.649488729","POINT (-87.6494887289 41.9226862843)"
"d45e012bbd6fffa5ffa8aba12b6d61961c89e9e0","73052f4ccaf4e0fa9178722e491f8e5eda869f56e08aa4d659ef38139d36bd69df925ac00c96564af9fc30db0c616fb4c9312cb3ba36fe8c8cdd470750d4681d","2023-12-31T23:30:00.000","2024-01-01T00:00:00.000","1320","0",,,"56","28","25.5","5.02","0","4","34.52","Credit Card","Taxi Affiliation Services","41.79259236","-87.769615453","POINT (-87.7696154528 41.7925923603)","41.874005383","-87.66351755","POINT (-87.6635175498 41.874005383)"
"25673a4d3eec252bdb482b4460411e7b7f7f3af3","c531f081cad817a366cbae2254ce7a3bb370394b3b0f1399dfc8781333c3565ca188035bbff4d1d7652181b79712c103d01ab168cb6ca2580f2da4b324cb00a5","2023-12-31T23:30:00.000","2023-12-31T23:45:00.000","630","3.6",,,"32","8","11.75","2","0","0","14.25","Credit Card","Flash Cab","41.878865584","-87.625192142","POINT (-87.6251921424 41.8788655841)","41.899602111","-87.633308037","POINT (-87.6333080367 41.899602111)"
"dd01d2cbf95e044799a49c5988de327fd0b4ed2f","b875e9e053d893ee490e723c96773ed5f81c0a2339545f941b006167253d2bd537c68266a6c87ecda89948c234e7ae93ae51869767a4e8345492b407ab62e424","2023-12-31T23:30:00.000","2023-12-31T23:45:00.000","637","3.96",,,"8","6","13","4.35","0","1","18.85","Credit Card","Taxicab Insurance Agency Llc","41.899602111","-87.633308037","POINT (-87.6333080367 41.899602111)","41.944226601","-87.655998182","POINT (-87.6559981815 41.9442266014)"
"5a20f9b5e8f1551072736360b889341a8fc6bf01","66d3807bc1b0bcf7c3b90c19f7c13356cdd60995199804afe2355e2736bf4a56d616f7f783596da3bdcb6b755c43d8b26818486f213604c04b6ebbcd9b99abc8","2023-12-31T23:30:00.000","2023-12-31T23:45:00.000","1122","0.83",,,"8","8","9.75","0","0","0","9.75","Cash","Flash Cab","41.899602111","-87.633308037","POINT (-87.6333080367 41.899602111)","41.899602111","-87.633308037","POINT (-87.6333080367 41.899602111)"
"cb026ca7cca9c89c7bf96c3efcd12376b2800fc3","4477f5eda3c0c9379d7526db1b5029184a7d75a2adcad3b338b20c83f351865360b02546bc50125c663edc0ed86b206261dc50f7f002199e4d0880802c51311d","2023-12-31T23:30:00.000","2023-12-31T23:45:00.000","1028","5.45",,,"8","6","17","4.38","0","0","21.88","Credit Card","Medallion Leasin","41.899602111","-87.633308037","POINT (-87.6333080367 41.899602111)","41.944226601","-87.655998182","POINT (-87.6559981815 41.9442266014)"
"85c072b6f1ab5f49439d990eacd524cd1294d9f9","ba6d0f35891edcd565a8a422ae7dcf92468e995bee7d880a33aac2e940584d874a618bd31bd008cc1613debbb47d58fa29955594d4fc7c6e480ce52cd3783472","2023-12-31T23:30:00.000","2024-01-01T00:00:00.000","1284","0.89",,,"8","32","10.75","0","0","0","13.25","Cash","Taxicab Insurance Agency Llc","41.899602111","-87.633308037","POINT (-87.6333080367 41.899602111)","41.878865584","-87.625192142","POINT (-87.6251921424 41.8788655841)"
"f5a967dffe8f39f37445121d235a09fe2d2d922c","58a80cdb3c9c1a43c90bb9b1d4faa5da222f6b7cf92bc55bd4d0ab6293924f7516091832597425ff50cf147f0f60631bbf079aa4cbd467a437deae0324fbdb9a","2023-12-31T23:30:00.000","2023-12-31T23:30:00.000","360","0",,,"32","33","9","2.22","0","0","11.22","Mobile","5 Star Taxi","41.878865584","-87.625192142","POINT (-87.6251921424 41.8788655841)","41.857183858","-87.620334624","POINT (-87.6203346241 41.8571838585)"
"5221c2c1313c260b05cdfc52c18daa2e7b465fd8","84522a85ee58de9e1dfd59459786cf9459b11889128b6ab448b516a63b55658098ecaed02c599c4960d1e188567ddcccff16e4f352c1cc0c9aa8b13c5ca913cd","2023-12-31T23:30:00.000","2024-01-01T00:00:00.000","1440","0.1",,,"32","8","12.75","4.25","0","1","18","Credit Card","Taxi Affiliation Services","41.878865584","-87.625192142","POINT (-87.6251921424 41.8788655841)","41.899602111","-87.633308037","POINT (-87.6333080367 41.899602111)"
"229c6562682a655676c2456efaed8bf01af5eaf5","389f01c14b097ed951468ff163ccc71ebcb99a27e523e9d77f95a210c2eef5302033dd81e9729d042345026cdb4b589a30f1e05553813a3249052e9ec657deb0","2023-12-31T23:30:00.000","2023-12-31T23:45:00.000","1159","4.2",,,"24","8","11.82","2.79","0","0","14.61","Mobile","Medallion Leasin","41.901206994","-87.676355989","POINT (-87.6763559892 41.9012069941)","41.899602111","-87.633308037","POINT (-87.6333080367 41.899602111)"
"5d2ae013c62378a8475db8cc0df0462e9d50c2c8","19ccfdbec42380e8beda815e0a69bd92aaec6bc398264321fc2709fc30341d7d104e9690095764df21562c26e35ee94b3e9e0696ce56918b09640c245a4d9121","2023-12-31T23:30:00.000","2024-01-01T00:00:00.000","2280","3.6",,,"28","6","34.25","7.15","0","1","42.4","Credit Card","Taxicab Insurance Agency, LLC","41.874005383","-87.66351755","POINT (-87.6635175498 41.874005383)","41.944226601","-87.655998182","POINT (-87.6559981815 41.9442266014)"
"ce3d8fe7f1f0906a2502c728358705f6f547d872","6898e40854937399e0ef25dad63740d21b20593439090721b2f747b039ab24c5e74ebda726b98515a4b4c6b7dd9f87717cfc7c1b52e3a8b4d52245214f09d229","2023-12-31T23:30:00.000","2023-12-31T23:30:00.000","16","0.02",,,"28","28","35","5.32","0","0","40.82","Credit Card","Flash Cab","41.874005383","-87.66351755","POINT (-87.6635175498 41.874005383)","41.874005383","-87.66351755","POINT (-87.6635175498 41.874005383)"
"73914d182735a317e312dce99cce4c782cf651e6","3edf5aaee7cd5378f854cca9e574820e57badb93344e0c367b70b3e39f3efb4484a3da00e6553a0c711580349369dab3969adb9845c6fd8bc63cce362a80da8f","2023-12-31T23:30:00.000","2024-01-01T00:00:00.000","1127","3.02",,,"32","33","13.25","0","0","1","14.25","Cash","5 Star Taxi","41.878865584","-87.625192142","POINT (-87.6251921424 41.8788655841)","41.857183858","-87.620334624","POINT (-87.6203346241 41.8571838585)"
"4217b4294b07c71d6ec538a192beb8c0f8fd59cc","4ae32e2eb244ce143800e0c40055e537cc50e3358a07ce1e877bf9f91aa6c10db986c727b9d4674705f8d124a18b05a68d07d1bc8d70e95e173f77c2c0437c22","2023-12-31T23:30:00.000","2023-12-31T23:30:00.000","787","0.84","17031839100","17031081403","32","8","8","2","0","0","10.5","Credit Card","City Service","41.880994471","-87.632746489","POINT (-87.6327464887 41.8809944707)","41.890922026","-87.618868355","POINT (-87.6188683546 41.8909220259)"
"80a20de6178e033ff4dc834976efb841ad44e6d9","3c2a8736d7be1396beb9d0e34807d4065e49a3d4bc122973cb57c0fc17f368bf67257d13b361990468de3dce22d71f660701dffdc49011226e2cbb815601b69f","2023-12-31T23:30:00.000","2024-01-01T00:15:00.000","2309","0",,,"8","40","23.45","0","0","0","23.45","Mobile","Flash Cab","41.899602111","-87.633308037","POINT (-87.6333080367 41.899602111)","41.792357223","-87.61793138","POINT (-87.6179313803 41.7923572233)"
"2dd70f98375c7cb3c438216f737beb54a9cb65ed","a9761eac91e87c33b580e7b120c5cc0bde3b3cbe65a70a75a3754e82ff40d74b5b165d734ed6ec8e1c66235bde8564f3c2efd051a393a5daea12ee02bab2ae95","2023-12-31T23:30:00.000","2024-01-01T00:00:00.000","1278","15.63",,,"76","7","39.25","8.75","0","4","52.5","Credit Card","Medallion Leasin","41.980264315","-87.913624596","POINT (-87.913624596 41.9802643146)","41.922686284","-87.649488729","POINT (-87.6494887289 41.9226862843)"
"6e4b90a0b97dc9381316ffde390110a9fae30770","e5e1bb9c3329c0f9bd1f291cb9bbbb016731c148fefca85429f46a6a23eb37223db2c4c23bcefc804a1735cc2aeaf20d84363b9e68edc05c89d81bef73d80eb8","2023-12-31T23:30:00.000","2023-12-31T23:45:00.000","953","8.09",,,"28","41","22","0","0","0","22","Prcard","Flash Cab","41.874005383","-87.66351755","POINT (-87.6635175498 41.874005383)","41.794090253","-87.592310855","POINT (-87.592310855 41.794090253)"
"232484ecaaf4922530d0cd7bee453b2d0e3b7af1","fb0ce19e30e712c77c57cfdb6ef729c2d2ad73225d9ec3b541ddab78f8a281a073a93fd94232bb4c2397cade115fb3727045daeb602fcefd00df53cf6da9d563","2023-12-31T23:30:00.000","2023-12-31T23:30:00.000","661","3.47",,,"8","6","12","2.5","0","0","15","Credit Card","Flash Cab","41.899602111","-87.633308037","POINT (-87.6333080367 41.899602111)","41.944226601","-87.655998182","POINT (-87.6559981815 41.9442266014)"
"97d0f9bb2bc7aed4e8c84da3444743f9f1256d32","f1c4fb891f4812fb2865e801d2185b401283b34401b71f25cafc8b108f48241363276826a3fe8f4830d1979de0179f5850a26e115de686d6af99b79e66218656","2023-12-31T23:30:00.000","2024-01-01T00:00:00.000","1680","0.6",,,"28","77","30","5","0","1","36","Credit Card","Taxi Affiliation Services","41.874005383","-87.66351755","POINT (-87.6635175498 41.874005383)","41.9867118","-87.663416405","POINT (-87.6634164054 41.9867117999)"
"4a9231d72b3319db0508eb26b96dd27caf5084eb","3d4d650b0b10ca90ad2b4ac59a5f5b5f6d7bec7485211b2a41f1f63c5b83edd5b2efb7bf7290bddb0ddd12a91d0c89738767d70f47cfb1689686936a376031db","2023-12-31T23:30:00.000","2023-12-31T23:45:00.000","369","3.49",,,"8","6","11","0","0","1","12.5","Credit Card","Flash Cab","41.899602111","-87.633308037","POINT (-87.6333080367 41.899602111)","41.944226601","-87.655998182","POINT (-87.6559981815 41.9442266014)"
"9ca870a06a41bcf8a0472890df4d404d7d592d5d","42e3ec7750e4be6e56c47bcdefe5cb86ddb0d0c65bcf4d09773512b3e854ed08adeacdad835a4e92a8ca871021858984bb70a72c1dc17d22b49d2f664a6e0fd2","2023-12-31T23:30:00.000","2024-01-01T00:00:00.000","1399","16.2","17031980000","17031839100","76","32","40.25","0","0","29","69.25","Cash","Taxicab Insurance Agency Llc","41.97907082","-87.903039661","POINT (-87.9030396611 41.9790708201)","41.880994471","-87.632746489","POINT (-87.6327464887 41.8809944707)"
"cab8410b2d60210e11fa09bc929a1a6ba0696084","e533bfdc483206f9c02c1c879a118d88f0a3ca1cd2703f3cf88e318716bbbb0c71d5f1c5f86b042b4ee1a06dbc750fa840acec0ebaf5fc1d90edbdc215114a1d","2023-12-31T23:30:00.000","2024-01-01T00:00:00.000","1736","17.38","17031980000","17031081201","76","8","53.94","0","0","0","53.94","Cash","Flash Cab","41.97907082","-87.903039661","POINT (-87.9030396611 41.9790708201)","41.899155613","-87.626210532","POINT (-87.6262105324 41.8991556134)"
"fc955fb2be6161f771c45ab35fd37b08e13dc1f6","d461dc72b7a599bfba3f33fae867f5530e0c5aa5c200d89b4a5cbd270da1eba6488b76e3ce70a8371b8242f3529dd35a1230f16dc7e7bf2626243840f6261b97","2023-12-31T23:30:00.000","2023-12-31T23:45:00.000","1046","0.61","17031320100","17031839100","32","32","9.25","2","0","0","11.75","Credit Card","Taxicab Insurance Agency Llc","41.884987192","-87.620992913","POINT (-87.6209929134 41.8849871918)","41.880994471","-87.632746489","POINT (-87.6327464887 41.8809944707)"
"e5a95980c93db9637da0b940fb1bdb3be47166ca","2d5970d2ce86bb2ea404275fbdd5fce016b817e71997614162a332641f9f7ab200a73fc14415ef76efa5eaf9877158da4da6f88a4f789c48710c1a23d6774602","2023-12-31T23:30:00.000","2023-12-31T23:30:00.000","352","0",,,"6","6","9","2.78","0","0","11.78","Mobile","Flash Cab","41.944226601","-87.655998182","POINT (-87.6559981815 41.9442266014)","41.944226601","-87.655998182","POINT (-87.6559981815 41.9442266014)"
"2997403f5ccda13f1314a0e314f99ff78aa2cd17","8abbb35e4243b2c590b027d424e6552a61356f54609f161ee910a3ea7435204298a60907247ed4a12c070e53455ba95d3a03424844a8bc1741806917679a7a60","2023-12-31T23:30:00.000","2023-12-31T23:45:00.000","915","6.28",,,"8","5","16.81","3.92","0","0","20.73","Mobile","Taxicab Insurance Agency Llc","41.899602111","-87.633308037","POINT (-87.6333080367 41.899602111)","41.947791586","-87.683834942","POINT (-87.6838349425 41.9477915865)"
"6ede890339b9db28cce204e37f36a312c2f073d1","3f46ef398d3308fb9794b8c5de450a88439d16c47b77b79398f0e84b804e7aad4789cb5ee08f74c8b7f89a444653706802a31cfdc8b99d3867a16794641fb759","2023-12-31T23:30:00.000","2023-12-31T23:30:00.000","56","0.03","17031980000",,"76",,"3.5","0","0","0","3.5","Cash","Sun Taxi","41.97907082","-87.903039661","POINT (-87.9030396611 41.9790708201)",,,
"30143b385ba865d82edb4b7c7b92f165f4ac135f","4e04293a1ab799479725ae45fabd3c04bb33c9e46ad0de3d23c6d077663bed16a4e0f9e3ceb87af3395a629618b17d38dea49b6468bd88f9dee683481fe4944a","2023-12-31T23:30:00.000","2024-01-01T00:00:00.000","2210","8.67",,,"32","77","22.68","5.25","0","0","27.93","Mobile","Star North Taxi Management Llc","41.878865584","-87.625192142","POINT (-87.6251921424 41.8788655841)","41.9867118","-87.663416405","POINT (-87.6634164054 41.9867117999)"
"b1a91a0cbb11e273aa8fe96eaf32cb26389570cf","c0d525ee45b1b77f1fcc69c7c56ff91661795d15482cc46a75ca8164ea25736a32169b1ba73fb5eee3ee98e629942c90ed23a5998f29bfe050afd3a08608a9a9","2023-12-31T23:30:00.000","2023-12-31T23:45:00.000","1140","0.1",,,"32","8","11.5","0","0","2","13.5","Cash","Taxi Affiliation Services","41.878865584","-87.625192142","POINT (-87.6251921424 41.8788655841)","41.899602111","-87.633308037","POINT (-87.6333080367 41.899602111)"
"857431e974f83ec3d4701b1ebbe640b92b57eaab","e0e1f19080d131afa810280c286bc1f57e78b48fe55e992ac816f33602973ff890905d82df0bec55f791ff66f6f3d7d366281cdb4271de2f2d2acb047b743f32","2023-12-31T23:30:00.000","2023-12-31T23:30:00.000","178","0.37",,,"8","8","4.25","0","0","1","5.25","Cash","Star North Taxi Management Llc","41.899602111","-87.633308037","POINT (-87.6333080367 41.899602111)","41.899602111","-87.633308037","POINT (-87.6333080367 41.899602111)"
"ce0f3501cd03c9e1795241db4da2a1285559f906","1de191ccc486f8d0e0e6b25a03d592e58ed4511cfed79e912c895802cb808ea9a2d609cc77a536d7ad6431160a92d39dc6b79ec88381059d540f95215364582e","2023-12-31T23:30:00.000","2024-01-01T00:00:00.000","1260","11.2",,,"76","2","29","5","0","4","38","Credit Card","Taxi Affiliation Services","41.980264315","-87.913624596","POINT (-87.913624596 41.9802643146)","42.001571027","-87.695012589","POINT (-87.6950125892 42.001571027)"
"e1739faf183448c03ab821871c96de984ace8697","552720f76dd5338d0cf254f8eb4045839a5501e095a0d34fee849df1633dce909ed9b7e001b6e904f64f5b235fc56377ef450dd8c29f16fcbd7a7c2116386654","2023-12-31T23:30:00.000","2023-12-31T23:45:00.000","1048","0.88","17031081202","17031081500","8","8","9.5","0","0","1","10.5","Cash","Choice Taxi Association Inc","41.902788048","-87.62614559","POINT (-87.6261455896 41.9027880476)","41.892507781","-87.626214906","POINT (-87.6262149064 41.8925077809)"
"bcab4490118535b7135fe1394c37507df7f6ad90","3665a72ee495b03f4dae72307dc6e5e58e21518f77d8e67dcd386c3b9daa1a0db86555cef4a877234542af8d1c0da6fa7a28a4e0e643e382236470d569d78668","2023-12-31T23:30:00.000","2024-01-01T00:00:00.000","1800","14.6",,,"76",,"37","8.7","0","6","51.7","Credit Card","Taxi Affiliation Services","41.980264315","-87.913624596","POINT (-87.913624596 41.9802643146)",,,
"f9cf4a0600645490f06e9ef7f4bc71d8b43c14ff","2ec5c47128a98f946f5f1382680e6e48752eb935542ad1a4c677c6087f0f7cfbdb58bf0e89266831de58c84ee070dab506aae0a96ff1ce2eb9858737f172aef1","2023-12-31T23:30:00.000","2023-12-31T23:30:00.000","478","2.07",,,"8","7","8.25","1.95","0","1","11.7","Mobile","Chicago Independents","41.899602111","-87.633308037","POINT (-87.6333080367 41.899602111)","41.922686284","-87.649488729","POINT (-87.6494887289 41.9226862843)"
"423a20f1f20ae8db6b426abf1f79c3ddf265a769","d94f7ec4baf6952b7f0ac3422c0acddedae3828ade423e9566b14f55c000fd08354c5e1fee325d25b22fd049075f1327971299da88af65b9232fdf6ca0e51ab1","2023-12-31T23:30:00.000","2024-01-01T00:45:00.000","4860","0",,,"8",,"0","0","0","0","0","Cash","Choice Taxi Association","41.899602111","-87.633308037","POINT (-87.6333080367 41.899602111)",,,
"def29bf345ae8a1e6107edc1f59d42a3781fdd4b","19bdccbc936f2f02882b69fd9e71ad97b9e783ba96a8c3b7a9d74a663cb1cd5f074aeab77e616155a3d5e642c1a665289f25b4fd1639ab153f98c864b782d8ff","2023-12-31T23:15:00.000","2023-12-31T23:30:00.000","775","1.99",,,"6","3","9.5","0","0","0","9.5","Cash","Flash Cab","41.944226601","-87.655998182","POINT (-87.6559981815 41.9442266014)","41.96581197","-87.655878786","POINT (-87.6558787862 41.96581197)"
"69e971361441747a07ea509090c486b1e90f2cc5","6ac56232b10298edfb36d568c8f7e71db5a741c2f31c81985b330d81204f52dd0464af1383eacefc4d2c9b7c0bf5e38c29e8433f3e6f5401f3783be477b0fcc6","2023-12-31T23:15:00.000","2023-12-31T23:15:00.000","391","0.84","17031080300","17031081100","8","8","9","1.67","0","0","10.67","Mobile","Sun Taxi","41.90749193","-87.63576009","POINT (-87.6357600901 41.9074919303)","41.900221297","-87.629105186","POINT (-87.6291051864 41.9002212967)"
"c8ce30946636d9763c0432161532c7afa4cdfa35","00aeef49089b36ed668920fac1119a26fb25d1b48102a4dc6bf45f047cefc5c1e87a28305bd2da49582cda238fbb08da8babca9683b416ead9e43e8bf958ce54","2023-12-31T23:15:00.000","2023-12-31T23:45:00.000","1620","0.8",,,"76","3","36.25","8","0","4","48.25","Credit Card","Taxi Affiliation Services","41.980264315","-87.913624596","POINT (-87.913624596 41.9802643146)","41.96581197","-87.655878786","POINT (-87.6558787862 41.96581197)"
"7b9aa8e6f668cf8eb1bd6546ca2fc956263eec3f","a8107c5481ea5eed4d6fa93cd1648f3f69c6822a6fff49ffd923bb75143c36a7f99d7a4af12ec68d9a85591a64671de48d14ba70d22501698b01747effc01cb1","2023-12-31T23:15:00.000","2023-12-31T23:30:00.000","903","1.03",,,"8","8","8.75","0","0","1.5","10.25","Cash","Chicago Independents","41.899602111","-87.633308037","POINT (-87.6333080367 41.899602111)","41.899602111","-87.633308037","POINT (-87.6333080367 41.899602111)"
"05d65d453d91796867c360d27c41b443edb69cf7","6246eb8a405bf567621bf47fbcbf5325b7e8132f1d88362c54a4f224b47b8a0449d690357dc2323b6e36eea2354ec55cafe32d2d6d657748c10be1df49f6aa04","2023-12-31T23:15:00.000","2023-12-31T23:30:00.000","1561","15.7",,,"56","44","40","0","0","6","46","Cash","Taxicab Insurance Agency Llc","41.79259236","-87.769615453","POINT (-87.7696154528 41.7925923603)","41.740205756","-87.615969523","POINT (-87.6159695226 41.7402057565)"
"310e2d2e0849e7d7f4bf48cd5e811fc822cc9b85","b50eb90cadd2a392b75b725c90d6784b429ca6854e0947174523caaaed12df1e0828a8018739983be35007dc9b24ee0e3b1e098373528584a5a8c2e60bbb3ae6","2023-12-31T23:15:00.000","2023-12-31T23:30:00.000","995","10.15",,,"76",,"27","0","0","7","34","Cash","Medallion Leasin","41.980264315","-87.913624596","POINT (-87.913624596 41.9802643146)",,,
"f6b74c3b517b805f253a9aa65b6155ffd1bc6ef0","eddec198962a7737ebf2d9cbc621da2f8ff2f636499af0be1355e163888b228cd8a43997c0ada5376f46c940c41027448c30b6d63b63a6707e00c121ac104fbc","2023-12-31T23:15:00.000","2023-12-31T23:30:00.000","685","5.33",,,"8","3","14.1","1","0","0","15.1","Mobile","City Service","41.899602111","-87.633308037","POINT (-87.6333080367 41.899602111)","41.96581197","-87.655878786","POINT (-87.6558787862 41.96581197)"
"fd0ffa48d982624836156cd22199b81509684bb1","e2d8418fcdb061eee0a4318fba0a6a1200aaff0143feb0a74c7175a02ec7afca09f8c24de278cd0dee124d29dbfb2796407d069b90dfc13353d5d4ed02ecb0d5","2023-12-31T23:15:00.000","2023-12-31T23:15:00.000","84","0.09","17031081500","17031081500","8","8","3.5","0","0","0","3.5","Cash","Chicago Independents","41.892507781","-87.626214906","POINT (-87.6262149064 41.8925077809)","41.892507781","-87.626214906","POINT (-87.6262149064 41.8925077809)"
"03a4a117345a7a858f7997b08be86d85c57e6a44","0c16d63294bfa9a1d6452cfaf53bd8479acb2161f88c3f49cfc760ef4964b9b717e7695b79231a7dae2dc16e9aa22d4ad0feaa49138d1b15a7607e2e9c2b3286","2023-12-31T23:15:00.000","2023-12-31T23:30:00.000","559","2.59",,,,"2","9.63","2.02","0","0","11.65","Mobile","Chicago Independents",,,,"42.001571027","-87.695012589","POINT (-87.6950125892 42.001571027)"
"9b13ba3b070403eff762c57ef66f1960b836621a","52c3ffa685a3b5ced3d16461deec5a0326086bee3d8f6a3699460f1c2c1dae0b239fbbb9b9cece5401785fcf9b4a378ff9675f32598bb94fb26898c1cc2289bc","2023-12-31T23:15:00.000","2023-12-31T23:30:00.000","535","0.83","17031081600","17031081403","8","8","5","0","0","0","5","Cash","Sun Taxi","41.892072635","-87.628874157","POINT (-87.6288741572 41.8920726347)","41.890922026","-87.618868355","POINT (-87.6188683546 41.8909220259)"
"78eb44c4fec5525a4cbb7042b63d854524c5c45a","de8e8659ceb9eb0da842a46b60c0a5207098ac69fc23ab1d6308a50a42e719c1b9d233d3b57a3591ee5789f9cc7e22e81496194980774e8035033e0788ec2633","2023-12-31T23:15:00.000","2023-12-31T23:45:00.000","2161","1.43","17031320100","17031081800","32","8","15.75","3.65","0","2","21.9","Credit Card","Sun Taxi","41.884987192","-87.620992913","POINT (-87.6209929134 41.8849871918)","41.89321636","-87.63784421","POINT (-87.6378442095 41.8932163595)"
"65d2bba2e61ff8f7a452244f8ee92792ac7690fa","643bb93d2492e6eda6e928f41ec8e1cb906c3d8bf0dbd9ce7fde2198df5f74ad6159ef5666261e8ebb11e028a0c6f237ca96cccb30ef17857338822abb5f4bf7","2023-12-31T23:15:00.000","2023-12-31T23:30:00.000","756","3.22",,,"8","7","11.75","0","0","0","11.75","Cash","Sun Taxi","41.899602111","-87.633308037","POINT (-87.6333080367 41.899602111)","41.922686284","-87.649488729","POINT (-87.6494887289 41.9226862843)"
"022e795b4d27e65c479b9c0f25cb0c1dc77a8754","8dd990653cc2793d96b80ae45e928afc9a590b21b491eea3f522f42a72a5d323e79997fb7b2aab3486de73e89a4c9ae8e8cc377056b9b0d3de37ab822ce2cf33","2023-12-31T23:15:00.000","2023-12-31T23:30:00.000","1337","8.5",,,"8","41","24.5","0","0","0","24.5","Cash","Sun Taxi","41.899602111","-87.633308037","POINT (-87.6333080367 41.899602111)","41.794090253","-87.592310855","POINT (-87.592310855 41.794090253)"
"e038bc2ef68e99ad796667e3df03145e1987f9cc","081758ced4767105bfa217f7b0784d72d37e12a016fe2afe00706141bef5950c435d6dc7b112c594bcf48f00f40817f995f9f4ac20a91a9c01b6c11accf0d9ff","2023-12-31T23:15:00.000","2023-12-31T23:30:00.000","337","1.18",,,"8","8","6.5","0","0","0","6.5","Cash","5 Star Taxi","41.899602111","-87.633308037","POINT (-87.6333080367 41.899602111)","41.899602111","-87.633308037","POINT (-87.6333080367 41.899602111)"
"bd3b99035b6c6db773900db249f12597a2ef1d8a","fe3f654450472e6aa241347b9ebb7f78ce4628a0069cfcfa8586e2389a5e43d50a248cc6cedf81acd3a433f0180589e28deb4b0960fa10db9cb184adf7cfa765","2023-12-31T23:15:00.000","2023-12-31T23:30:00.000","595","0.55",,,"8","8","6.75","0","0","2","8.75","Cash","Sun Taxi","41.899602111","-87.633308037","POINT (-87.6333080367 41.899602111)","41.899602111","-87.633308037","POINT (-87.6333080367 41.899602111)"
"7d82aa61396e385dee5998bc42cf02e438a8e3fa","342474dd3a24c9d5b7dbc2514032a01ecb396624638be510614948e1bfbcaff802b12a713e58742d8597899edbcf1c4926ae2238b9612b4f8c10faad33621650","2023-12-31T23:15:00.000","2023-12-31T23:30:00.000","480","0.8",,,"32","8","6","0","0","1","7","Cash","Taxi Affiliation Services","41.878865584","-87.625192142","POINT (-87.6251921424 41.8788655841)","41.899602111","-87.633308037","POINT (-87.6333080367 41.899602111)"
"62ebd9a7dd7ff0fc2cb0c8d26e3c30eb2a347828","5af45eaec078152b0be7971172bb74df2e875424eff12da61af867d30848554ac365fe8272ad32bcfaaa354b7ed2f726dd6eea4d20e1155dad44168d2bdd277c","2023-12-31T23:15:00.000","2023-12-31T23:30:00.000","263","0.52","17031081201","17031081201","8","8","9","2.22","0","0","11.22","Mobile","Chicago Independents","41.899155613","-87.626210532","POINT (-87.6262105324 41.8991556134)","41.899155613","-87.626210532","POINT (-87.6262105324 41.8991556134)"
"4755b98f1a90836b5aa4cfa23ff74951034d6029","e2d8418fcdb061eee0a4318fba0a6a1200aaff0143feb0a74c7175a02ec7afca09f8c24de278cd0dee124d29dbfb2796407d069b90dfc13353d5d4ed02ecb0d5","2023-12-31T23:15:00.000","2023-12-31T23:30:00.000","432","0.55","17031081500","17031081401","8","8","5.75","0","0","0","5.75","Cash","Chicago Independents","41.892507781","-87.626214906","POINT (-87.6262149064 41.8925077809)","41.89503345","-87.619710672","POINT (-87.6197106717 41.8950334495)"
"cc78b09d4e152605f86fec7374eead70b173ae6c","70d9077f1ddbc6c93643ef4dbf4a3110b1826f68a69801dd5cf84e637a72c52c11b976a96f745591638a6589580b71049e79c0001878eec684ae1530c7ac8c88","2023-12-31T23:15:00.000","2023-12-31T23:30:00.000","1200","8.6",,,"76",,"24","3","0","17.5","44.5","Credit Card","Taxi Affiliation Services","41.980264315","-87.913624596","POINT (-87.913624596 41.9802643146)",,,
"6531f016e491596db4d533d632d161c5822c03f9","045270ae331ab61646c36aaf542de0077e97a5b0294e29048aca8d607fc0425176cde25d838e6de259ff195eef7cd8ce6d62ec6c24c3f82c873b1750a894c74c","2023-12-31T23:15:00.000","2024-01-01T01:00:00.000","6047","9.87",,,"7","7","48.5","0","0","1.5","50","Cash","Flash Cab","41.922686284","-87.649488729","POINT (-87.6494887289 41.9226862843)","41.922686284","-87.649488729","POINT (-87.6494887289 41.9226862843)"
"d48ffffdbbc1c17c69dbb2757a0632cf86161d1c","83a03e93bf25ce653700ec8360c79b5f393ab5c9167f31f9151dd36c7f91538049c1e558bcda79475f8858037ab10446b5ad23997ffea791fe87fc56304eff34","2023-12-31T23:15:00.000","2023-12-31T23:45:00.000","1920","12.4",,,"76","77","32.5","7.6","0","5","45.1","Credit Card","Taxi Affiliation Services","41.980264315","-87.913624596","POINT (-87.913624596 41.9802643146)","41.9867118","-87.663416405","POINT (-87.6634164054 41.9867117999)"
"184075941d6c27cb9ed4606c70fa9ddc5a870e5f","9ac243b4bb4548e7214a248a491aa3ddddf391820e6c7b930ef83dfbbe1b5c7949124f32e696a68797f685661ee880b9be65fb3bf65c18c558a697dde86ba460","2023-12-31T23:15:00.000","2023-12-31T23:30:00.000","1421","16.08",,,"32","50","40.5","0","0","0","40.5","Prcard","Medallion Leasin","41.878865584","-87.625192142","POINT (-87.6251921424 41.8788655841)","41.706125752","-87.598255838","POINT (-87.5982558383 41.7061257523)"
"02511d059adf6745b56baac21f0834ed9e1e41b4","8f4cde3f6d55c38289233d1679f415c6442273549398887146c6322c8410b29bb3b72514e950e4f7fd080c47f88a53fa8454f8662ae92f84de30fb3da315fa89","2023-12-31T23:15:00.000","2023-12-31T23:15:00.000","361","1.11","17031081403","17031081100","8","8","6.25","4","0","0","10.75","Credit Card","Chicago Independents","41.890922026","-87.618868355","POINT (-87.6188683546 41.8909220259)","41.900221297","-87.629105186","POINT (-87.6291051864 41.9002212967)"
"a39ae3788cfbbe5acf3d23c35515e2c35b0774ea","f71223a469d78a2f65a090adc9d4fb5ae08dfc6694c65046888685e3d850c9e10d9393dc23eab58ce250ab6fd661d74d3879856e07cc7837cc2ec04b75599604","2023-12-31T23:15:00.000","2023-12-31T23:30:00.000","579","2.2",,,"21","6","9","2.22","0","0","11.22","Mobile","Chicago Independents","41.938666196","-87.711210593","POINT (-87.7112105933 41.9386661962)","41.944226601","-87.655998182","POINT (-87.6559981815 41.9442266014)"
"1bc591dc96110b6bac4e3d5a34bc86e55279770a","dec67a4fc6ba6a0b279c4f8ebaba8c9c160e469d03cb20e8749fdf40156ee90ad9521f01f9c869699e9e2e5e097f6457aab89a88e76b33785fb1f585ca30835f","2023-12-31T23:15:00.000","2023-12-31T23:15:00.000","519","2.94",,,"6","3","10.25","0","0","0","10.25","Cash","Flash Cab","41.944226601","-87.655998182","POINT (-87.6559981815 41.9442266014)","41.96581197","-87.655878786","POINT (-87.6558787862 41.96581197)"
"f2e29e7351d5ab3970b7bc44e512cf474487e5b4","8a8499f6e991a3e9bee922bb11f3ff01dad26d1d5b365a70fd66ffe04c879fca221978ed4ea921efe6e339a58043b5360cfd07268c214771c90100b4712a215b","2023-12-31T23:15:00.000","2023-12-31T23:15:00.000","7","0",,,"8","8","50","0","0","0","50.5","Credit Card","Sun Taxi","41.899602111","-87.633308037","POINT (-87.6333080367 41.899602111)","41.899602111","-87.633308037","POINT (-87.6333080367 41.899602111)"
"a2abb656cd0da33aac68ec639192d832d29b0981","90d83b1a646ae05a1b32e9a0ee7a13e01a41d34ae8c8031f3f416e02327109884e4f55a8a6d6fc5eaa9ea6393d3a367f99d8cec474f02a2ed7c13233d91e9c9b","2023-12-31T23:15:00.000","2024-01-01T00:00:00.000","2160","15",,,"76","1","39.25","9.15","0","6","54.4","Credit Card","Chicago City Taxi Association","41.980264315","-87.913624596","POINT (-87.913624596 41.9802643146)","42.009622881","-87.670166857","POINT (-87.6701668569 42.0096228806)"
"d795caf97e9e446e389a0e7fbb971d38d314f113","73671d8d04e67d4eabdbbab93357ea36c3aa7afd6e6a2881cf21f258b52f43882fc07437fedb05acc79f872e8592d804fcb992f289567500f15606511eb70745","2023-12-31T23:15:00.000","2024-01-01T00:00:00.000","1847","3.71","17031081401","17031081201","8","8","16.75","0","0","1","17.75","Cash","Blue Ribbon Taxi Association","41.89503345","-87.619710672","POINT (-87.6197106717 41.8950334495)","41.899155613","-87.626210532","POINT (-87.6262105324 41.8991556134)"
"526e4775ba7608c2ee4b198268e7b8cd442e6e4e","cbc1c8b30474acd6877914b8d2765f586fe8ca12ae4b6e5d33d10ebeb949827195529ac14e387d2f9c6c18a9a5a9808eef9ef8f048eaa29c245f90fcbd56ee5e","2023-12-31T23:15:00.000","2024-01-01T00:30:00.000","3706","17.04",,,"56","8","51","11.3","0","5","67.8","Credit Card","Blue Ribbon Taxi Association","41.79259236","-87.769615453","POINT (-87.7696154528 41.7925923603)","41.899602111","-87.633308037","POINT (-87.6333080367 41.899602111)"
"e0aa86e1af19f5bc211aefa02ac1f4da94579d94","6b6dc04e7b06da4f1dc50dee727d9ef2d1c2df22a009b44ba04c006d6dc61a1dd90cf2bca0b3e86e383183d495d4e25681dd4dc5e65c952c9614cc1913f95767","2023-12-31T23:15:00.000","2023-12-31T23:15:00.000","406","0.91",,,"32","8","6.25","4","0","4","14.75","Credit Card","Sun Taxi","41.878865584","-87.625192142","POINT (-87.6251921424 41.8788655841)","41.899602111","-87.633308037","POINT (-87.6333080367 41.899602111)"
"f8b1ad89668a6bad03ac2a9d31cf08b299de40ec","2562c5abd0c79356d2b6ed696ff9c61f3c6a7452176e067079eeb9ab4869816e5cc637b2464ae3846a2522762c036f3adf77216a829bbed5fbc5bd7da2dda337","2023-12-31T23:15:00.000","2024-01-01T00:00:00.000","2864","6.46",,,"76","76","30.75","0","0","0","30.75","Prcard","Blue Ribbon Taxi Association","41.980264315","-87.913624596","POINT (-87.913624596 41.9802643146)","41.980264315","-87.913624596","POINT (-87.913624596 41.9802643146)"
"b8ddf413bb1bc98a72c6a68279e92d77968bd4bf","6c6606251e8d2b1609f34d755bf884c4d972ab44b47bd75faa7e533a102e1cc2eed88f9d8d25cda28aaf89c678a3b2d17640c226cbb20375fd3f79685b719945","2023-12-31T23:15:00.000","2023-12-31T23:15:00.000","335","1.41",,,"32","33","7","3","0","0","10.5","Credit Card","Flash Cab","41.878865584","-87.625192142","POINT (-87.6251921424 41.8788655841)","41.857183858","-87.620334624","POINT (-87.6203346241 41.8571838585)"
"401e37fdbdef084f04879e11ef1129c47aa37dc1","ad4b1730fcbfdb84e41313179a688924012db322823f487d70ffcdbf1fa0e9ec11c35045af7e7cf561db41f5a46939ab7ea0565dc6fa26a0d14f68f6f568b92e","2023-12-31T23:15:00.000","2023-12-31T23:15:00.000","172","0.51","17031080202","17031080300","8","8","4.75","0","0","4.5","9.25","Cash","5 Star Taxi","41.905857769","-87.630865027","POINT (-87.6308650266 41.9058577688)","41.90749193","-87.63576009","POINT (-87.6357600901 41.9074919303)"
"91cf9da1d99339eed924074b13bcae48ea4bfd61","3e322894ca5260db491dcaa83bfe35f75b16a6a785ff509cf9b18dd9c593bb9adc533c0049dadd9e78ca84faeeeeb427ca3d526c4f1fda2f5151b6818a6889bf","2023-12-31T23:15:00.000","2023-12-31T23:45:00.000","1683","20.56","17031980000",,"76",,"50.25","10","0","25.5","86.25","Credit Card","Flash Cab","41.97907082","-87.903039661","POINT (-87.9030396611 41.9790708201)",,,
"00592fe8b0b48afe52bfc21e2ff458ddcc7afc93","3cdbbd850dee58fd415cce1b7af4256839cd5e6523328cf5a89e616601775c6474c0dde9a028971d7d0780907f3d7d5655ae4199e5148e095392bc0f7932049f","2023-12-31T23:15:00.000","2023-12-31T23:30:00.000","1680","18.7",,,"76","33","46.25","11.02","0","4","61.27","Credit Card","Taxi Affiliation Services","41.980264315","-87.913624596","POINT (-87.913624596 41.9802643146)","41.857183858","-87.620334624","POINT (-87.6203346241 41.8571838585)"
"2a03a8c1aa6e0b8473711a47b23b0d00f79f288d","18332569daad955f48c8d965fe85ef855858a72ae12e21b7bf176ccc9bfede27311ae84c604c8dba0f1d22c290ad9f78856d2d0d1ef172f0402c9fa31fb8204d","2023-12-31T23:15:00.000","2023-12-31T23:15:00.000","261","0.87",,,"8","8","5.5","0","0","0","5.5","Cash","Chicago Independents","41.899602111","-87.633308037","POINT (-87.6333080367 41.899602111)","41.899602111","-87.633308037","POINT (-87.6333080367 41.899602111)"
"a6630e284573892bbafeae2ab3f2de27b18e4988","d5dc4a704805faed89d18144387c3f5f9150df85c6ea5d15f988362001bac1e33fb467a0d76feab795533fbaffe2c25d7b3143001877fdc143f4ff3e24ae29aa","2023-12-31T23:15:00.000","2023-12-31T23:45:00.000","1267","13.36",,,"56","7","34","7.9","0","5","47.4","Mobile","Sun Taxi","41.79259236","-87.769615453","POINT (-87.7696154528 41.7925923603)","41.922686284","-87.649488729","POINT (-87.6494887289 41.9226862843)"
"1c94038fa2e65807fb8faa1b4141a0ce1ddb5140","a8ca2e767b99837298cb4f7074d6c96418f9e08885ac587105f0686b08f182dfbdb2ee57489cb2c0d2bb295bf058fbd1c296a577e2e71e934b37c81e465c689b","2023-12-31T23:15:00.000","2023-12-31T23:30:00.000","1401","15.07","17031980100","17031843700","56","5","38","10.62","0","4","53.12","Credit Card","Medallion Leasin","41.785998518","-87.750934289","POINT (-87.7509342894 41.785998518)","41.944813754","-87.69077501","POINT (-87.6907750098 41.9448137543)"
"d6bb5dc116b1d987bdef1e5c652ac4dc01d5b9db","35467b44491f6f51eaa0f4fb1cd65e4c23117aa268d9dd52d88a484194323088fc5a0d30455d37c6bced24218c2ed42b421d7260c119161f29b8381bd11b1784","2023-12-31T23:15:00.000","2023-12-31T23:45:00.000","1521","1.58",,,"33","32","8.75","0","0","0","8.75","Cash","Sun Taxi","41.857183858","-87.620334624","POINT (-87.6203346241 41.8571838585)","41.878865584","-87.625192142","POINT (-87.6251921424 41.8788655841)"
"7f7f29e6e5e7854d6e7b8315d9c66de87e68d216","971fa4446fe8b29da09564476ab378d9c582ebc3c4334c022963ac93c5eebabe88a3fc903bba1b48a21d1d1cb597f785ad481fcad514d18c231a1641d01db177","2023-12-31T23:15:00.000","2023-12-31T23:30:00.000","871","4.47",,,"2",,"14.25","0","0","0","14.25","Prcard","Taxicab Insurance Agency Llc","42.001571027","-87.695012589","POINT (-87.6950125892 42.001571027)",,,
"7347f38e259c23442d277145bd5e6e683379389d","57c40509cae37a0e5e536a657cdb7f8c6824314bc466a78ece1747f86565de8527721e24e67bcb4df69d763ca286b3c227c7993484b6c2c3d16def47a6d4a917","2023-12-31T23:15:00.000","2024-01-01T00:00:00.000","2700","0",,,"69","7","40.25","0","0","0","40.25","Unknown","Taxi Affiliation Services","41.763246799","-87.616134111","POINT (-87.6161341112 41.7632467988)","41.922686284","-87.649488729","POINT (-87.6494887289 41.9226862843)"
"46eff446affb8ac595dc0bff98f1d4202eee89cd","6b5cf0e16cc46e2482a5670756fcae44d43fd9f9b6c25200ae0fcf145e0b8c0417fd83b5b20e9712dff9ec3adcd32e59672ab64f47db0b44e68134966c956d28","2023-12-31T23:15:00.000","2023-12-31T23:15:00.000","221","0.54",,,"8","8","4.75","0","0","0","4.75","Cash","Flash Cab","41.899602111","-87.633308037","POINT (-87.6333080367 41.899602111)","41.899602111","-87.633308037","POINT (-87.6333080367 41.899602111)"
"77f7a3f231d03708f5cf0eb37ab3e15676893f35","081758ced4767105bfa217f7b0784d72d37e12a016fe2afe00706141bef5950c435d6dc7b112c594bcf48f00f40817f995f9f4ac20a91a9c01b6c11accf0d9ff","2023-12-31T23:15:00.000","2023-12-31T23:15:00.000","61","0.03",,,"7","7","3.5","0","0","0","3.5","Cash","5 Star Taxi","41.922686284","-87.649488729","POINT (-87.6494887289 41.9226862843)","41.922686284","-87.649488729","POINT (-87.6494887289 41.9226862843)"
"07c7e752e121141dc1939885200b2d6acabb3da3","1a248eb87ae578f15af2a14c2eb7b4b264f6babab9ad9cc93d655e1f83c3207e62beb1a4b088d75e8077a5421391d32171edacfcb3f6250657f8d3b9f0ebbaec","2023-12-31T23:15:00.000","2023-12-31T23:30:00.000","838","0.92",,,"32","32","8.5","3","0","2","14","Credit Card","Sun Taxi","41.878865584","-87.625192142","POINT (-87.6251921424 41.8788655841)","41.878865584","-87.625192142","POINT (-87.6251921424 41.8788655841)"
"c3314616b471662087ee28167fc128cec2056043","3c07027096c12ad3f6cc84a0914cd2d14546a3662141a19f9b9b2d52d03eaead3b147811b520d04d2e22ab9c78993f1be64e7b3974caf0d111423dc84b953489","2023-12-31T23:15:00.000","2023-12-31T23:30:00.000","1219","7.15",,,"6","28","16.24","3","0","0","19.24","Mobile","Chicago Independents","41.944226601","-87.655998182","POINT (-87.6559981815 41.9442266014)","41.874005383","-87.66351755","POINT (-87.6635175498 41.874005383)"
"b764247eeb362376720199b1df3ee25e03d8bfaf","63d895bf335c522af83a8f2c608e31bb46a5d78cde4df21dbed059b4c61798625c7eb0591a46fd6224d257d5eae6519b621fb341a45510bced64a821f81b7fa6","2023-12-31T23:15:00.000","2023-12-31T23:30:00.000","936","4.44",,,"28","23","14.75","2.44","0","1","18.69","Credit Card","Blue Ribbon Taxi Association","41.874005383","-87.66351755","POINT (-87.6635175498 41.874005383)","41.900069603","-87.720918238","POINT (-87.7209182385 41.9000696026)"
"e41a454732f9c3856caa82bbaa53e3725989f2a9","76195767851c0e4807795915d7a0579a1c625c2eae552b36d989d32a60ca58318ca88fe17fcd825ceab7b45cb639e7c77d7b4a44629afa03f6f85b4e62c1d6b0","2023-12-31T23:15:00.000","2023-12-31T23:45:00.000","1260","0.7",,,"16","37","30.75","0","0","0","30.75","Unknown","Taxi Affiliation Services","41.953582125","-87.72345239","POINT (-87.7234523905 41.9535821253)","41.80908443","-87.632424524","POINT (-87.6324245245 41.8090844303)"
"6ef1fcafe96b2a25d328f0e6a8a39798d455a610","3f2a24e813695ce63232d6cccfc688ad3875df09b609fa761fade5314d178e3107a4e8cde05936a4d0bf8f03186e3b6f88e620da8b50a225c1d2169cdc40d10a","2023-12-31T23:15:00.000","2023-12-31T23:30:00.000","720","1.7","17031081403","17031839100","8","32","8.25","0","0","0","8.25","Cash","Chicago City Taxi Association","41.890922026","-87.618868355","POINT (-87.6188683546 41.8909220259)","41.880994471","-87.632746489","POINT (-87.6327464887 41.8809944707)"
"7a18c691be27b3c68abb18086d063c67c4a2f2a6","bd148166cee8cd0aa6477ae76e191ac3ac647166ff5a860b8339a793facb0dcbca00c90f51b3678ca3bb649367636e501b116f34fc9a8d655f70c7b7d985f50c","2023-12-31T23:15:00.000","2023-12-31T23:30:00.000","732","1.44",,,"8","8","8.5","0","0","0","8.5","Cash","Flash Cab","41.899602111","-87.633308037","POINT (-87.6333080367 41.899602111)","41.899602111","-87.633308037","POINT (-87.6333080367 41.899602111)"
"c588ae273382901e21ef4bff5722ebc9f4a4b8dc","e8f673c7d74913eef9b2c58975502e30884a6d7c93a80264c9ef1ee7a3a44652b66f8f74348e5f7b62dc458b19ef474b8c0801463178f03b03bd08f768c42c4e","2023-12-31T23:15:00.000","2023-12-31T23:45:00.000","1320","12.9",,,"76","6","33","12","0","6.5","51.5","Credit Card","Taxi Affiliation Services","41.980264315","-87.913624596","POINT (-87.913624596 41.9802643146)","41.944226601","-87.655998182","POINT (-87.6559981815 41.9442266014)"
"c6b799910f4a07c177ed4496094d41ab37c1d182","1d8661cf286a18a5105e132056c2aadf0b81a551e440fe24a277bd7788b745781717403d591c77238dee781850e9d9ca17c5afb07b61cf15569d98ff41caf179","2023-12-31T23:15:00.000","2023-12-31T23:30:00.000","949","1.3",,,,,"8.5","0","0","1","9.5","Cash","Chicago Independents",,,,,,
"0edf256704d3d533ab62c33781937a88b88b4e4b","0f846a75c6e6a4a065d188e1a4c41eb2f8794a2fc073b1338d79c7c42a6ba625e064022f9d7f71e8cb61a08e371ee7289431ade0dd5f5a6e4b0aae94178f1860","2023-12-31T23:15:00.000","2023-12-31T23:30:00.000","886","9.84",,,"76","16","26","4.72","0","5","36.22","Credit Card","Flash Cab","41.980264315","-87.913624596","POINT (-87.913624596 41.9802643146)","41.953582125","-87.72345239","POINT (-87.7234523905 41.9535821253)"
"83e3bda1a85b73a0678fa24694af67c52ad710b7","4628ef9dfa973bdfe877c5aa9d9738f9dc1204e54f2f1a4cc18141f37e2e66d080533f82510a96d1525b28eee833696f7e1337e9999a38f2fd5babf71585a344","2023-12-31T23:15:00.000","2023-12-31T23:30:00.000","799","0.85",,,"32","8","7.75","0","0","0","7.75","Cash","Chicago Independents","41.878865584","-87.625192142","POINT (-87.6251921424 41.8788655841)","41.899602111","-87.633308037","POINT (-87.6333080367 41.899602111)"
"ea9d5340b701df5113e84afc7eb832b770b91174","70bca78835e8e92b04b46d111508f56c7b847abad90561822f7c7d5ae937f7c4350d671563050ab06c16fad39727bdc8d6a79bb92a215bb14f4bb52c48f8a82d","2023-12-31T23:15:00.000","2023-12-31T23:30:00.000","1205","11.34",,,"8","25","29.5","0","0","0","29.5","Cash","Flash Cab","41.899602111","-87.633308037","POINT (-87.6333080367 41.899602111)","41.890608853","-87.756046711","POINT (-87.7560467111 41.8906088526)"
"861bcdeade33684a5606fd3a0f9ce99ac5080a65","a31d2ea87ea4f5a4793c30f84f000b0c6aad4cd956f6ea73b5628ebd509d47a7d051a0b7ccd201a550c236c42ed6e19ce5efbd4caa4bf2d1fcd77827b64b39f9","2023-12-31T23:15:00.000","2023-12-31T23:30:00.000","1336","1.46",,,"8","8","11.75","0","0","0","11.75","Cash","Flash Cab","41.899602111","-87.633308037","POINT (-87.6333080367 41.899602111)","41.899602111","-87.633308037","POINT (-87.6333080367 41.899602111)"
"5fabd9a46996a9c9113ec3c71d47cae4b1191768","282e96d2494030280c94a513a55ce131750a6db5595d280442f937df34d9ca056808e9b096f1b6b9f5ca2aebf79aa62e8198db1b227eac7d5cecdc97fe0060bc","2023-12-31T23:15:00.000","2023-12-31T23:30:00.000","709","0.88","17031839100","17031081201","32","8","7.5","0","0","1","8.5","Cash","Medallion Leasin","41.880994471","-87.632746489","POINT (-87.6327464887 41.8809944707)","41.899155613","-87.626210532","POINT (-87.6262105324 41.8991556134)"
"c9839f99443a1a80f038d2dd985fecdf3534f9db","ad4b1730fcbfdb84e41313179a688924012db322823f487d70ffcdbf1fa0e9ec11c35045af7e7cf561db41f5a46939ab7ea0565dc6fa26a0d14f68f6f568b92e","2023-12-31T23:15:00.000","2023-12-31T23:15:00.000","9","0","17031080300","17031080300","8","8","3.25","2","0","2.5","8.25","Credit Card","5 Star Taxi","41.90749193","-87.63576009","POINT (-87.6357600901 41.9074919303)","41.90749193","-87.63576009","POINT (-87.6357600901 41.9074919303)"
"cc0cbe2b7dba70143cdcd78aa016209e3b61c2d6","5921ca8414f7b105e97f79694430407c9fbd34ac15c4d7ac70a8e8693a330da5730774d55d6ad996b97a9dd25418db2e57f30b29babb4f0dd289fc1400db585e","2023-12-31T23:15:00.000","2024-01-01T00:15:00.000","3376","49.43","17031980000",,"76",,"115.25","37.45","4","67","224.7","Credit Card","Taxicab Insurance Agency Llc","41.97907082","-87.903039661","POINT (-87.9030396611 41.9790708201)",,,
"0de9bf9bfea7f9a1ade28e4e2956be390abdc524","61d83eb1d34ccd8dac5bdd962bc13e2ac077b0c7ecbf1d0da9b3153b3c01a3d2cc602501919974096100cf70f1621caaf3f8c2510c45748d78c279b67d9bf0cf","2023-12-31T23:15:00.000","2023-12-31T23:45:00.000","1980","3.7",,,"8","28","27","0","0","0","27.5","Credit Card","Globe Taxi","41.899602111","-87.633308037","POINT (-87.6333080367 41.899602111)","41.874005383","-87.66351755","POINT (-87.6635175498 41.874005383)"
"26c60f91d68ad79d83fae4af879f24bfaff9180b","f1ed8794238deb1c8f7c3759aa096ae20e3e769cc4c9ad6b0b5622db04a03ad19f07235a1fb70f90e0402c5d563ced420495c06f0ecb27469bc95d56af5841c8","2023-12-31T23:15:00.000","2023-12-31T23:15:00.000","418","0.23","17031081401","17031081403","8","8","9","2.22","0","0","11.22","Mobile","Flash Cab","41.89503345","-87.619710672","POINT (-87.6197106717 41.8950334495)","41.890922026","-87.618868355","POINT (-87.6188683546 41.8909220259)"
"f6a2b194bfa0e25ef27114823c1b76ae4960fde5","f6aac57dbd69c58200d6fb22bbffe1343ca6ea5eece073d452f97009803408626e6357e405c35bffde1495f078c83419ca0378e26d8dca04c6b81644638cefc9","2023-12-31T23:15:00.000","2023-12-31T23:15:00.000","480","0.1",,,"6","6","7.25","1","0","0","8.25","Credit Card","Taxi Affiliation Services","41.944226601","-87.655998182","POINT (-87.6559981815 41.9442266014)","41.944226601","-87.655998182","POINT (-87.6559981815 41.9442266014)"
"ee2d332c616189fca181c610d02721cafd114170","1f041942ef7c61fea34c62c89aea8231e4277ca158d54ef1a738be59f3099e32f7f6626f22cdd82e425bdff13f179feb3f1b12f34b8c1addd999239551c17d2d","2023-12-31T23:15:00.000","2023-12-31T23:30:00.000","1253","5.53","17031080202","17031843700","8","5","17.75","0","0","0","17.75","Cash","Flash Cab","41.905857769","-87.630865027","POINT (-87.6308650266 41.9058577688)","41.944813754","-87.69077501","POINT (-87.6907750098 41.9448137543)"
"39279fc7fba86aaa240edcfc01f1908add0d0e0a","687e4d96be3cc961be4ce4608d2ad3bfadf54e3bbe80d706e066fd268dea4bce387cfa66ad249143808d0fed4ac39b01ea5e1d00faca6f07496eabd519ad812f","2023-12-31T23:15:00.000","2024-01-01T00:00:00.000","2279","29.51","17031980000",,"76",,"70.5","22.6","0","42","135.6","Credit Card","City Service","41.97907082","-87.903039661","POINT (-87.9030396611 41.9790708201)",,,
"c67e4a3bfec00e26dbd7c0b51b26653a3fa4fba5","3618045f9110d4d88482266ade23659c1a50d32ac37f205c15614b1ada9d4ca14b171329afed5dfd81c7525bd5a05fe614cb63b2aa48d920626b519e20d9e146","2023-12-31T23:15:00.000","2023-12-31T23:45:00.000","1080","5.4",,,"7","24","16.75","0","0","0","16.75","Unknown","Taxi Affiliation Services","41.922686284","-87.649488729","POINT (-87.6494887289 41.9226862843)","41.901206994","-87.676355989","POINT (-87.6763559892 41.9012069941)"
"ed46bd462fd9498956383383feb3705306979731","3506f62ee1c70c02fe00b742679684b319d5b712182f828f14b081888056485c3bd5911f60c194bcf0fb5986bb4f04b7d169ab0fd22cb63f0906af16d431395b","2023-12-31T23:15:00.000","2023-12-31T23:30:00.000","1028","12.04",,,"34","46","31","0","0","0","31","Prcard","Sun Taxi","41.842076117","-87.633973422","POINT (-87.6339734222 41.8420761168)","41.741242728","-87.551428197","POINT (-87.551428197 41.7412427285)"
"e31ac933eaa9481ff7e9360d3ff57faab6b01cdb","561fbb8af15689fe33fb11b96905cfb95d11ac44700c1a476e474b9b19d4dc24fec8cbfe3df913dc2ee78f919bd0b1cb416be0bc3b0a431d4335bfae2df63278","2023-12-31T23:15:00.000","2023-12-31T23:30:00.000","85","0.44",,,"1","2","40","6.08","0","0","46.58","Credit Card","Flash Cab","42.009622881","-87.670166857","POINT (-87.6701668569 42.0096228806)","42.001571027","-87.695012589","POINT (-87.6950125892 42.001571027)"
"8831bc5c29051672c99bcf5d8764283505fe3981","f7782da531b08c6ce5a1e16a8c2998f6f4f7943f29ab53713949ec17f3b4d7f8b4cd8a84da2fe7c4b0a17f1fc3439e376d3bfec25d83652dfa4468342e25f6b1","2023-12-31T23:15:00.000","2023-12-31T23:15:00.000","379","0.6",,,"32","32","9","0","0","0","9","Mobile","Taxicab Insurance Agency Llc","41.878865584","-87.625192142","POINT (-87.6251921424 41.8788655841)","41.878865584","-87.625192142","POINT (-87.6251921424 41.8788655841)"
"4facc8ade5f5d7eb6287bc89769f92ab3998a418","13016372e777da1289d557edbe4ce2be8a68e77bc64768acaf5e0539b10be2ca089238dc27408b49b17899014e6e178e17c3ba455812fd84024f93e266324439","2023-12-31T23:15:00.000","2023-12-31T23:45:00.000","1688","1.11","17031081300","17031081403","8","8","9.1","1.72","0","0","10.82","Mobile","Taxicab Insurance Agency Llc","41.898331794","-87.620762865","POINT (-87.6207628651 41.8983317935)","41.890922026","-87.618868355","POINT (-87.6188683546 41.8909220259)"
"dcd803e24ed788a33042d81b76769942e7a62350","18332569daad955f48c8d965fe85ef855858a72ae12e21b7bf176ccc9bfede27311ae84c604c8dba0f1d22c290ad9f78856d2d0d1ef172f0402c9fa31fb8204d","2023-12-31T23:15:00.000","2023-12-31T23:30:00.000","436","1.16",,,"8","8","6.75","0","0","1","7.75","Cash","Chicago Independents","41.899602111","-87.633308037","POINT (-87.6333080367 41.899602111)","41.899602111","-87.633308037","POINT (-87.6333080367 41.899602111)"
"a1f9a677fb68e7c3989971a60fc3de5adf2e50db","58a80cdb3c9c1a43c90bb9b1d4faa5da222f6b7cf92bc55bd4d0ab6293924f7516091832597425ff50cf147f0f60631bbf079aa4cbd467a437deae0324fbdb9a","2023-12-31T23:15:00.000","2023-12-31T23:15:00.000","294","0.74",,,"32","32","5.5","10","0","1","17","Credit Card","5 Star Taxi","41.878865584","-87.625192142","POINT (-87.6251921424 41.8788655841)","41.878865584","-87.625192142","POINT (-87.6251921424 41.8788655841)"
"747a5a7ea2ec38530cd83ab6c7ec516b07868d06","37073e8c9e454886fe4a916f80a9a3478570e7dd3e663f40c5b81eae90f8f611027c67455f43b426f4c34dcb7fdb6697c82a3c6d00237f11a4a6cf5b1d1ce0c7","2023-12-31T23:15:00.000","2023-12-31T23:30:00.000","619","2.26",,,"6","5","9.25","0","0","1","10.25","Cash","City Service","41.944226601","-87.655998182","POINT (-87.6559981815 41.9442266014)","41.947791586","-87.683834942","POINT (-87.6838349425 41.9477915865)"
"76f17f5a8b7225bb06bc75ae0dceef504cc69c6f","9fcefcaa49ef3229c8e75e02120101fbd92b329677ceeaa8b4c09e6615d1e8efd83e4381df8131d68ad62b085cdd2e3325dd2ac25c161f8edce3f03e4dea4713","2023-12-31T23:15:00.000","2023-12-31T23:45:00.000","2019","8.07",,,"77","28","26.25","0","0","5.5","31.75","Cash","Globe Taxi","41.9867118","-87.663416405","POINT (-87.6634164054 41.9867117999)","41.874005383","-87.66351755","POINT (-87.6635175498 41.874005383)"
"ccf3e6ae3f5410172e92755a9442639ee912c655","9ff81eeb8fa79b5e37af20fb6a6d52d6bfed9edecd4e667e6dbb78a46366f869d5ac3d5413db0d31a9506b00aba92ddcadcae3d724f690ec42315d211123e5a0","2023-12-31T23:15:00.000","2023-12-31T23:45:00.000","1200","0.5",,,"76",,"24","8.5","0","18","50.5","Credit Card","Taxi Affiliation Services","41.980264315","-87.913624596","POINT (-87.913624596 41.9802643146)",,,
"8b3d701a8bf7b60cc713dcfb17f946755de6e66b","6edf046ae368c4133e9c6e05fef38fd91caec343f4a9fbb1d6d81b61c559f3d74bf8ef717ac6dc598d81cba0dafcecb1bb233a4bacf85e073f06378d66b76ed6","2023-12-31T23:15:00.000","2023-12-31T23:45:00.000","1486","9.85",,,"1","8","27","0","0","0","27","Prcard","Medallion Leasin","42.009622881","-87.670166857","POINT (-87.6701668569 42.0096228806)","41.899602111","-87.633308037","POINT (-87.6333080367 41.899602111)"
"825f4cb87bdcb07284feddd7b0b6eb0c233b210c","de9289a1fce135051f6e9206044f8211c86a1a6acd68d49f5243daf441e5d96a7b2342a772a6742563c106008456e926f00d13cb2f78a9cf46cd31d9b520ebb2","2023-12-31T23:15:00.000","2023-12-31T23:30:00.000","877","5.29",,,"6","32","16","0","0","1.5","17.5","Cash","Flash Cab","41.944226601","-87.655998182","POINT (-87.6559981815 41.9442266014)","41.878865584","-87.625192142","POINT (-87.6251921424 41.8788655841)"
"53d794636db3e7a0fd4c270c418fadc9eb2ecf4a","07c564a10fd59fb57a493d26e4f2a39f0229ac59cdbfb570f93023bbbb938eed963e74922bb8bedadb526754dabc0f236dc791223fa413b271b628994974155c","2023-12-31T23:15:00.000","2023-12-31T23:15:00.000","421","1.39",,,"8","28","7","0","0","1","8","Cash","Chicago Independents","41.899602111","-87.633308037","POINT (-87.6333080367 41.899602111)","41.874005383","-87.66351755","POINT (-87.6635175498 41.874005383)"
"2096f78c05431fe74d3c44c5b01c51616ddfc697","8abbb35e4243b2c590b027d424e6552a61356f54609f161ee910a3ea7435204298a60907247ed4a12c070e53455ba95d3a03424844a8bc1741806917679a7a60","2023-12-31T23:15:00.000","2023-12-31T23:15:00.000","254","0.53","17031081201","17031081500","8","8","4.75","0","0","0","4.75","Cash","Taxicab Insurance Agency Llc","41.899155613","-87.626210532","POINT (-87.6262105324 41.8991556134)","41.892507781","-87.626214906","POINT (-87.6262149064 41.8925077809)"
"86aa0cb16af16222b422e019896c1c4108e7b0f8","835869d6df51f9ec6e53cb4ac6a1f9e386c26f948cdcca5d86c515ba31b1c3e48e0b4d130c48ee65eb9011c2b185ede270ac586f9efd822c425286684ab5113b","2023-12-31T23:15:00.000","2023-12-31T23:45:00.000","1703","3.58",,,"7","8","11.12","2.27","0","2","15.39","Mobile","Taxicab Insurance Agency Llc","41.922686284","-87.649488729","POINT (-87.6494887289 41.9226862843)","41.899602111","-87.633308037","POINT (-87.6333080367 41.899602111)"
"24194073e123f4185a81b9fe6f19aa2ad96a7039","9b0864961cf4141f2bbb24ce1046a6b791ce1e418045baa645ea08f6385111ca10f8a9fef54f830f5e1f64df9a4635f2fac6066c4a557ab15dc6cd1a2bd8bd59","2023-12-31T23:15:00.000","2023-12-31T23:45:00.000","1506","17.65",,,"76","32","43.5","9.6","0","4","57.6","Credit Card","Sun Taxi","41.980264315","-87.913624596","POINT (-87.913624596 41.9802643146)","41.878865584","-87.625192142","POINT (-87.6251921424 41.8788655841)"
"8950f2886b0a6f0c7825bd171986a9887e91cb42","52a94e237e6ca1f7e21267d6b906e3abaec95d6f057632cb15de057c45f3a4563223364dbf44dbde94f7b8d65d7b193a7d4e260b58f3931b3f98078e9f24aa9f","2023-12-31T23:15:00.000","2023-12-31T23:30:00.000","1380","0.7",,,"76","2","31.5","7.2","0","4","42.7","Credit Card","Taxi Affiliation Services","41.980264315","-87.913624596","POINT (-87.913624596 41.9802643146)","42.001571027","-87.695012589","POINT (-87.6950125892 42.001571027)"
"bd5676d7ebeffd45147ea2298c462683f8517651","083b7260314e48be5e10a9191da36fb2c0974b91499a5445d8a895ce901d4458b2a95e4fda48ae1ab55dfac3302268fbf967709c30ef58135041ce5d7d844065","2023-12-31T23:15:00.000","2023-12-31T23:30:00.000","840","2",,,"8","28","9.5","2","0","1","12.5","Credit Card","Taxi Affiliation Services","41.899602111","-87.633308037","POINT (-87.6333080367 41.899602111)","41.874005383","-87.66351755","POINT (-87.6635175498 41.874005383)"
"4a086c80abe1a7d811d878752f32f6138f71bba4","14d334d4d5d6eb8415d5d0e700208f29bcef1731ad139642e999bf4cd30a8d59ce127f22ee33bee510b036ad11414480e52f42317f4a19b6019634e494585765","2023-12-31T23:15:00.000","2023-12-31T23:45:00.000","1546","1.38",,,"8","32","12.75","2.85","0","1","17.1","Credit Card","Globe Taxi","41.899602111","-87.633308037","POINT (-87.6333080367 41.899602111)","41.878865584","-87.625192142","POINT (-87.6251921424 41.8788655841)"
"c856eeb404e63d892bfc452df0a2a6fb6b417d8e","b00c5a92a2d7cd526d9ca9a5b63b98eb3111a00db69c57548bc256f9fb41046da0fc078b2c8843dc32558517ff09fc765e6c71ebe37bc3cc6368c33d259fda92","2023-12-31T23:15:00.000","2023-12-31T23:15:00.000","498","1.61",,,"32","33","7.75","3","0","1","12.25","Credit Card","City Service","41.878865584","-87.625192142","POINT (-87.6251921424 41.8788655841)","41.857183858","-87.620334624","POINT (-87.6203346241 41.8571838585)"
"7aa99b96e70af669b693ceee5d9508d704deb958","c17582be31089967bcc79faa83fe8c0f7521a55e172fa83398c78255eeace47b45af0bbbd241d68db5b8c6e139c93c5e39be80db33402a1a37a22657c74475cf","2023-12-31T23:15:00.000","2023-12-31T23:30:00.000","580","2.61",,,"8","24","10.25","0","0","0","10.25","Cash","Medallion Leasin","41.899602111","-87.633308037","POINT (-87.6333080367 41.899602111)","41.901206994","-87.676355989","POINT (-87.6763559892 41.9012069941)"
"a559045bf9500ff380793ea9170198ec7b3552db","1d5c92da7f240e8a24b8ca4635a64a519961d69afafbf8d17116a133833b1ce464e7d68b137a9c4faf4cec8c3d1ca6bd4637610a5f51bd3cc2569336d6937a9b","2023-12-31T23:15:00.000","2023-12-31T23:30:00.000","985","7.58",,,"8","14","21.25","0","0","1.5","22.75","Cash","Taxicab Insurance Agency Llc","41.899602111","-87.633308037","POINT (-87.6333080367 41.899602111)","41.968069","-87.721559063","POINT (-87.7215590627 41.968069)"
"9d2a1d8f0b28b423e14498d0c8771eb313c413fc","3c8a3a5b0785d40229dd7adc5fd0d9620defca885601bf7909fe82bb3878e287a9668c49844612ad22b25b32ec168af202d109189d8e422bf93924f1cdbdc6dd","2023-12-31T23:15:00.000","2023-12-31T23:30:00.000","1320","10.6",,,"41","7","28.75","0","0","0","28.75","Unknown","Taxi Affiliation Services","41.794090253","-87.592310855","POINT (-87.592310855 41.794090253)","41.922686284","-87.649488729","POINT (-87.6494887289 41.9226862843)"
"8faac3755c94cc40a92337e71135fdb18c5eb9f5","f55addae8ca796ec4b405f2aff2b703fa3e84d285bf4c15ffe84f53e6abd8c4acd7dacad001d0ed5d0bd1e011d748cdf531e486ba50cd50cbd6ad1dafb5705b1","2023-12-31T23:15:00.000","2023-12-31T23:30:00.000","809","1.2",,,"8","8","9","2","0","0","11","Mobile","Taxicab Insurance Agency Llc","41.899602111","-87.633308037","POINT (-87.6333080367 41.899602111)","41.899602111","-87.633308037","POINT (-87.6333080367 41.899602111)"
"5a352ae4896214d0c078befab550872cb280447d","d4fdfedf3c662fbe2da0d4628e83a98136b5af51aeca012bb4cb15cac47f56467f67030d7567fa1e72e9528e52a7f9e483a55f8e2d80d86e6f8ec1961d89ea00","2023-12-31T23:00:00.000","2023-12-31T23:15:00.000","1094","6.97",,,"8","16","20.5","0","0","0","20.5","Cash","Blue Ribbon Taxi Association","41.899602111","-87.633308037","POINT (-87.6333080367 41.899602111)","41.953582125","-87.72345239","POINT (-87.7234523905 41.9535821253)"
"6dd358621dcd680a9847e3f7083e9eba79395a36","435c3f0bb3774c35800330140eb6a9027c7f72033f0a60666b5ebf0b1ff751b19d89a5b0bd0ec0d1e5a5fec9022588d731cff99ee163e14200fc3a9cef16db3f","2023-12-31T23:00:00.000","2023-12-31T23:15:00.000","420","0",,,"8","24","6","4","0","2","12","Credit Card","Taxi Affiliation Services","41.899602111","-87.633308037","POINT (-87.6333080367 41.899602111)","41.901206994","-87.676355989","POINT (-87.6763559892 41.9012069941)"
"93a1f836379b26f43829d36a7a03411d401ce3a6","511d5a90fddd5d591ca80c1c2969c190f8ad2997c0b6e9d1776a3864f2536814f53b603888e6ca6fa11e0e8625b02db335ef976a9a36e8d35b7d714e38e55bef","2023-12-31T23:00:00.000","2023-12-31T23:15:00.000","877","8.97",,,"68","49","24","0","0","0","24","Prcard","5 Star Taxi","41.777196255","-87.642497527","POINT (-87.6424975271 41.7771962546)","41.706587882","-87.623366512","POINT (-87.6233665115 41.7065878819)"
"453b47e5d46fd5f75b5c901c3c183060c338ac46","093e9e4c05ea53bf75c51763839d5f5bd5d1785c11ee5ec5e805c14bcb833c9fbfd81ab2b7874a85cba14046e54062335b2221738a0bb0bf1ddcfe83a7efa382","2023-12-31T23:00:00.000","2023-12-31T23:15:00.000","877","0.57","17031320100","17031081403","32","8","9","0","0","0","9","Mobile","City Service","41.884987192","-87.620992913","POINT (-87.6209929134 41.8849871918)","41.890922026","-87.618868355","POINT (-87.6188683546 41.8909220259)"
"f8dfb60de6348b1b050201d4ae22d0fbdb1ad4ae","8783a8783737ddb35652eec03f35a0e4660b6c6a8bb468a3dbd1b531b94d981857fa229a6a307f890aca25da20e402ca4df6a5988f7be49b4bf46444737a7ca1","2023-12-31T23:00:00.000","2023-12-31T23:30:00.000","1258","8.08","17031980000",,"76",,"23","0","0","14","37","Cash","5 Star Taxi","41.97907082","-87.903039661","POINT (-87.9030396611 41.9790708201)",,,
"6960cfc450ee8b2222adc9efd0e5f08d1802563f","4ae32e2eb244ce143800e0c40055e537cc50e3358a07ce1e877bf9f91aa6c10db986c727b9d4674705f8d124a18b05a68d07d1bc8d70e95e173f77c2c0437c22","2023-12-31T23:00:00.000","2023-12-31T23:30:00.000","1384","5.28",,,"40","32","17.25","0","0","0","17.25","Cash","City Service","41.792357223","-87.61793138","POINT (-87.6179313803 41.7923572233)","41.878865584","-87.625192142","POINT (-87.6251921424 41.8788655841)"
"30d67ec167c279f3aa95148fecfa2e0ac4f8ba51","c3fe9312c9722befcf39d581225faa3d8dfae24c783c7443d360a6ffd567782720616e61ad54176b81d68a5611199c2fa710d69cc8427bc3d9d08bd8f9bab052","2023-12-31T23:00:00.000","2023-12-31T23:00:00.000","793","4.6",,,"8","6","12.66","2.98","0","0","15.64","Mobile","City Service","41.899602111","-87.633308037","POINT (-87.6333080367 41.899602111)","41.944226601","-87.655998182","POINT (-87.6559981815 41.9442266014)"
"6260edda81eeb1c7a6b9bf1881f7680ce31f3d9c","c1a2599121801de9434ab559cae09ef16b442f88cca541d903aa89b5808c1de3b3a05e24f98f871f3d1b3d6c87046a75abf04c537fa184affdb380d095d2ed06","2023-12-31T23:00:00.000","2023-12-31T23:30:00.000","1140","0.9",,,"76","24","37.25","0","0","5","42.25","Cash","Taxi Affiliation Services","41.980264315","-87.913624596","POINT (-87.913624596 41.9802643146)","41.901206994","-87.676355989","POINT (-87.6763559892 41.9012069941)"
"d6fdbe676fc4c16a9ddccabf70768edf65f1bb2e","fb0ce19e30e712c77c57cfdb6ef729c2d2ad73225d9ec3b541ddab78f8a281a073a93fd94232bb4c2397cade115fb3727045daeb602fcefd00df53cf6da9d563","2023-12-31T23:00:00.000","2023-12-31T23:15:00.000","616","1.85","17031081500","17031080300","8","8","8.75","0","0","1","9.75","Cash","Flash Cab","41.892507781","-87.626214906","POINT (-87.6262149064 41.8925077809)","41.90749193","-87.63576009","POINT (-87.6357600901 41.9074919303)"
"f47c4dbe258607807c5e9fae7fa8e11ecf95e34a","71299f519d81a7d3bd0fd6bb0d0f8ebd553ea3a851d0716b354091e93567cf9b964e9fc31976baa285d14cb41ec9a10b827266f66a1261aaaac00d542b2eec81","2023-12-31T23:00:00.000","2023-12-31T23:15:00.000","1210","7.24",,,"32","31","13.52","0","0","0","13.52","Mobile","Globe Taxi","41.878865584","-87.625192142","POINT (-87.6251921424 41.8788655841)","41.850266366","-87.667569312","POINT (-87.667569312 41.8502663663)"
"703424f45405a7a129644c4cb2043c49d53910e2","07009b8e9b32f36656567f7809b970af38e59dbb58704a3fec6ff88b4353ffa6c1dc9724ee7ca35eb7d2a4aac92ec2e735d0824fdb3356807626a5a220b773c0","2023-12-31T23:00:00.000","2023-12-31T23:30:00.000","1659","10.69",,,"2","8","29.5","0","0","0","29.5","Prcard","Flash Cab","42.001571027","-87.695012589","POINT (-87.6950125892 42.001571027)","41.899602111","-87.633308037","POINT (-87.6333080367 41.899602111)"
"abb99c2dbeda7558427576685c3648dfe442cbdf","7ebc3c7f9e786ff57e0b0bc67a3badb4bc5e969930123545972968fb6121584e1516a228ed2bf514d9b8ac01f552c31dbe6f59b83bf9f2c1897486d997cbba02","2023-12-31T23:00:00.000","2023-12-31T23:00:00.000","43","0","17031081403","17031081403","8","8","3.25","0","0","0","3.25","Cash","Flash Cab","41.890922026","-87.618868355","POINT (-87.6188683546 41.8909220259)","41.890922026","-87.618868355","POINT (-87.6188683546 41.8909220259)"
"8fc881d4d6bd5f74fdf45f03217f1c674572c1ef","45b499c75ab5b737af29fe68299330dcf0a41a140a8e4a0c7848e2ee9ab1666793ce3b343cb32be2c84758d0453a9b940ea626b71061142b353052ebef3792de","2023-12-31T23:00:00.000","2023-12-31T23:30:00.000","1296","0",,,"7","10","27.86","6.42","0","0","34.28","Mobile","Flash Cab","41.922686284","-87.649488729","POINT (-87.6494887289 41.9226862843)","41.985015101","-87.804532006","POINT (-87.8045320063 41.9850151008)"
"883c802b88e8b934fc3d59c6e2643df84847ca2f","aee6a1f2577e5f670e300733aca9b27ad8fecd22425d14f9188733f612d6380edc507e2a0a3c1e6e198d356994d9e4b504f0656079367ec171433fe1df9751df","2023-12-31T23:00:00.000","2023-12-31T23:00:00.000","9","0",,,,,"54","10.9","0","0","65.4","Credit Card","Taxicab Insurance Agency Llc",,,,,,
"baba674947201a9b02b6d77c599b69a77fa0e988","7c5f6cdebf1bc18ff9e0c86910f485f8314df2b41903f89ad04bda857ab37c5d89268d47243c0b85f5b051196d071b0710fe634d9ee2651201379c917efd4a8f","2023-12-31T23:00:00.000","2023-12-31T23:00:00.000","631","1.38",,,"8","28","8","2","0","0","10.5","Credit Card","Chicago Independents","41.899602111","-87.633308037","POINT (-87.6333080367 41.899602111)","41.874005383","-87.66351755","POINT (-87.6635175498 41.874005383)"
"d8b803d09557af275f0fbbb4d1bb00e898223b85","222a0a55fe5180e292a8e128804e081fa50b05a0329775f9344b50ee230f23d12635ee6a2429af764d01221057af04260089849cfb0192fa29bfda38362ffad6","2023-12-31T23:00:00.000","2023-12-31T23:15:00.000","1370","17.41",,,,"28","113.84","0","0","0","113.84","Cash","Flash Cab",,,,"41.874005383","-87.66351755","POINT (-87.6635175498 41.874005383)"
"8f7df2af5f998157c1039a17b43cd6ea977c81c7","7cf0f8fb498ea690cb01cd0b0a67b48b518441a492b024fc8d87c2890b7e2c1c13e2fd4c5fe5952a2a90d47aca7f48013d6a0678308a5e537efa0dc326c3d40b","2023-12-31T23:00:00.000","2023-12-31T23:30:00.000","1658","10.26",,,"35","5","30","0","0","0","30","Prcard","Flash Cab","41.835117986","-87.618677767","POINT (-87.6186777673 41.8351179863)","41.947791586","-87.683834942","POINT (-87.6838349425 41.9477915865)"
"86d6479d08bd266405d5d2f8993eaf43252c3852","3f68542d52a06c2f726a08b3888acb6e7979a3ade1b74c38c2d8d3932377185103d527e0a018b407d71e80217caa2a9335c74cc0dabf9f13141cf5875ef051b0","2023-12-31T23:00:00.000","2023-12-31T23:45:00.000","2760","24.2",,,"43","8","60.5","0","0","0","60.5","Unknown","Taxi Affiliation Services","41.761577908","-87.572781987","POINT (-87.5727819867 41.7615779081)","41.899602111","-87.633308037","POINT (-87.6333080367 41.899602111)"
"670afd41bcaa2de0bf6bcec86b39531b8ae3bdfb","73052f4ccaf4e0fa9178722e491f8e5eda869f56e08aa4d659ef38139d36bd69df925ac00c96564af9fc30db0c616fb4c9312cb3ba36fe8c8cdd470750d4681d","2023-12-31T23:00:00.000","2023-12-31T23:00:00.000","0","0",,,"56","56","60","0","0","0","60","Cash","Taxi Affiliation Services","41.79259236","-87.769615453","POINT (-87.7696154528 41.7925923603)","41.79259236","-87.769615453","POINT (-87.7696154528 41.7925923603)"
"db2e0b1d9127fbfb64603a97d9f8a9cdc74b18be","6c6bb220c0c5f895374a902ce390b95a3f928b11f7f7e5a5a44eeef8921ca0b886817b10cf54e3e25e60fe5b48770566acab12acf377db669159bb8c44ff87e2","2023-12-31T23:00:00.000","2023-12-31T23:15:00.000","1125","8.01",,,"1","8","22.25","0","0","0","22.25","Cash","Medallion Leasin","42.009622881","-87.670166857","POINT (-87.6701668569 42.0096228806)","41.899602111","-87.633308037","POINT (-87.6333080367 41.899602111)"
"2ae99cd34d2a7b9d59a3a311885cd77a1ea40543","d744f003d8f56f6a8b53b97c0589575fa9a975e9d12f66b59a3122c36a9c9f16837e9b8227646af13d292471984c2ca5eb8409c75638dd9fe362f7150307d3d4","2023-12-31T23:00:00.000","2023-12-31T23:15:00.000","318","1.65",,,"28","27","7","5","0","3","15.5","Credit Card","Flash Cab","41.874005383","-87.66351755","POINT (-87.6635175498 41.874005383)","41.878914496","-87.70589713","POINT (-87.7058971305 41.8789144956)"
"2c186545c7a9477a89169184218ef97041cbbce6","4bb55b69e710d1792f5fd4888001f4ff0ce34040f976f8dd0307a1b5846f9a5f8855d2ab73ede4ba5167f8101c22dba1ff68f2a6d8a402ebafca9cbab923f694","2023-12-31T23:00:00.000","2023-12-31T23:15:00.000","1101","6.81",,,"8","16","20","0","0","0","20.5","Credit Card","Medallion Leasin","41.899602111","-87.633308037","POINT (-87.6333080367 41.899602111)","41.953582125","-87.72345239","POINT (-87.7234523905 41.9535821253)"
"09824e46461d03657253c7f6348a3d63b858cf40","d5709ffb84ecf9520fff03fecafda7203f03731d4cc200de921a91ae287fcae4886006c77c36d1b2a691642989850212f67b1849069e2d1c254f6a234491bb32","2023-12-31T23:00:00.000","2023-12-31T23:15:00.000","1462","5.97",,,"32","6","20.09","3.5","0","0","23.59","Mobile","Sun Taxi","41.878865584","-87.625192142","POINT (-87.6251921424 41.8788655841)","41.944226601","-87.655998182","POINT (-87.6559981815 41.9442266014)"
"8292e004b8dcb1a8c4069dbb06304f43f08480ee","01480513a7f6f4664d6cc4c41ff3043ae6ecbc8cb17404f45de6db711747adf72cf309207bcde58413778d568f67a548640421aedac9a6f961b6919b6e662e8f","2023-12-31T23:00:00.000","2023-12-31T23:15:00.000","675","1.06","17031320600","17031320100","32","32","7.75","4","0","1","13.25","Credit Card","Blue Ribbon Taxi Association","41.870607372","-87.622172937","POINT (-87.6221729369 41.8706073724)","41.884987192","-87.620992913","POINT (-87.6209929134 41.8849871918)"
"d508670146da3875069a85c1cb5edb500f4ed2d7","5067aae3d9e1474101b1df5c6b7fe79389e429ea7d820315b964dade113f9db00fd09bdaae86c17e22b9e197059dbc86b2c7e36ce25358737993f757f0b26e94","2023-12-31T23:00:00.000","2023-12-31T23:00:00.000","505","1.91",,,"6","5","8.25","2","0","0","10.75","Credit Card","Flash Cab","41.944226601","-87.655998182","POINT (-87.6559981815 41.9442266014)","41.947791586","-87.683834942","POINT (-87.6838349425 41.9477915865)"
"f5ac034e7fc7b4f5ee82655763d4dc423fc17f50","39c5b1afbd9856f33218efea0a669e7c7f8c186197b83e22ad2bce7b2339d83ba2bbfdb1b5ae01ddb17c64d6450f4507baeb350dbddf82e5bc4871519d9b33d8","2023-12-31T23:00:00.000","2023-12-31T23:00:00.000","469","3.96",,,"77","7","53.94","0","0","0","53.94","Cash","Flash Cab","41.9867118","-87.663416405","POINT (-87.6634164054 41.9867117999)","41.922686284","-87.649488729","POINT (-87.6494887289 41.9226862843)"
"9f76737a00935592648af912f4f4b21e96d4a6d3","3f68542d52a06c2f726a08b3888acb6e7979a3ade1b74c38c2d8d3932377185103d527e0a018b407d71e80217caa2a9335c74cc0dabf9f13141cf5875ef051b0","2023-12-31T23:00:00.000","2023-12-31T23:00:00.000","0","0",,,"43","43","3.25","0","0","0","3.25","Cash","Taxi Affiliation Services","41.761577908","-87.572781987","POINT (-87.5727819867 41.7615779081)","41.761577908","-87.572781987","POINT (-87.5727819867 41.7615779081)"
"77e9caf5524964128d850d9f485c09820ff7ef03","51d13e9ec1a04be36d87a3746e0e4f8c68ca5ed59e6f7af9b137af2d622f0d6bb6a4d3534788bd879e6841ba52d9b8efd7d1771a6a416cd441d1640987b63ec3","2023-12-31T23:00:00.000","2023-12-31T23:15:00.000","833","7.93",,,"8","77","19.72","3.89","0","0","23.61","Mobile","City Service","41.899602111","-87.633308037","POINT (-87.6333080367 41.899602111)","41.9867118","-87.663416405","POINT (-87.6634164054 41.9867117999)"
"a50a8b4c868a4d5290a01d341bae44119383783f","b85df3fd8cdc552a74a3d9314a93209b38870f707943707001a261fb394ef2965b54b9bccbd85311c10c62f76ef18ca2fb5837170e019bb4297415a0dbf6cb52","2023-12-31T23:00:00.000","2023-12-31T23:15:00.000","855","4.18",,,"7","21","13.25","0","0","1","14.25","Cash","Blue Ribbon Taxi Association","41.922686284","-87.649488729","POINT (-87.6494887289 41.9226862843)","41.938666196","-87.711210593","POINT (-87.7112105933 41.9386661962)"
"adb7eb5e6cc761dac573955647033aaa8f2fa56a","a38d173f3d3a362a9622b11153393dced7724f53b9c20c0a1798ffda7f9d5ab17e47d7450cefad8fc1a8a26a049c111d79ddef1f7eda0de14bebaff2043ca27d","2023-12-31T23:00:00.000","2023-12-31T23:15:00.000","579","1.43",,,"8","32","7.75","2","0","1","11.25","Credit Card","Flash Cab","41.899602111","-87.633308037","POINT (-87.6333080367 41.899602111)","41.878865584","-87.625192142","POINT (-87.6251921424 41.8788655841)"
"6eea2399ffa69aef0ac3cecef91f688d99c8b39f","89ba04787326043a188629f7721bb7a1b90d7e0d024e6ca6cb9ee03570d822c4bc09e6809664db77feac7f7a7fca9572dc9cc3d8f16fb9e99241ed4153c04518","2023-12-31T23:00:00.000","2023-12-31T23:15:00.000","1088","1.36","17031320100","17031320100","32","32","10.25","4","0","2","16.75","Credit Card","Chicago Independents","41.884987192","-87.620992913","POINT (-87.6209929134 41.8849871918)","41.884987192","-87.620992913","POINT (-87.6209929134 41.8849871918)"
"f4b45e49b401cea3f1878b9684c3d953a8f4bdb6","e4d62c5f130dee786b1d1515868b32e04df99df544b98efa26a48af417169342dcd9b3b98ecbffd6611e513ec4effe664a5b093d747e2d2d338185a100c6d3fc","2023-12-31T23:00:00.000","2023-12-31T23:15:00.000","572","0.44","17031081700","17031081403","8","8","6.5","0","0","2","8.5","Cash","Taxicab Insurance Agency Llc","41.892042136","-87.63186395","POINT (-87.6318639497 41.8920421365)","41.890922026","-87.618868355","POINT (-87.6188683546 41.8909220259)"
"d9385897d1c47376f27fb17760fc7a7e52115d98","54044c4ce47d539663e1520272de87e38a14d38ca23a666360031dadffe5fb5b8be396c3219a60f4b5325d461a8bb9c1202e3aedb1b1b77dfbfcdb68dd8c144e","2023-12-31T23:00:00.000","2024-01-01T00:00:00.000","3606","4.76","17031320600","17031320600","32","32","30","0","0","0","30","Cash","Chicago Independents","41.870607372","-87.622172937","POINT (-87.6221729369 41.8706073724)","41.870607372","-87.622172937","POINT (-87.6221729369 41.8706073724)"
"a4664a2ef958876ae38b84c2e742348d31626843","1ea5004ae3f44bd45e15417e3f740814c9d18093801d65dfbb6acf7e7d67ef2d1a68a572d1f7459788ba66b2a0395c3738b5f3055f69f9bde7d26ac771a28f06","2023-12-31T23:00:00.000","2023-12-31T23:15:00.000","432","1.42",,,"8","32","7","1.7","0","1","10.2","Mobile","Sun Taxi","41.899602111","-87.633308037","POINT (-87.6333080367 41.899602111)","41.878865584","-87.625192142","POINT (-87.6251921424 41.8788655841)"
"89250b1fbeb5735c860638453f992c0a8e65d0b3","9ed3d450497cbb3cb1093ac395f7b7b2a9830718003318069dc3ec3eb577cd4c09d71c9c5eea370e4f9371b8e51df8f08e0e0b79407196c7dedfcfea700e2e6a","2023-12-31T23:00:00.000","2023-12-31T23:30:00.000","1723","8.16",,,"16","8","24","0","0","0","24","Prcard","Flash Cab","41.953582125","-87.72345239","POINT (-87.7234523905 41.9535821253)","41.899602111","-87.633308037","POINT (-87.6333080367 41.899602111)"
"555aac507499b4903bded713ee8c53bb45749d96","3d4d650b0b10ca90ad2b4ac59a5f5b5f6d7bec7485211b2a41f1f63c5b83edd5b2efb7bf7290bddb0ddd12a91d0c89738767d70f47cfb1689686936a376031db","2023-12-31T23:00:00.000","2023-12-31T23:15:00.000","861","0",,,"6","8","14.36","1.68","0","0","16.04","Mobile","Flash Cab","41.944226601","-87.655998182","POINT (-87.6559981815 41.9442266014)","41.899602111","-87.633308037","POINT (-87.6333080367 41.899602111)"
"d73a7fd4c5582a3b74d45e363017b1bbc7fa3c6f","5732bb53e9becb096e11b52228bb5079a585622bd15b745b5951f8ae0fa018ac511f3faf0863a9e890c5b8be5a601b6ee2e6301404137fa406855840ef83d45c","2023-12-31T23:00:00.000","2023-12-31T23:15:00.000","1560","14.1",,,"56","6","36","5","0","4","45","Credit Card","Taxi Affiliation Services","41.79259236","-87.769615453","POINT (-87.7696154528 41.7925923603)","41.944226601","-87.655998182","POINT (-87.6559981815 41.9442266014)"
"f0b04fc55abc39b35052988001d203371d0c016f","f20c9c5845dab1e51799b959d378c102763d4b31d738da7ea1f7fee763a4c830854cf6025fbe42e7c37dddab03ef2cf43bc775bdd6c5a4114d307dbf415728a5","2023-12-31T23:00:00.000","2023-12-31T23:15:00.000","989","11.95",,,"22","68","30.75","0","0","0","30.75","Prcard","Flash Cab","41.92276062","-87.699155343","POINT (-87.6991553432 41.9227606205)","41.777196255","-87.642497527","POINT (-87.6424975271 41.7771962546)"
"04a9882f4330e2f34889655a0cd53c9650de1634","27d008f238085ace4d02aea9295d2a1cccae08952fc70243472495016fd6cde7551214ef22474ef8c3d740320d70a18f715b240115306550848d23dfbdeea96d","2023-12-31T23:00:00.000","2023-12-31T23:00:00.000","380","1.55",,,"8","8","30","6.1","0","0","36.6","Credit Card","Flash Cab","41.899602111","-87.633308037","POINT (-87.6333080367 41.899602111)","41.899602111","-87.633308037","POINT (-87.6333080367 41.899602111)"
"38ffde266f8a2e4847ec4a7e89fe4f319c0b72a1","ad4b1730fcbfdb84e41313179a688924012db322823f487d70ffcdbf1fa0e9ec11c35045af7e7cf561db41f5a46939ab7ea0565dc6fa26a0d14f68f6f568b92e","2023-12-31T23:00:00.000","2023-12-31T23:00:00.000","543","0.96",,,"8","8","7","0","0","5","12","Cash","5 Star Taxi","41.899602111","-87.633308037","POINT (-87.6333080367 41.899602111)","41.899602111","-87.633308037","POINT (-87.6333080367 41.899602111)"
"944d3f728524bdb405db3c65c330426f577c00cb","3c5b4f29aac78c145bf09a567d547e22ab95655e4288d93bb78ac65c87a6843c6cc87c02dadd0a8652f43c3206f416b11dd7e03bb438be1c5a176902f1afb742","2023-12-31T23:00:00.000","2023-12-31T23:30:00.000","1733","13.67",,,"76","3","35.75","8.05","0","4","48.3","Mobile","Sun Taxi","41.980264315","-87.913624596","POINT (-87.913624596 41.9802643146)","41.96581197","-87.655878786","POINT (-87.6558787862 41.96581197)"
"3586848bb897c4242faa77ef1165636221505e03","91a036e3de3c1f459f2664801ea9388870751ae14e196e5be1caa84093318244f75aad0dbecdb8f5f6d2fb9ceec9c03c57acb5309769a88c68d06a49b157dae8","2023-12-31T23:00:00.000","2023-12-31T23:00:00.000","517","4.38","17031081403","17031062000","8","6","13.25","2.95","0","1","17.7","Credit Card","City Service","41.890922026","-87.618868355","POINT (-87.6188683546 41.8909220259)","41.942577185","-87.647078509","POINT (-87.6470785093 41.942577185)"
"5a52246f9d44563585bef8b3bd0d155a9d16343a","957f9f38a64b3f69b922bebf7d0db47967c6dfedf59036aabd32fd62dad8fdac5b8f45debf8ff03c828ea3aefe3cbc8e3b33f16c51b9ecd9442b12da1d73134d","2023-12-31T23:00:00.000","2023-12-31T23:15:00.000","1085","6.19",,,"32","23","17.51","3.67","0","0","21.18","Mobile","City Service","41.878865584","-87.625192142","POINT (-87.6251921424 41.8788655841)","41.900069603","-87.720918238","POINT (-87.7209182385 41.9000696026)"
"fa7b0aae3538b4b4d01db8bfc50268c900b12a57","8a999732f0972dda5aa358ad377427f0cb844b5ec246a98fd19c6b0fe688f400a7da82d98ddd57c0f6cc3b6e83f902633268b661dee9aec1ffecb5ef5cd8cf04","2023-12-31T23:00:00.000","2023-12-31T23:00:00.000","45","0",,,,,"3.25","12.79","0","81.5","98.04","Credit Card","5 Star Taxi",,,,,,
"45691ab735c623f5cfed3128d0f77937b6429138","761789d686c96d6a313aecc3d5080955d5353b3a7f8d89255c3be3cb313f9b6bfc78404b7ac22ca681649dad9b06c29712d6350982390b762fa97b2a08fca1db","2023-12-31T23:00:00.000","2023-12-31T23:15:00.000","903","12.53",,,"76","21","31.75","0","0","4","35.75","Cash","Sun Taxi","41.980264315","-87.913624596","POINT (-87.913624596 41.9802643146)","41.938666196","-87.711210593","POINT (-87.7112105933 41.9386661962)"
"47273e3b2ed3eabc395ea0caccbb3112e0bb78ac","135ae3e27e645db0d93702c52df40e6f0ae8b88c87869bdd6a7585a84ee4ed72641efefe7dd2d0bae191a6a6cb59f1da77fd207adffb4802e7042c296fa0e1a9","2023-12-31T23:00:00.000","2023-12-31T23:00:00.000","9","0.04",,,"24","24","30","5","0","0","35.5","Credit Card","5 Star Taxi","41.901206994","-87.676355989","POINT (-87.6763559892 41.9012069941)","41.901206994","-87.676355989","POINT (-87.6763559892 41.9012069941)"
"20a1cd9fc1d5ca57ce61161e1ff58c3ed9e34756","071d031c64f608418d27905c9ffe95bf52695615683d5f4e7072ed77fe2757fe623e369ce677a96e4535360841f5f1ad3f1d6de25ecb0e47e8848ec83bce4da3","2023-12-31T23:00:00.000","2023-12-31T23:00:00.000","106","0.15","17031081201","17031080100","8","8","3.75","0","0","0","3.75","Cash","5 Star Taxi","41.899155613","-87.626210532","POINT (-87.6262105324 41.8991556134)","41.907520075","-87.6266589","POINT (-87.6266589003 41.9075200747)"
"96799d2846525e9005268bac1cc1446ea6cb84f1","fa00293f740bb9c2bdaf0b119dfc057ebbe9ea87ae533da0e97a0bc475978f80f8e91ae04c8c4b1d2729685356a8a80a368f4093a16ec62261da341d0aecc400","2023-12-31T23:00:00.000","2023-12-31T23:15:00.000","636","6.53",,,"32","21","18.25","4.55","0","4","27.3","Credit Card","Medallion Leasin","41.878865584","-87.625192142","POINT (-87.6251921424 41.8788655841)","41.938666196","-87.711210593","POINT (-87.7112105933 41.9386661962)"
"ec0ee2897e93abd439cf092f4daa92335408c570","342474dd3a24c9d5b7dbc2514032a01ecb396624638be510614948e1bfbcaff802b12a713e58742d8597899edbcf1c4926ae2238b9612b4f8c10faad33621650","2023-12-31T23:00:00.000","2023-12-31T23:00:00.000","360","0.8",,,"32","8","5.5","0","0","1","6.5","Cash","Taxi Affiliation Services","41.878865584","-87.625192142","POINT (-87.6251921424 41.8788655841)","41.899602111","-87.633308037","POINT (-87.6333080367 41.899602111)"
"d9ef59f2a77f103f61f2b90f0292146870b5a52d","57fa54b44d1e25d82c1de3200158c2475a894490b1c32c4b5356e694a3d15f896fc0ffebb9422cc1875ebd24a578bd9e80d7143e444d36e8ec39f08f19bad982","2023-12-31T23:00:00.000","2023-12-31T23:00:00.000","390","0.72","17031320100","17031839100","32","32","6","0","0","2.5","8.5","Cash","Sun Taxi","41.884987192","-87.620992913","POINT (-87.6209929134 41.8849871918)","41.880994471","-87.632746489","POINT (-87.6327464887 41.8809944707)"
"f36c09fdaab5383a5e14a7da8fa46c208dabba13","6e8695920a3328f59fc6bfee7746d17159c2fec7708d9a260766e7f0b89549a905798ab448b16bc998d8181af1ddc70dc330059afd55038ce8a07d3ce0b6366d","2023-12-31T23:00:00.000","2023-12-31T23:15:00.000","1200","13.8",,,,,"35.5","10.25","0","5","50.75","Credit Card","Taxicab Insurance Agency, LLC",,,,,,
"214f0edfe0ec84c3a3d6a214c6d7a13d8d05ed07","ff60dabe17243a25435dcaf430a8b31615374bfc6be8416ff770306b39478cf34a5adedd497213f79bc39863f1048b62a3b7ceb4623d226104e44e82fae2438f","2023-12-31T23:00:00.000","2023-12-31T23:15:00.000","865","6.38",,,"32","22","18.75","0","0","1","19.75","Cash","Flash Cab","41.878865584","-87.625192142","POINT (-87.6251921424 41.8788655841)","41.92276062","-87.699155343","POINT (-87.6991553432 41.9227606205)"
"7949f1d73d1eea5190c1330b41fd35a4fa24794d","4a991432c3e0600b9c919a01148b17b866d29a41751b95a72fa71486c1927c3e9233ede6837d7860faca81e668aa83d07543f50253040e70a6507b10590381ec","2023-12-31T23:00:00.000","2023-12-31T23:00:00.000","0","0","17031081600",,"8",,"0","0","0","0","0","Cash","Taxi Affiliation Services","41.892072635","-87.628874157","POINT (-87.6288741572 41.8920726347)",,,
"a61c4ce45b1145597e7fb069eb3479d5a2870991","3506f62ee1c70c02fe00b742679684b319d5b712182f828f14b081888056485c3bd5911f60c194bcf0fb5986bb4f04b7d169ab0fd22cb63f0906af16d431395b","2023-12-31T23:00:00.000","2023-12-31T23:15:00.000","729","12.47",,,"11","60","31.25","0","0","0","31.25","Prcard","Sun Taxi","41.978829526","-87.771166703","POINT (-87.771166703 41.9788295262)","41.836150155","-87.648787952","POINT (-87.6487879519 41.8361501547)"
"9f99ea8d50b8c86e663c136cb7836fd64015c8ba","b8542c97a7f13d22a61d34cc632b172c9fa94de46bbfd3f8964b882a55dfdcce2f73630a9c31aa2328deb80ae3d2ee2b6feffbc440d7bf501ccb1367b1b2c812","2023-12-31T23:00:00.000","2023-12-31T23:00:00.000","185","0.48",,,"8","8","9","2.22","0","0","11.22","Mobile","City Service","41.899602111","-87.633308037","POINT (-87.6333080367 41.899602111)","41.899602111","-87.633308037","POINT (-87.6333080367 41.899602111)"
"12cf019c827f2b8aedb1aae256ce1e939cc4f057","22b403ba1c4de25cb19049e9c08b6d1339a9eea3ec06f9bad7bca4f17a7ce1b237f980cc925abad84ec75963637c6c4c517ef5319e0db76ad7046e28f43ff9cf","2023-12-31T23:00:00.000","2023-12-31T23:30:00.000","1773","13.37",,,"6","43","35.25","0","0","0","35.25","Cash","Flash Cab","41.944226601","-87.655998182","POINT (-87.6559981815 41.9442266014)","41.761577908","-87.572781987","POINT (-87.5727819867 41.7615779081)"
"152ff78f1cc2484f96f6bac870a654e51396f6ef","1e9ee898038a0da05c421b13aaaa6bb7944d2a49ac83d749318ba52ab05ee929289a0fe3aa8bfa328ab84fd7e2d5b976ccb66ae72c1e879ee3e9ed4aa24fb537","2023-12-31T23:00:00.000","2023-12-31T23:15:00.000","1127","12.13",,,"76","22","31","7.3","0","5","43.8","Credit Card","Sun Taxi","41.980264315","-87.913624596","POINT (-87.913624596 41.9802643146)","41.92276062","-87.699155343","POINT (-87.6991553432 41.9227606205)"
"182e7e38eb0105937e5a122d6dae8d028e52502d","1b9ab0532482023ae1a4cd4364c4e40f33028c7f1a2b032a45cf52f63e280ab779ed5bc3a245e48a4cd681505abcc6a754aad191c4792989b82a63fe37a95f7f","2023-12-31T23:00:00.000","2023-12-31T23:15:00.000","793","2.67",,,"3","6","10.75","4","0","1","16.25","Credit Card","Chicago Independents","41.96581197","-87.655878786","POINT (-87.6558787862 41.96581197)","41.944226601","-87.655998182","POINT (-87.6559981815 41.9442266014)"
"3bc84de4d75ccd3d0e80741adc51df767505c8a6","6c1e4e8e25a1b47575b359c5a0844cf23c50e540a86ecd0716fcd41f8c69995471259465f9936a4f3f80ba88d9ef7a2f9f02c40102f1c5c21b8f23f77ef48d84","2023-12-31T23:00:00.000","2023-12-31T23:15:00.000","1172","3.38",,,"8","28","13.25","0","0","1","14.25","Cash","Flash Cab","41.899602111","-87.633308037","POINT (-87.6333080367 41.899602111)","41.874005383","-87.66351755","POINT (-87.6635175498 41.874005383)"
"5a2b3b3a5c7ec559bfc6d3111291045cc0a850f4","7d2e7cdd59237335e96b9b1a897a5e48cb4df467e6c09242b1e9461256f36aa4f9ab9649279f19ab5c8ad32ad7eb683800a0fd566f3f4fbd48323bab81908955","2023-12-31T23:00:00.000","2023-12-31T23:00:00.000","458","0.59","17031081600","17031081600","8","8","6","0","0","0","6","Cash","City Service","41.892072635","-87.628874157","POINT (-87.6288741572 41.8920726347)","41.892072635","-87.628874157","POINT (-87.6288741572 41.8920726347)"
"5fe8a7df8154ecab46c609dd810a1c7f32ab5b47","f509c57d2f0b196f54d9b751ce2a1b6e956f378841b1e88b178bed2240a6aa347b50ef81087dff1f91efb1a52f5580848cd8467316b6eb4d02f2642814b8996e","2023-12-31T23:00:00.000","2023-12-31T23:15:00.000","1404","12.32",,,"43","28","32.5","0","0","0","32.5","Prcard","City Service","41.761577908","-87.572781987","POINT (-87.5727819867 41.7615779081)","41.874005383","-87.66351755","POINT (-87.6635175498 41.874005383)"
"cf92be61c16ba503f6762fc9acdde2f19f78ed52","a542a0925c3905b90f56c23d5d6243e815695666f0c0e5a50a794d2e9de7351ec23079fb810b7d9e55f6a206468ce01aa444c6bb0a5d77d15383c8c48dc4ece4","2023-12-31T23:00:00.000","2023-12-31T23:30:00.000","1680","1",,,"56","14","42.75","7.31","0","6","56.06","Credit Card","Taxi Affiliation Services","41.79259236","-87.769615453","POINT (-87.7696154528 41.7925923603)","41.968069","-87.721559063","POINT (-87.7215590627 41.968069)"
"34f3107e65610ec819ab43af486dde29e8744fed","72acb561bc3ff52febfb74f963b7e3a637c4a5de6f13607932913e3c2386875e135d8f81a10e72bae9c8839b88ade59b6d4d45b9b549ecf401e485d9650048fb","2023-12-31T23:00:00.000","2023-12-31T23:00:00.000","627","0.87","17031081500","17031320100","8","32","7","3","0","1","11.5","Credit Card","5 Star Taxi","41.892507781","-87.626214906","POINT (-87.6262149064 41.8925077809)","41.884987192","-87.620992913","POINT (-87.6209929134 41.8849871918)"
"3c36e40bca7bf00cf3f85f70caa2fb7c40ccda13","3c2a8736d7be1396beb9d0e34807d4065e49a3d4bc122973cb57c0fc17f368bf67257d13b361990468de3dce22d71f660701dffdc49011226e2cbb815601b69f","2023-12-31T23:00:00.000","2023-12-31T23:15:00.000","1322","1.27","17031320400","17031081403","32","8","11.5","2.6","0","1","15.6","Credit Card","Flash Cab","41.877406123","-87.621971652","POINT (-87.6219716519 41.8774061234)","41.890922026","-87.618868355","POINT (-87.6188683546 41.8909220259)"
"b2f3b991f64618e8d3029c96e1fed059b97d0df2","84a9489b354cd6dfe99487c12c5c735e40bb1350f645668ae00ec89cc0c22510a043d8461381406b57db35f51c04f215b889e310c6b151caaa0775504ddc4884","2023-12-31T23:00:00.000","2023-12-31T23:15:00.000","671","1.35","17031320600","17031320100","32","32","15","0","0","0","15","Cash","Chicago Independents","41.870607372","-87.622172937","POINT (-87.6221729369 41.8706073724)","41.884987192","-87.620992913","POINT (-87.6209929134 41.8849871918)"
"89e6dc1d332989c6cacd8f8ea90c1958d36ff94e","c7e24b57c5ac5cc6b23bdaa7ad986c639f07680587bf710f52dde392f353f9935355277768f8ab89ba94a517ff8ee254ef7927c7bdb11868bb78ad39d5f502e2","2023-12-31T23:00:00.000","2023-12-31T23:15:00.000","1460","0.09","17031320100","17031320100","32","32","11.25","2.75","0","2","16.5","Credit Card","Flash Cab","41.884987192","-87.620992913","POINT (-87.6209929134 41.8849871918)","41.884987192","-87.620992913","POINT (-87.6209929134 41.8849871918)"
"9cb3438e2d526e5dcca860800546eb08a163f453","6dcd43a953f0c1bdfc49fe8260b9504af2cc45eefdfc2266ae6b2e6f977abe8676fd0ce732e377706422d51583eda869a841f93e70d0833eed4705f4bd5e9eb2","2023-12-31T23:00:00.000","2023-12-31T23:15:00.000","712","3.18",,,"3","16","11.5","0","0","1","12.5","Cash","5 Star Taxi","41.96581197","-87.655878786","POINT (-87.6558787862 41.96581197)","41.953582125","-87.72345239","POINT (-87.7234523905 41.9535821253)"
"e4cfb5ebb1ede782662ed6b4ace0bff030ca30ed","d6e1a9e103336c396201abe9ceb00795fcd41e14ccbf548bddc575066b1624fed9b5b8f6a4da7feaac63928742dc21554af766c0e71eef4bfa910191fe8ad001","2023-12-31T23:00:00.000","2023-12-31T23:15:00.000","926","9.27",,,"28","15","24.75","0","0","0","24.75","Cash","Flash Cab","41.874005383","-87.66351755","POINT (-87.6635175498 41.874005383)","41.954027649","-87.763399032","POINT (-87.7633990316 41.9540276487)"
"7c933394596957d9c56b923fd0f3a4bc18f4b7f6","c53dba6f2d4174b792e113023de74f54e5af52ba87cf1a0610f9ce669032e3ed9eea4c9b7a1c6185cbdfc3e98163e38a151c4807a4a1db9bd977043f3bb836f4","2023-12-31T23:00:00.000","2023-12-31T23:45:00.000","2659","9.29",,,"7","24","28","0","0","0","28","Prcard","Flash Cab","41.922686284","-87.649488729","POINT (-87.6494887289 41.9226862843)","41.901206994","-87.676355989","POINT (-87.6763559892 41.9012069941)"
"9937d46dbc7b1eb988caa86f5ecbe0141c199cc5","b7a562fe2d37014bb47274cb5baa361b97ff9263e3ba526848a1cef5749ff3589c63e8c2aa49dcaf8fce7899b1b135e3399c7a1785c24fe82f52ed729359bde8","2023-12-31T23:00:00.000","2023-12-31T23:30:00.000","1200","12.6",,,"56","24","31.75","7.45","0","5","44.2","Credit Card","Taxi Affiliation Services","41.79259236","-87.769615453","POINT (-87.7696154528 41.7925923603)","41.901206994","-87.676355989","POINT (-87.6763559892 41.9012069941)"
"7a5d3a04e6ba5256973616a1047946eff23a0e1f","f7782da531b08c6ce5a1e16a8c2998f6f4f7943f29ab53713949ec17f3b4d7f8b4cd8a84da2fe7c4b0a17f1fc3439e376d3bfec25d83652dfa4468342e25f6b1","2023-12-31T23:00:00.000","2023-12-31T23:00:00.000","312","0.74","17031320100","17031839100","32","32","5.5","0","0","1.5","7","Cash","Taxicab Insurance Agency Llc","41.884987192","-87.620992913","POINT (-87.6209929134 41.8849871918)","41.880994471","-87.632746489","POINT (-87.6327464887 41.8809944707)"
"5018a06ca41236777ca861226f7a8924100444d0","91f06db58053143c1ed5453714469f839b2b1ed1cdd93f8c906cdc7870a2a6080ff5dc01221ddb0320423d37c630d8f1d3d043664f47a489c4a3130e47310055","2023-12-31T23:00:00.000","2023-12-31T23:30:00.000","1416","12.67",,,"56","8","32.25","7.35","0","4","44.1","Credit Card","Flash Cab","41.79259236","-87.769615453","POINT (-87.7696154528 41.7925923603)","41.899602111","-87.633308037","POINT (-87.6333080367 41.899602111)"
"1daaefa95e5f69373a99f10cf837302e3411cbe7","db757f6c1157d9f81e266396132cd641837c189b803c52df09f005d4aaa36fa8f3c786b71c307bad992636122a7c61873571d96ff24468fd19e4f40d00a3da15","2023-12-31T23:00:00.000","2023-12-31T23:15:00.000","551","0.79","17031081100","17031081500","8","8","6.75","0","0","0","6.75","Cash","Flash Cab","41.900221297","-87.629105186","POINT (-87.6291051864 41.9002212967)","41.892507781","-87.626214906","POINT (-87.6262149064 41.8925077809)"
"71d9230a7bdede07af3049067ba840b9b43b8895","abda2cf0f312d084cced589f1096e438ee3e80d13e8ca4c7453f1a3695a73fe0aabc35faf87f4abe7197d3c1350e41f3e58dbeb5b7cd1b84204f02579a05c853","2023-12-31T23:00:00.000","2023-12-31T23:30:00.000","1394","15.63",,,"76","7","39.5","10","0","5","55","Credit Card","City Service","41.980264315","-87.913624596","POINT (-87.913624596 41.9802643146)","41.922686284","-87.649488729","POINT (-87.6494887289 41.9226862843)"
"99d5bed888d75a1f04ab7e5da94d13ffc445219f","d1a7c7e8e9cf388f9923e529d82166c5a3baf4262ec9145752b28ddfec91d431d5e9d3d727fb78e595ca209548142c44d6b250817b4eff5676a05eec87d4227f","2023-12-31T23:00:00.000","2023-12-31T23:00:00.000","0","0","17031081700","17031081700","8","8","3.25","40","0","0","43.25","Credit Card","Chicago Independents","41.892042136","-87.63186395","POINT (-87.6318639497 41.8920421365)","41.892042136","-87.63186395","POINT (-87.6318639497 41.8920421365)"
"bd3789649cbd59850888b84df680adb69544d01b","6b6dc04e7b06da4f1dc50dee727d9ef2d1c2df22a009b44ba04c006d6dc61a1dd90cf2bca0b3e86e383183d495d4e25681dd4dc5e65c952c9614cc1913f95767","2023-12-31T23:00:00.000","2023-12-31T23:00:00.000","510","1.79",,,"8","28","9","2.25","0","0","11.25","Mobile","Sun Taxi","41.899602111","-87.633308037","POINT (-87.6333080367 41.899602111)","41.874005383","-87.66351755","POINT (-87.6635175498 41.874005383)"
"03d6fdf875a1bcd46c0962c5d02d9c9a4baaf88f","bea60a7eb41413e1c5c6477f99e0044eb0a88f575e4cc9e4657f5244a0b6ec2ad508ce8bd3632d5a77c5c28b960f9caf62d5461e6e650f1d5429fa0bb0c814be","2023-12-31T23:00:00.000","2023-12-31T23:15:00.000","971","5.76",,,"33","41","14.15","1.66","0","0","15.81","Mobile","Taxicab Insurance Agency Llc","41.857183858","-87.620334624","POINT (-87.6203346241 41.8571838585)","41.794090253","-87.592310855","POINT (-87.592310855 41.794090253)"
"d223e17936e7273b9f264263818ec1425db9f3fe","d9587fb1393e03032cd4940b45d137b4ed22d5aa753b696b2e445fd48c72b9dcc1a08b85950acdb49cc5c948701d5c59a76aa915b1ab3b8e6dd2c871d22897cf","2023-12-31T23:00:00.000","2023-12-31T23:00:00.000","724","1.14",,,"32","8","7.75","0","0","0","7.75","Cash","Taxicab Insurance Agency Llc","41.878865584","-87.625192142","POINT (-87.6251921424 41.8788655841)","41.899602111","-87.633308037","POINT (-87.6333080367 41.899602111)"
"6d627877863a926db3f024e0d1a785009aad27f9","4628ef9dfa973bdfe877c5aa9d9738f9dc1204e54f2f1a4cc18141f37e2e66d080533f82510a96d1525b28eee833696f7e1337e9999a38f2fd5babf71585a344","2023-12-31T23:00:00.000","2023-12-31T23:15:00.000","722","2.27",,,"28","8","9","1.14","0","0","10.14","Mobile","Chicago Independents","41.874005383","-87.66351755","POINT (-87.6635175498 41.874005383)","41.899602111","-87.633308037","POINT (-87.6333080367 41.899602111)"
"d67e5b853fc00c940afeb2d2ea80304bda4571a9","37073e8c9e454886fe4a916f80a9a3478570e7dd3e663f40c5b81eae90f8f611027c67455f43b426f4c34dcb7fdb6697c82a3c6d00237f11a4a6cf5b1d1ce0c7","2023-12-31T23:00:00.000","2023-12-31T23:15:00.000","552","4.19",,,"8","6","13","3.38","0","0","16.88","Credit Card","City Service","41.899602111","-87.633308037","POINT (-87.6333080367 41.899602111)","41.944226601","-87.655998182","POINT (-87.6559981815 41.9442266014)"
"4673b77ab712312658f4dd559cb2f6e2e80b7549","3c07027096c12ad3f6cc84a0914cd2d14546a3662141a19f9b9b2d52d03eaead3b147811b520d04d2e22ab9c78993f1be64e7b3974caf0d111423dc84b953489","2023-12-31T23:00:00.000","2023-12-31T23:00:00.000","233","0.51",,,"6","6","4.75","0","0","2","6.75","Cash","Chicago Independents","41.944226601","-87.655998182","POINT (-87.6559981815 41.9442266014)","41.944226601","-87.655998182","POINT (-87.6559981815 41.9442266014)"
"66e8771531c522b9177f6bb95c152b2242e65ecc","73c53bd1d015d25541aa53570b7f1dd2227cf25b2bed0c08ea9c6099486dd35610416f2bf9937bafe3519b2fbbedd051c719c7b50af95eab8079e03ae86992af","2023-12-31T23:00:00.000","2023-12-31T23:45:00.000","2160","0.5",,,"72","43","26","0","0","0","26","Unknown","Taxi Affiliation Services","41.713148612","-87.675075312","POINT (-87.6750753124 41.713148612)","41.761577908","-87.572781987","POINT (-87.5727819867 41.7615779081)"
"8956aa3166968322e4d6f840fb4d049c0880b9f5","033605c7145dea0e56be0ca74bb89a85bce0d2fd11c408b92c42d83d202081a0d6d48e37c8143824f38f01fd1bbc4fa22181761f07d613386472d71618171dc7","2023-12-31T23:00:00.000","2023-12-31T23:00:00.000","360","2.8",,,"76",,"10","0","0","5","15","Cash","Globe Taxi","41.980264315","-87.913624596","POINT (-87.913624596 41.9802643146)",,,
"d1c8c6030dce18d589631d6baf543614760b787b","b3ee94a13b61037620cbbfc6a4a106d2ad628a06f0988f1eba5586d5387776d3781d71244392ff9c1afd5b69e65dfec45b2a936c2d101209044ff6365121ed6f","2023-12-31T23:00:00.000","2023-12-31T23:00:00.000","240","0",,,"8","8","4.5","0.67","0","0","5.17","Credit Card","Taxi Affiliation Services","41.899602111","-87.633308037","POINT (-87.6333080367 41.899602111)","41.899602111","-87.633308037","POINT (-87.6333080367 41.899602111)"
"2d7a2f66d976e6300f0edd8cab53df4343ab79ab","dff8b2296e1abd3c3470a2f0765b3f385f9a53c8df1cc314e899a81be2cfb6f52c61af660e6434c35e2c1a4ab2eeb004ab0027826471be4fff9a4648ef51e7a0","2023-12-31T23:00:00.000","2023-12-31T23:15:00.000","1289","2.44",,,"8","33","10.93","0","0","0","10.93","Mobile","Chicago Independents","41.899602111","-87.633308037","POINT (-87.6333080367 41.899602111)","41.857183858","-87.620334624","POINT (-87.6203346241 41.8571838585)"
"76c0b9199d8401aeed1dd6ff3892fc1f888a164b","cedeef3646a2dacfb67265f39bf7acfd3a0f0954434a4cfbfce78c3b8e01fbe8a12fc4a11917014fc3523e3d7ac796b0755bab6f2b28da84ea7c4c6fd27ce775","2023-12-31T23:00:00.000","2023-12-31T23:00:00.000","21","0",,,"6","6","3.25","0","0","0","3.25","Cash","5 Star Taxi","41.944226601","-87.655998182","POINT (-87.6559981815 41.9442266014)","41.944226601","-87.655998182","POINT (-87.6559981815 41.9442266014)"
"8abb5474fc45860f535538b030e49fff737f7363","64b71bd4e488e9c5571cdfcca045e7cb7a4abb0931f17b9689b4049c2a71df3161c216d73fd2cb53ba148afc4bb00df5bcdc9790cd679e9000319c12e37217e3","2023-12-31T23:00:00.000","2023-12-31T23:15:00.000","978","1.44",,,"32","8","9.75","0","0","1","11.25","Credit Card","Flash Cab","41.878865584","-87.625192142","POINT (-87.6251921424 41.8788655841)","41.899602111","-87.633308037","POINT (-87.6333080367 41.899602111)"
"74fd930be67127439474b7ecff7b590a9389f046","cedeef3646a2dacfb67265f39bf7acfd3a0f0954434a4cfbfce78c3b8e01fbe8a12fc4a11917014fc3523e3d7ac796b0755bab6f2b28da84ea7c4c6fd27ce775","2023-12-31T23:00:00.000","2023-12-31T23:15:00.000","925","4.05",,,"6","24","12.11","2.85","0","0","14.96","Mobile","5 Star Taxi","41.944226601","-87.655998182","POINT (-87.6559981815 41.9442266014)","41.901206994","-87.676355989","POINT (-87.6763559892 41.9012069941)"
"009025a73255bd78a026a61a0dd37323dccbe940","259d38cfdbc9ac6f9bb01f0df740e0ddf4a631a70bbdd6525862b20b7ed0e0554dbbde64c2955b8b6f41468c8970e5507490db36348f884461783472621bda08","2023-12-31T23:00:00.000","2023-12-31T23:00:00.000","600","1.1","17031081403","17031839100","8","32","7.5","0","0","1","8.5","Cash","Taxicab Insurance Agency, LLC","41.890922026","-87.618868355","POINT (-87.6188683546 41.8909220259)","41.880994471","-87.632746489","POINT (-87.6327464887 41.8809944707)"
"e21c2a1af4adc6a4a8f4ec5f7de8ca5ad3bcb909","2659a61c08f91c6efd9e7d7947a00006a7bc26aa518241786d51cb05c853cdd86fdd1adc4010867706a2daa9f0da856cb2d7a705c111d3c89e53f5499741247e","2023-12-31T23:00:00.000","2023-12-31T23:00:00.000","530","1.32",,,"8","8","9","2.22","0","0","11.22","Mobile","Globe Taxi","41.899602111","-87.633308037","POINT (-87.6333080367 41.899602111)","41.899602111","-87.633308037","POINT (-87.6333080367 41.899602111)"
"983ab71df497c4bdd817c93399267d42b6b431dc","c7a8a53874bbcdb11e70a488485e8bdd0bb8cc0de8f5d98d3ef4d9c3223d7b4024a6d8fda9c00e8e55f3985e5a728ddce0175359c31e0bc5cd3c008d89b23ed1","2023-12-31T23:00:00.000","2023-12-31T23:00:00.000","6","0",,,"31","31","18","1.5","0","0","20","Credit Card","Flash Cab","41.850266366","-87.667569312","POINT (-87.667569312 41.8502663663)","41.850266366","-87.667569312","POINT (-87.667569312 41.8502663663)"
"5cca165d7022c13f7a01a2b53a0f71c1292605cc","a794ce0e20adbd37537a89f6594db731a9fb48ddf73eb7a4be03f9d3e256c8411cbb0278a7b53219c1781e1cba2c3fef7d7e5ab4161b4c034a46724b41c35d7d","2023-12-31T23:00:00.000","2023-12-31T23:00:00.000","61","0.03","17031081403","17031081403","8","8","3.5","0","0","0","3.5","Cash","Flash Cab","41.890922026","-87.618868355","POINT (-87.6188683546 41.8909220259)","41.890922026","-87.618868355","POINT (-87.6188683546 41.8909220259)"
"ccf67e09898e5cbb8bcc38d11619399a8209745b","42560393a9c9b9ae28339f4b5aec77fd89bd49916ad54175d9ee679d69939f973c177065f2816d7990a6663a07270335a4a852190c3258497ba7978edced68c8","2023-12-31T23:00:00.000","2023-12-31T23:15:00.000","1271","4.61",,,"32","24","17","0","0","1","18.5","Mobile","Patriot Taxi Dba Peace Taxi Associat","41.878865584","-87.625192142","POINT (-87.6251921424 41.8788655841)","41.901206994","-87.676355989","POINT (-87.6763559892 41.9012069941)"
"fcebb82bf3d25d7d1de5235102c3276969ae3ad6","19bdccbc936f2f02882b69fd9e71ad97b9e783ba96a8c3b7a9d74a663cb1cd5f074aeab77e616155a3d5e642c1a665289f25b4fd1639ab153f98c864b782d8ff","2023-12-31T23:00:00.000","2023-12-31T23:00:00.000","442","1.29",,,"8","7","6.5","0","0","0","6.5","Cash","Flash Cab","41.899602111","-87.633308037","POINT (-87.6333080367 41.899602111)","41.922686284","-87.649488729","POINT (-87.6494887289 41.9226862843)"
"6ae72ba03400dc23ac728515c7ab205b86751d19","98a68977816db353e8cb08eaff4e3371612966c57d4afc943708d3b9ed0d1ffb269884ee5817f010e08b2a7599a91c369e43827d0d6a60a1cf6e009aaa46a375","2023-12-31T23:00:00.000","2023-12-31T23:15:00.000","1020","10.2",,,"56","28","26.75","6.45","0","5","38.2","Credit Card","Chicago City Taxi Association","41.79259236","-87.769615453","POINT (-87.7696154528 41.7925923603)","41.874005383","-87.66351755","POINT (-87.6635175498 41.874005383)"
"6074f449254df1566c3225a137aefb92c99ceeec","9fcefcaa49ef3229c8e75e02120101fbd92b329677ceeaa8b4c09e6615d1e8efd83e4381df8131d68ad62b085cdd2e3325dd2ac25c161f8edce3f03e4dea4713","2023-12-31T23:00:00.000","2023-12-31T23:00:00.000","402","1.15",,,"2","77","6.75","0","0","0","6.75","Cash","Globe Taxi","42.001571027","-87.695012589","POINT (-87.6950125892 42.001571027)","41.9867118","-87.663416405","POINT (-87.6634164054 41.9867117999)"
"9e91e9b8e3e79aed101faeba293167d136e77bb4","dd16496faf01009b70959e7c0d5b86f9bb7f432a1771c5737f75542f886f1c16d56afc454b02a96737372836e47c77ffc172b0bdf80e13640ff9203b7d0d6dbc","2023-12-31T23:00:00.000","2023-12-31T23:15:00.000","652","2.35",,,"32","31","10","4","0","0","14.5","Credit Card","Medallion Leasin","41.878865584","-87.625192142","POINT (-87.6251921424 41.8788655841)","41.850266366","-87.667569312","POINT (-87.667569312 41.8502663663)"
"6938c123f6e824e7b63adecf677d0b5f7a55479e","1aa7696cf1ac4c5d9e302177fdb918829d2ddcd9d420a3557defecc167a2bc332bc8a4ee0ae70d314ebaf1f66ff1e4cc53aca83691dd0cbfdfca39c7190c4945","2023-12-31T23:00:00.000","2023-12-31T23:15:00.000","567","2.25",,,"24","8","9","1.7","0","0","10.7","Mobile","Flash Cab","41.901206994","-87.676355989","POINT (-87.6763559892 41.9012069941)","41.899602111","-87.633308037","POINT (-87.6333080367 41.899602111)"
"c840722419af460c9d8a61fc87ba13edb025064e","8efe74ab61de459003dcedd85c637ce11bba19bac633cde9559a4895c98d7185ce0f7742dbd8b1938151fc3cdb89a3b4234bf80bf6368654831c79cf9685b3a9","2023-12-31T23:00:00.000","2023-12-31T23:30:00.000","1605","18.83",,,,"69","46.79","0","0","0","46.79","Cash","Flash Cab",,,,"41.763246799","-87.616134111","POINT (-87.6161341112 41.7632467988)"
"ee9bddb4626d5331aa6b820271e8704af6c194e8","b2949139bf976ce9b80d79cfc2acd4889a2e5939dae4444360fa0e3146c41935be1c6b00b7201f19cb57e19ceee3ef4267f1a6c38d167e6ac31c06529b077fd5","2023-12-31T22:45:00.000","2023-12-31T23:00:00.000","420","1",,,"8","8","6.25","0","0","1","7.25","Cash","Taxi Affiliation Services","41.899602111","-87.633308037","POINT (-87.6333080367 41.899602111)","41.899602111","-87.633308037","POINT (-87.6333080367 41.899602111)"
"f06fe5dc2447bf24902fb87ae7fef5cce45510d6","b875e9e053d893ee490e723c96773ed5f81c0a2339545f941b006167253d2bd537c68266a6c87ecda89948c234e7ae93ae51869767a4e8345492b407ab62e424","2023-12-31T22:45:00.000","2023-12-31T22:45:00.000","275","3.71",,,"21","24","14.6","3.42","0","0","18.02","Mobile","Taxicab Insurance Agency Llc","41.938666196","-87.711210593","POINT (-87.7112105933 41.9386661962)","41.901206994","-87.676355989","POINT (-87.6763559892 41.9012069941)"
"2d751b0a0fae430271c0ecefd74403ab04d95ecb","b85df3fd8cdc552a74a3d9314a93209b38870f707943707001a261fb394ef2965b54b9bccbd85311c10c62f76ef18ca2fb5837170e019bb4297415a0dbf6cb52","2023-12-31T22:45:00.000","2023-12-31T22:45:00.000","287","0.64",,,"7","7","5","0","0","1.5","6.5","Cash","Blue Ribbon Taxi Association","41.922686284","-87.649488729","POINT (-87.6494887289 41.9226862843)","41.922686284","-87.649488729","POINT (-87.6494887289 41.9226862843)"
"7324125c8a275bb8a88438c4ce577904d3647eb1","92a78c8b1d09e1d7668d08f04825e490957dcdfe6448e53dcf7e6aff13e8668e8da251fac85c4ce0adaabc228aa899a368bfb9c28bfb6302a88384464dd933c6","2023-12-31T22:45:00.000","2023-12-31T23:00:00.000","1043","4.73",,,"56",,"15.25","0","0","5.5","20.75","Cash","Chicago Independents","41.79259236","-87.769615453","POINT (-87.7696154528 41.7925923603)",,,
"33b2d40c7b78389d7ef8f57e2cb4c139710e4ffe","9cd1266b95309c8284b2603dd68f0c3d2f708c3d1f48798a79e44fabf952dc64b91a0301529a4d879df1a7cd66c5fb55fe8f61a510c6f8d3df53a5c8ea875fb9","2023-12-31T22:45:00.000","2023-12-31T23:15:00.000","2044","17.74","17031980000","17031081100","76","8","46","12.62","0","4","63.12","Credit Card","5 Star Taxi","41.97907082","-87.903039661","POINT (-87.9030396611 41.9790708201)","41.900221297","-87.629105186","POINT (-87.6291051864 41.9002212967)"
"fed893bf4d9e305f80179af4f0c9c55e185d6619","eddec198962a7737ebf2d9cbc621da2f8ff2f636499af0be1355e163888b228cd8a43997c0ada5376f46c940c41027448c30b6d63b63a6707e00c121ac104fbc","2023-12-31T22:45:00.000","2023-12-31T23:00:00.000","372","0.52","17031081500","17031320100","8","32","5.5","0","0","1","6.5","Cash","City Service","41.892507781","-87.626214906","POINT (-87.6262149064 41.8925077809)","41.884987192","-87.620992913","POINT (-87.6209929134 41.8849871918)"
"4e63172ab103e0023cf244f86be86b5ca894a78b","3aca3a7b083a44e1120981e53fa0e59afab7f01786ac2c239d6625b7f1f51ece25ca67c5c5aff7f8426a2fed917f96e397bcf854ba7ffcd9b30b495b1c817b9c","2023-12-31T22:45:00.000","2023-12-31T22:45:00.000","368","1.54",,,"6","7","6.75","2","0","1","10.25","Credit Card","Flash Cab","41.944226601","-87.655998182","POINT (-87.6559981815 41.9442266014)","41.922686284","-87.649488729","POINT (-87.6494887289 41.9226862843)"
"3c1e8807d07bede61e1058cd28f8395b6f3fc0e5","d94f7ec4baf6952b7f0ac3422c0acddedae3828ade423e9566b14f55c000fd08354c5e1fee325d25b22fd049075f1327971299da88af65b9232fdf6ca0e51ab1","2023-12-31T22:45:00.000","2023-12-31T23:00:00.000","780","2.3",,,"8","24","9.5","0","0","1","10.5","Cash","Choice Taxi Association","41.899602111","-87.633308037","POINT (-87.6333080367 41.899602111)","41.901206994","-87.676355989","POINT (-87.6763559892 41.9012069941)"
"df875b802ab2cf07cc52af8819c1780e18e9be98","f71223a469d78a2f65a090adc9d4fb5ae08dfc6694c65046888685e3d850c9e10d9393dc23eab58ce250ab6fd661d74d3879856e07cc7837cc2ec04b75599604","2023-12-31T22:45:00.000","2023-12-31T23:00:00.000","992","4.4",,,"8","21","15.75","0","0","0","15.75","Cash","Chicago Independents","41.899602111","-87.633308037","POINT (-87.6333080367 41.899602111)","41.938666196","-87.711210593","POINT (-87.7112105933 41.9386661962)"
"9cdcef863b2ef7713ee3e3be6988c0364242296f","75cf3a53aae5e5858361a7ca64f75d3407dc0a44d7bc42843fd566a614cf1adcb57d543a15db44103c4801f879ceb236261b336079807dbfd2cd7a7775f166dc","2023-12-31T22:45:00.000","2023-12-31T23:00:00.000","987","7.36",,,"36","71","20.25","0","0","0","20.25","Prcard","City Service","41.82371281","-87.602350437","POINT (-87.6023504372 41.8237128095)","41.744205146","-87.656305986","POINT (-87.6563059862 41.7442051463)"
"316fb22b2adce6ff5ecb714ebfac90a4ece2bf53","552720f76dd5338d0cf254f8eb4045839a5501e095a0d34fee849df1633dce909ed9b7e001b6e904f64f5b235fc56377ef450dd8c29f16fcbd7a7c2116386654","2023-12-31T22:45:00.000","2023-12-31T22:45:00.000","279","0.4","17031081500","17031081300","8","8","5","0","0","1","6","Cash","Choice Taxi Association Inc","41.892507781","-87.626214906","POINT (-87.6262149064 41.8925077809)","41.898331794","-87.620762865","POINT (-87.6207628651 41.8983317935)"
"e83480837bef3e1938160bb09e95178ebc8fd27f","16f1ef77d41368023b63d38c2844966fc76d3115f493b9aa5d20f4de75050f2780ad3671c9dc0aa00d09fe73178c05264a3b1dce8e21faf8d9425d2b0a98942f","2023-12-31T22:45:00.000","2023-12-31T23:00:00.000","885","7.74",,,"8","77","19.39","2.25","0","0","21.64","Mobile","5 Star Taxi","41.899602111","-87.633308037","POINT (-87.6333080367 41.899602111)","41.9867118","-87.663416405","POINT (-87.6634164054 41.9867117999)"
"6bf2106ea396668fac140ce9d3bfc4f21cc3fd16","282e96d2494030280c94a513a55ce131750a6db5595d280442f937df34d9ca056808e9b096f1b6b9f5ca2aebf79aa62e8198db1b227eac7d5cecdc97fe0060bc","2023-12-31T22:45:00.000","2023-12-31T23:00:00.000","777","2.05",,,"8","28","9.06","2.6","0","1.5","13.16","Mobile","Medallion Leasin","41.899602111","-87.633308037","POINT (-87.6333080367 41.899602111)","41.874005383","-87.66351755","POINT (-87.6635175498 41.874005383)"
"4ca89ed236f798b5086c86d7f60064b6b6cfd947","58777f33ac153ba7f5e498f5a0742e3a5b983c89af6cdd3a7c007fc125c88d216fdc5dceb8b6bf6381ee98b0a1fd3ec2e77460a3ff015bf133bab5f3540dbb76","2023-12-31T22:45:00.000","2023-12-31T22:45:00.000","590","2.96",,,"7","3","10.75","0","0","0","10.75","Cash","City Service","41.922686284","-87.649488729","POINT (-87.6494887289 41.9226862843)","41.96581197","-87.655878786","POINT (-87.6558787862 41.96581197)"
"4595e1f1d0aace6730caa4159ebc6ce41b6b4523","4ae32e2eb244ce143800e0c40055e537cc50e3358a07ce1e877bf9f91aa6c10db986c727b9d4674705f8d124a18b05a68d07d1bc8d70e95e173f77c2c0437c22","2023-12-31T22:45:00.000","2023-12-31T22:45:00.000","112","0.26",,,"69","69","4","0","0","0","4","Cash","City Service","41.763246799","-87.616134111","POINT (-87.6161341112 41.7632467988)","41.763246799","-87.616134111","POINT (-87.6161341112 41.7632467988)"
"f646e28ee82ac6b05a304415828d633e62a5d6ed","13016372e777da1289d557edbe4ce2be8a68e77bc64768acaf5e0539b10be2ca089238dc27408b49b17899014e6e178e17c3ba455812fd84024f93e266324439","2023-12-31T22:45:00.000","2023-12-31T23:00:00.000","777","2.02",,,"32","8","9","2.02","0","0","11.02","Mobile","Taxicab Insurance Agency Llc","41.878865584","-87.625192142","POINT (-87.6251921424 41.8788655841)","41.899602111","-87.633308037","POINT (-87.6333080367 41.899602111)"
"f56f19c8565a02860d7812e8e2e40c2677111077","835869d6df51f9ec6e53cb4ac6a1f9e386c26f948cdcca5d86c515ba31b1c3e48e0b4d130c48ee65eb9011c2b185ede270ac586f9efd822c425286684ab5113b","2023-12-31T22:45:00.000","2023-12-31T23:00:00.000","340","1.28",,,"3","6","6.25","4","0","0","10.75","Credit Card","Taxicab Insurance Agency Llc","41.96581197","-87.655878786","POINT (-87.6558787862 41.96581197)","41.944226601","-87.655998182","POINT (-87.6559981815 41.9442266014)"
"f49f62888d39327a158cb4d8c3b93eba57d70034","957f9f38a64b3f69b922bebf7d0db47967c6dfedf59036aabd32fd62dad8fdac5b8f45debf8ff03c828ea3aefe3cbc8e3b33f16c51b9ecd9442b12da1d73134d","2023-12-31T22:45:00.000","2023-12-31T22:45:00.000","113","0.34",,,"28","32","4","0","0","0","4","Cash","City Service","41.874005383","-87.66351755","POINT (-87.6635175498 41.874005383)","41.878865584","-87.625192142","POINT (-87.6251921424 41.8788655841)"
"3285a6d7bb3982b5255312e8fa510e86f8475aec","de8e8659ceb9eb0da842a46b60c0a5207098ac69fc23ab1d6308a50a42e719c1b9d233d3b57a3591ee5789f9cc7e22e81496194980774e8035033e0788ec2633","2023-12-31T22:45:00.000","2023-12-31T23:00:00.000","1421","1.45","17031081201","17031320100","8","32","11.75","4.28","0","2","18.53","Credit Card","Sun Taxi","41.899155613","-87.626210532","POINT (-87.6262105324 41.8991556134)","41.884987192","-87.620992913","POINT (-87.6209929134 41.8849871918)"
"cba277affa597884e9c40b27ce1896f0277034c2","ab31561a5548b1d49b0352bb8d00d18c0e136d5f674c1cb6f88a4381edd74510a2a3e3f47f56f8086b9712109368c294beef849a9ccf16792be72750a255544b","2023-12-31T22:45:00.000","2023-12-31T23:00:00.000","1393","12.55",,,"76","5","32.5","0","0","5.5","38","Cash","Flash Cab","41.980264315","-87.913624596","POINT (-87.913624596 41.9802643146)","41.947791586","-87.683834942","POINT (-87.6838349425 41.9477915865)"
"2e25def665b1e1dc7066a9fbb08b22b1796eec2a","18332569daad955f48c8d965fe85ef855858a72ae12e21b7bf176ccc9bfede27311ae84c604c8dba0f1d22c290ad9f78856d2d0d1ef172f0402c9fa31fb8204d","2023-12-31T22:45:00.000","2023-12-31T23:00:00.000","620","1.56",,,"32","8","8","4","0","0","12.5","Credit Card","Chicago Independents","41.878865584","-87.625192142","POINT (-87.6251921424 41.8788655841)","41.899602111","-87.633308037","POINT (-87.6333080367 41.899602111)"
"0e7d04794d20b576931d84bb0aadcad940ee101b","259d38cfdbc9ac6f9bb01f0df740e0ddf4a631a70bbdd6525862b20b7ed0e0554dbbde64c2955b8b6f41468c8970e5507490db36348f884461783472621bda08","2023-12-31T22:45:00.000","2023-12-31T22:45:00.000","420","1","17031320100","17031081300","32","8","6.5","0","0","0","6.5","Cash","Taxicab Insurance Agency, LLC","41.884987192","-87.620992913","POINT (-87.6209929134 41.8849871918)","41.898331794","-87.620762865","POINT (-87.6207628651 41.8983317935)"
"0476551d6acbafa5a5e6d7e982ad70214fb7a5bf","11bb28dc5075f790bd4529d80a571002aeb69fd4145015caf45040d4ed2268d2aeb42f82059e30bea7db4eb4819c577912f80ee59b6444902599e580a78c6ebe","2023-12-31T22:45:00.000","2023-12-31T23:15:00.000","997","2.53",,,"8","7","11.5","0","0","2","13.5","Cash","City Service","41.899602111","-87.633308037","POINT (-87.6333080367 41.899602111)","41.922686284","-87.649488729","POINT (-87.6494887289 41.9226862843)"
"cf9ae664b5b8332523f90c2755365b61f17cb80f","ab6d286c53a31735e3e52ee1a899c4b2b3ad5206c9e5d8d4b7585db0e6c957a2a0b21e5605eb615575feac592edfdeccea18b31157baa2a2a84c1243c9424c6b","2023-12-31T22:45:00.000","2023-12-31T22:45:00.000","0","0",,,"8",,"23","0","0","0","23","Cash","Taxi Affiliation Services","41.899602111","-87.633308037","POINT (-87.6333080367 41.899602111)",,,
"934061acd07e54995e8efb10835c43f0884b4bd5","175a4c9a16e22bfd2fee721e6cdfdc85dfde21cccb1fdcf514631f3719704bad1c82db8ff3320b8e305e11116bc8932a220910da15c991926772cca793bafd5c","2023-12-31T22:45:00.000","2024-01-01T12:30:00.000","49149","12.39",,,"7","3","53.25","0","0","0","53.25","Cash","Sun Taxi","41.922686284","-87.649488729","POINT (-87.6494887289 41.9226862843)","41.96581197","-87.655878786","POINT (-87.6558787862 41.96581197)"
"296e9d3fc2d2dda2a637524740798b566685ab6f","a109fba2e815112c26832ff506072be742be30a295285adcd37658c6b8cef0ae72d09b67375ec15ef55bd3c3e350c826a80e7829ebfcbab25cfc6bfc5118a0fa","2023-12-31T22:45:00.000","2023-12-31T23:15:00.000","1781","16.22",,,"32",,"38.24","8.01","0","0","46.25","Mobile","Sun Taxi","41.878865584","-87.625192142","POINT (-87.6251921424 41.8788655841)",,,
"adfd38734f4d5116b9a05836d88712e5bf988b6b","ebcc9ba7a913bf2458b5753d5fedc3f8a66cf9448a632745d2f88db6cc972ad6b8746ab4c2c91ba793d23b9b8b4333ad5736d457df1e0887bba9a52aff3874e5","2023-12-31T22:45:00.000","2023-12-31T23:00:00.000","1301","6.4",,,"6","28","18.29","4.26","0","0","22.55","Mobile","Sun Taxi","41.944226601","-87.655998182","POINT (-87.6559981815 41.9442266014)","41.874005383","-87.66351755","POINT (-87.6635175498 41.874005383)"
"812f3ad3b2292d0c21ccf9a4c9e8f1ccdeeaba7a","45b499c75ab5b737af29fe68299330dcf0a41a140a8e4a0c7848e2ee9ab1666793ce3b343cb32be2c84758d0453a9b940ea626b71061142b353052ebef3792de","2023-12-31T22:45:00.000","2023-12-31T22:45:00.000","622","1.1",,,"8","8","7.5","4","0","0","12","Credit Card","Flash Cab","41.899602111","-87.633308037","POINT (-87.6333080367 41.899602111)","41.899602111","-87.633308037","POINT (-87.6333080367 41.899602111)"
"54a474b6b1d343d3d6b8e008cb6278c7666468d3","5cdd2d4d4569963769a97b41f95f3ff40187cacea8311bb22519b4ab89faaf688a2208c2bb41e2ff3adb1fe76e05e3f064d8a3e18d654c6786f5a5d127c22095","2023-12-31T22:45:00.000","2023-12-31T23:00:00.000","480","1.2",,,"39","41","6.5","0","0","0","6.5","Cash","Taxi Affiliation Services","41.808916283","-87.596183344","POINT (-87.5961833442 41.8089162826)","41.794090253","-87.592310855","POINT (-87.592310855 41.794090253)"
"a1e492b6f2bed844600b1caa0629679f51024fdc","58c784c628cc2b0b77468e6a406acea729301abbc17a6240eed68ac3b5ce5a9378deffab5b2b940db6c83e7c9553eacd8fdb8d10593e071cefffe2b388af3bd7","2023-12-31T22:45:00.000","2023-12-31T23:00:00.000","1189","6.79",,,"6","13","19.5","0","0","0","19.5","Cash","Taxicab Insurance Agency Llc","41.944226601","-87.655998182","POINT (-87.6559981815 41.9442266014)","41.983636307","-87.723583185","POINT (-87.7235831853 41.9836363072)"
"dbfab2d9fa62f6fa9b07966b94944b6a66ffae9e","18332569daad955f48c8d965fe85ef855858a72ae12e21b7bf176ccc9bfede27311ae84c604c8dba0f1d22c290ad9f78856d2d0d1ef172f0402c9fa31fb8204d","2023-12-31T22:45:00.000","2023-12-31T22:45:00.000","103","0.29","17031320100","17031320100","32","32","4","0","0","2","6","Cash","Chicago Independents","41.884987192","-87.620992913","POINT (-87.6209929134 41.8849871918)","41.884987192","-87.620992913","POINT (-87.6209929134 41.8849871918)"
"b4ba26ccaf24d5d3ddfa573c78e55b82ba855a20","6607f4be1b8737ffe33ac1f71d10d1132541d86cd00c1dfa870d51ddf9d7ebf86f5fc56e0c03ad1dc7b2be5a5ca0c0b5c993fc87c227b239c37bf6b4275a8fd7","2023-12-31T22:45:00.000","2023-12-31T22:45:00.000","768","1.43",,,"8","32","8.75","0","0","1","9.75","Cash","Flash Cab","41.899602111","-87.633308037","POINT (-87.6333080367 41.899602111)","41.878865584","-87.625192142","POINT (-87.6251921424 41.8788655841)"
"2dbd2aee522518265f6d896fbf1b283b48542455","8c996b78641f57de21b068fa17d4224cd9f1da237ccd7862a4c2121b6794f00f733450c58ad1b950a45a14347d4694f070e16ca8effcac45a5b06a18ba46a430","2023-12-31T22:45:00.000","2023-12-31T23:15:00.000","1620","0.7",,,"28","62","32.75","0","0","0","32.75","Unknown","Taxi Affiliation Services","41.874005383","-87.66351755","POINT (-87.6635175498 41.874005383)","41.792981903","-87.724208194","POINT (-87.7242081939 41.7929819032)"
"0e0ed752d2feba250d6cf8c9c9f31a55f2b3f3ae","7cf0f8fb498ea690cb01cd0b0a67b48b518441a492b024fc8d87c2890b7e2c1c13e2fd4c5fe5952a2a90d47aca7f48013d6a0678308a5e537efa0dc326c3d40b","2023-12-31T22:45:00.000","2023-12-31T23:00:00.000","914","11.04",,,"51","35","29.5","0","0","0","29.5","Prcard","Flash Cab","41.690633347","-87.570058269","POINT (-87.5700582686 41.6906333472)","41.835117986","-87.618677767","POINT (-87.6186777673 41.8351179863)"
"94dab91b52bbda7533727935d5ea3e3e790ecdf1","a8107c5481ea5eed4d6fa93cd1648f3f69c6822a6fff49ffd923bb75143c36a7f99d7a4af12ec68d9a85591a64671de48d14ba70d22501698b01747effc01cb1","2023-12-31T22:45:00.000","2023-12-31T23:00:00.000","833","1.73",,,"8","8","9","2.22","0","0","11.22","Mobile","Chicago Independents","41.899602111","-87.633308037","POINT (-87.6333080367 41.899602111)","41.899602111","-87.633308037","POINT (-87.6333080367 41.899602111)"
"57baea4972a24c2e7695adcb96104352a4945b6f","eb7536e0b280d7842bd4448d3fc93ca078630c2f39f12279de652a8fbd162d414c7135f9ce6ce3672fe25ae365c4fafcd842b9ca8b370d54a62f71eab43679bb","2023-12-31T22:45:00.000","2023-12-31T23:00:00.000","523","2.02",,,"28","8","9","2.24","0","0","11.24","Mobile","City Service","41.874005383","-87.66351755","POINT (-87.6635175498 41.874005383)","41.899602111","-87.633308037","POINT (-87.6333080367 41.899602111)"
"0619c4d461ff226010d99b52bc3fca16207d562f","1c6b94041690354e12d546af933b8311d7980f368e1b52dbdc8347fb7307afbad9db54497d7c2bcb08ca9848947d559bbe53ca6f25edc7f057aa57fae5357cc6","2023-12-31T22:45:00.000","2023-12-31T23:15:00.000","1908","17.16",,,"76",,"42.5","0","0","6","48.5","Cash","5 Star Taxi","41.980264315","-87.913624596","POINT (-87.913624596 41.9802643146)",,,
"318f723b385dd1736a487010be48223c62abead7","dff8b2296e1abd3c3470a2f0765b3f385f9a53c8df1cc314e899a81be2cfb6f52c61af660e6434c35e2c1a4ab2eeb004ab0027826471be4fff9a4648ef51e7a0","2023-12-31T22:45:00.000","2023-12-31T23:00:00.000","749","1.67",,,"28","8","9","2.23","0","0","11.23","Mobile","Chicago Independents","41.874005383","-87.66351755","POINT (-87.6635175498 41.874005383)","41.899602111","-87.633308037","POINT (-87.6333080367 41.899602111)"
"cbe97578d3fad78d8fe305502c004dc8b32a0a02","e4d62c5f130dee786b1d1515868b32e04df99df544b98efa26a48af417169342dcd9b3b98ecbffd6611e513ec4effe664a5b093d747e2d2d338185a100c6d3fc","2023-12-31T22:45:00.000","2023-12-31T23:00:00.000","583","0.71","17031081700","17031081600","8","8","6.75","2","0","2","11.25","Credit Card","Taxicab Insurance Agency Llc","41.892042136","-87.63186395","POINT (-87.6318639497 41.8920421365)","41.892072635","-87.628874157","POINT (-87.6288741572 41.8920726347)"
"16b1e1f5d48bd7dc0d2075b6c397df6e596e14e8","ad4b1730fcbfdb84e41313179a688924012db322823f487d70ffcdbf1fa0e9ec11c35045af7e7cf561db41f5a46939ab7ea0565dc6fa26a0d14f68f6f568b92e","2023-12-31T22:45:00.000","2023-12-31T22:45:00.000","12","0","17031081500","17031081500","8","8","3.25","4.15","0","17","24.9","Credit Card","5 Star Taxi","41.892507781","-87.626214906","POINT (-87.6262149064 41.8925077809)","41.892507781","-87.626214906","POINT (-87.6262149064 41.8925077809)"
"3b8f6bb6c49e2aeccc3a528c6b5017769a0b72c6","294ae9e2f433bb460731f9199b1837de3cf88ad987a42b317534002023a9a4db6589aabb5bd0140538959513966436143f06a32f795c5167ef73c4006d7c7e75","2023-12-31T22:45:00.000","2023-12-31T23:15:00.000","1740","14.3",,,"76","6","37","22","0","5.5","64.5","Credit Card","Taxi Affiliation Services","41.980264315","-87.913624596","POINT (-87.913624596 41.9802643146)","41.944226601","-87.655998182","POINT (-87.6559981815 41.9442266014)"
"d9adc0acba0bcc9fca39674e61da8df25cc5b3ef","511d5a90fddd5d591ca80c1c2969c190f8ad2997c0b6e9d1776a3864f2536814f53b603888e6ca6fa11e0e8625b02db335ef976a9a36e8d35b7d714e38e55bef","2023-12-31T22:45:00.000","2023-12-31T23:00:00.000","818","12.16",,,"22","68","30.75","0","0","0","30.75","Prcard","5 Star Taxi","41.92276062","-87.699155343","POINT (-87.6991553432 41.9227606205)","41.777196255","-87.642497527","POINT (-87.6424975271 41.7771962546)"
"f275f1bba7d1170344024410172a0bd86cc39be1","14d334d4d5d6eb8415d5d0e700208f29bcef1731ad139642e999bf4cd30a8d59ce127f22ee33bee510b036ad11414480e52f42317f4a19b6019634e494585765","2023-12-31T22:45:00.000","2023-12-31T23:00:00.000","473","0.5",,,"32","32","6","0","0","2","8","Cash","Globe Taxi","41.878865584","-87.625192142","POINT (-87.6251921424 41.8788655841)","41.878865584","-87.625192142","POINT (-87.6251921424 41.8788655841)"
"0c4a4025e34ae332e9cd4f9f0cd250cb20141436","bafa1b6d1946bb2f096463e43229f35a67c0e333e15251cd1f353f54f9b83d8cc9f5d5d784be0c050a095c90e702193a2b62355b6b0f61d6f8bc0a19241eecef","2023-12-31T22:45:00.000","2023-12-31T22:45:00.000","741","4.49",,,"76",,"14.5","0","0","16","30.5","Cash","Flash Cab","41.980264315","-87.913624596","POINT (-87.913624596 41.9802643146)",,,
"060c1f02f8df8d191d38dc0092dfa33db2f95f00","8eca35a570101ad24c638f1f43eecce9d0cb7843e13a75f0af0c911c3e31ddec549c4808e216bcf31634542025c1e7de2442b92d5d7d73463c4e05fd959e47b4","2023-12-31T22:45:00.000","2023-12-31T22:45:00.000","185","0.75",,,"6","6","9","3.33","0","0","12.33","Mobile","Sun Taxi","41.944226601","-87.655998182","POINT (-87.6559981815 41.9442266014)","41.944226601","-87.655998182","POINT (-87.6559981815 41.9442266014)"
"f0cf391b5195d85ed4bd3faebcd13cce7dad8c86","6c87f1d023a9d7146ae81b6aa4648bf98cec52cceb9f0854f80a246c81d94ffae05dd954ea58f3a3e82f2bc4793dc9cd826a6c3fdd5af3640dae2c2fe06e387e","2023-12-31T22:45:00.000","2023-12-31T22:45:00.000","60","0.2","17031839100","17031839100","32","32","3.75","0","0","0","3.75","Cash","Taxi Affiliation Services","41.880994471","-87.632746489","POINT (-87.6327464887 41.8809944707)","41.880994471","-87.632746489","POINT (-87.6327464887 41.8809944707)"
"d275e4923be30f04004ae674d72539341482b92d","8123ec5a70681a139fcd93fd477eec0ee05dda8298774835a80496c9e90fbb9443e5d116ba283712e1dec8fdaf9c8acb0f69a77dc20170984c5b380aa8ae3f96","2023-12-31T22:45:00.000","2023-12-31T23:00:00.000","764","0.78","17031320100","17031081700","32","8","7.75","0","0","1.5","9.25","Cash","Globe Taxi","41.884987192","-87.620992913","POINT (-87.6209929134 41.8849871918)","41.892042136","-87.63186395","POINT (-87.6318639497 41.8920421365)"
"7085c06c5b78245ce600c0dbcf683f3721782f80","35467b44491f6f51eaa0f4fb1cd65e4c23117aa268d9dd52d88a484194323088fc5a0d30455d37c6bced24218c2ed42b421d7260c119161f29b8381bd11b1784","2023-12-31T22:45:00.000","2023-12-31T23:15:00.000","1642","4.22",,,"32","34","17.75","0","0","0","17.75","Cash","Sun Taxi","41.878865584","-87.625192142","POINT (-87.6251921424 41.8788655841)","41.842076117","-87.633973422","POINT (-87.6339734222 41.8420761168)"
"e034c0be0abb466fee5d676b4a0638dc953cf97a","76195767851c0e4807795915d7a0579a1c625c2eae552b36d989d32a60ca58318ca88fe17fcd825ceab7b45cb639e7c77d7b4a44629afa03f6f85b4e62c1d6b0","2023-12-31T22:45:00.000","2023-12-31T23:00:00.000","1260","0.9",,,"76",,"38","6","0","26","70","Credit Card","Taxi Affiliation Services","41.980264315","-87.913624596","POINT (-87.913624596 41.9802643146)",,,
"bfee56626473a246d88bd64801e9da71779d0b81","b16774f4cc26db3c0bb6beb35343dd596516566be79316f2128746068e6c97104a3cac8b05f20700cfaf82b3d1c3dd3d8e7da53ee78fe8ca9f23d70aeb4c0a92","2023-12-31T22:45:00.000","2023-12-31T22:45:00.000","695","0",,,"8","24","13.55","3.18","0","0","16.73","Mobile","5 Star Taxi","41.899602111","-87.633308037","POINT (-87.6333080367 41.899602111)","41.901206994","-87.676355989","POINT (-87.6763559892 41.9012069941)"
"831900fa41b8c2988b7fbf339aec8b81ae0c9089","3c8a3a5b0785d40229dd7adc5fd0d9620defca885601bf7909fe82bb3878e287a9668c49844612ad22b25b32ec168af202d109189d8e422bf93924f1cdbdc6dd","2023-12-31T22:45:00.000","2023-12-31T23:00:00.000","780","10.6",,,"56","33","27.25","0","0","0","27.25","Unknown","Taxi Affiliation Services","41.79259236","-87.769615453","POINT (-87.7696154528 41.7925923603)","41.857183858","-87.620334624","POINT (-87.6203346241 41.8571838585)"
"9a44897fc5bd45c4fe6a9f4cc85497df8cdf4a22","a712fead8a31c26ab7948b116a760ac22af166d63d2fc272bdb1ab031df2d1338737144b4571723cda5d05f0cabfc94803fd6911a1b6bd3df9e97847e8bba6f7","2023-12-31T22:45:00.000","2023-12-31T22:45:00.000","52","0","17031980000","17031980000","76","76","3.25","0","0","1.5","4.75","Cash","City Service","41.97907082","-87.903039661","POINT (-87.9030396611 41.9790708201)","41.97907082","-87.903039661","POINT (-87.9030396611 41.9790708201)"
"ecc7ce1df1868be780aad8981a237c0e1e4d0fb7","7ebc3c7f9e786ff57e0b0bc67a3badb4bc5e969930123545972968fb6121584e1516a228ed2bf514d9b8ac01f552c31dbe6f59b83bf9f2c1897486d997cbba02","2023-12-31T22:45:00.000","2023-12-31T23:00:00.000","753","4.93",,,"6","8","15.5","0","0","0","15.5","Cash","Flash Cab","41.944226601","-87.655998182","POINT (-87.6559981815 41.9442266014)","41.899602111","-87.633308037","POINT (-87.6333080367 41.899602111)"
"563022f46aa8d35a6354885d01bbc24c9b605096","8dd990653cc2793d96b80ae45e928afc9a590b21b491eea3f522f42a72a5d323e79997fb7b2aab3486de73e89a4c9ae8e8cc377056b9b0d3de37ab822ce2cf33","2023-12-31T22:45:00.000","2023-12-31T23:00:00.000","778","0.7","17031320100","17031081403","32","8","8","0","0","2.5","10.5","Cash","Sun Taxi","41.884987192","-87.620992913","POINT (-87.6209929134 41.8849871918)","41.890922026","-87.618868355","POINT (-87.6188683546 41.8909220259)"
"c9dc9a55ba887187c70134bc121cc27cfece0bbf","cce8c54f19d692acc5dd45d391a8bb964d15af67f314d1ac81e0597f105a70ad12935afa9487766eef90a6f8f0f3d09e6a8877e99b01d21035a05b4a16e985c4","2023-12-31T22:45:00.000","2023-12-31T23:00:00.000","1020","6.3",,,"22","32","18.5","4","0","1","23.5","Credit Card","Taxi Affiliation Services","41.92276062","-87.699155343","POINT (-87.6991553432 41.9227606205)","41.878865584","-87.625192142","POINT (-87.6251921424 41.8788655841)"
"b60fe495bf50992b87f617405bbafb0ae4bfa058","42560393a9c9b9ae28339f4b5aec77fd89bd49916ad54175d9ee679d69939f973c177065f2816d7990a6663a07270335a4a852190c3258497ba7978edced68c8","2023-12-31T22:45:00.000","2023-12-31T23:00:00.000","407","0",,,"32","32","9","2.78","0","0","11.78","Mobile","Patriot Taxi Dba Peace Taxi Associat","41.878865584","-87.625192142","POINT (-87.6251921424 41.8788655841)","41.878865584","-87.625192142","POINT (-87.6251921424 41.8788655841)"
"04dac722ecb4c094dffa00f9150d04b7a57f2bb6","1a248eb87ae578f15af2a14c2eb7b4b264f6babab9ad9cc93d655e1f83c3207e62beb1a4b088d75e8077a5421391d32171edacfcb3f6250657f8d3b9f0ebbaec","2023-12-31T22:45:00.000","2023-12-31T23:00:00.000","856","1.11","17031081403","17031839100","8","32","8.5","5","0","0","14","Credit Card","Sun Taxi","41.890922026","-87.618868355","POINT (-87.6188683546 41.8909220259)","41.880994471","-87.632746489","POINT (-87.6327464887 41.8809944707)"
"d0139c560bf5b4b40df36e4dad4dc396e3c55649","e0e1f19080d131afa810280c286bc1f57e78b48fe55e992ac816f33602973ff890905d82df0bec55f791ff66f6f3d7d366281cdb4271de2f2d2acb047b743f32","2023-12-31T22:45:00.000","2023-12-31T23:00:00.000","700","1.96",,,"6","3","9","0","0","0","9","Cash","Star North Taxi Management Llc","41.944226601","-87.655998182","POINT (-87.6559981815 41.9442266014)","41.96581197","-87.655878786","POINT (-87.6558787862 41.96581197)"
"4e116161274df623fc77d013cb3faeceae84647f","e0f0dfba8628846b3c4022833a14ce311c40ac2408a325f76a281fc8fa2e29a9e59d0880d6e26b70e250da812cf3b2b1469dc5a0a239a901119efab1e99ac3e1","2023-12-31T22:45:00.000","2023-12-31T23:00:00.000","1287","10.85",,,"32","46","29","0","0","0","29","Cash","Sun Taxi","41.878865584","-87.625192142","POINT (-87.6251921424 41.8788655841)","41.741242728","-87.551428197","POINT (-87.551428197 41.7412427285)"
"b78af12a2414c5c013a4865190af37f720a8a7bd","c2b5d2c9d25be474a1378d6238dd5c34cec73a614288ff5a55293b1179426611602cdd91fb37b1a0dfe3efa867b665d9dc296aefdf81921d4149c30aef8f9ec4","2023-12-31T22:45:00.000","2023-12-31T22:45:00.000","443","0.66","17031081500","17031081700","8","8","6.25","3","0","2.5","12.25","Credit Card","Chicago Independents","41.892507781","-87.626214906","POINT (-87.6262149064 41.8925077809)","41.892042136","-87.63186395","POINT (-87.6318639497 41.8920421365)"
"9cb4ef37fb60ef4731eb0c79ad25aac1f5b4954e","3f68542d52a06c2f726a08b3888acb6e7979a3ade1b74c38c2d8d3932377185103d527e0a018b407d71e80217caa2a9335c74cc0dabf9f13141cf5875ef051b0","2023-12-31T22:45:00.000","2023-12-31T22:45:00.000","240","0.5",,,"43","43","5","0","0","0","5","Cash","Taxi Affiliation Services","41.761577908","-87.572781987","POINT (-87.5727819867 41.7615779081)","41.761577908","-87.572781987","POINT (-87.5727819867 41.7615779081)"
"3c5b776bcae62cdf13820d3dcd8bf206216742dd","d461dc72b7a599bfba3f33fae867f5530e0c5aa5c200d89b4a5cbd270da1eba6488b76e3ce70a8371b8242f3529dd35a1230f16dc7e7bf2626243840f6261b97","2023-12-31T22:45:00.000","2023-12-31T23:00:00.000","228","0.32","17031081201","17031081201","8","8","4.5","0","0","0","4.5","Cash","Taxicab Insurance Agency Llc","41.899155613","-87.626210532","POINT (-87.6262105324 41.8991556134)","41.899155613","-87.626210532","POINT (-87.6262105324 41.8991556134)"
"8fb827987444dd2e3e7599557c2dd3eedea2919d","b649688173599f12325db808703dd3e14653807db2fdde48f5891daa24f8cef4c1a3711ec1881eda1920a36843bff16453782d5761c2d0a434ca1e4319b9f8d8","2023-12-31T22:45:00.000","2023-12-31T23:00:00.000","678","2.05",,,"7","8","9","3","0","0","12","Mobile","Sun Taxi","41.922686284","-87.649488729","POINT (-87.6494887289 41.9226862843)","41.899602111","-87.633308037","POINT (-87.6333080367 41.899602111)"
"325811c623461b3e6fb0902ac0b9b36f4fff4302","f75191fdf728d7ed7f4277ee1e39372c16658b87abc26a057a7e74b79dd5457cb375f859ea318a2aa47f19d24142bc3563cd5b8c0bfa633161570ec9b3686897","2023-12-31T22:45:00.000","2023-12-31T23:00:00.000","720","3.3",,,"8","7","11.75","2.65","0","1","15.4","Credit Card","Chicago Independents","41.899602111","-87.633308037","POINT (-87.6333080367 41.899602111)","41.922686284","-87.649488729","POINT (-87.6494887289 41.9226862843)"
"137856b398fa6fc2188dfbf11a33e50bc077d8cc","3835dded237bfc6b12d2181ec37148bd8385590f81597f643e6775df78ed87f2624ed43201cf94fdccdad7080da7a78290ff20e3c218834cc073389ebb82fb3c","2023-12-31T22:45:00.000","2023-12-31T23:00:00.000","1239","1.78","17031081201","17031320100","8","32","9","2.25","0","0","11.25","Mobile","Blue Ribbon Taxi Association","41.899155613","-87.626210532","POINT (-87.6262105324 41.8991556134)","41.884987192","-87.620992913","POINT (-87.6209929134 41.8849871918)"
"a1959ae7f5dc6f5378188a4ed48033fb216e8709","6c87f1d023a9d7146ae81b6aa4648bf98cec52cceb9f0854f80a246c81d94ffae05dd954ea58f3a3e82f2bc4793dc9cd826a6c3fdd5af3640dae2c2fe06e387e","2023-12-31T22:45:00.000","2023-12-31T23:00:00.000","480","2.5",,,"32","28","9.5","0","0","0","9.5","Cash","Taxi Affiliation Services","41.878865584","-87.625192142","POINT (-87.6251921424 41.8788655841)","41.874005383","-87.66351755","POINT (-87.6635175498 41.874005383)"
"558b98d6d274185ac2400ecd41d4a357142fc005","ff60dabe17243a25435dcaf430a8b31615374bfc6be8416ff770306b39478cf34a5adedd497213f79bc39863f1048b62a3b7ceb4623d226104e44e82fae2438f","2023-12-31T22:45:00.000","2023-12-31T23:00:00.000","430","0.55","17031081700","17031320100","8","32","5.75","0","0","1","6.75","Cash","Flash Cab","41.892042136","-87.63186395","POINT (-87.6318639497 41.8920421365)","41.884987192","-87.620992913","POINT (-87.6209929134 41.8849871918)"
"c5b29f3b4b4e76080e9c235cef89d6ed6abb4e49","d4fdfedf3c662fbe2da0d4628e83a98136b5af51aeca012bb4cb15cac47f56467f67030d7567fa1e72e9528e52a7f9e483a55f8e2d80d86e6f8ec1961d89ea00","2023-12-31T22:45:00.000","2023-12-31T23:00:00.000","353","1.06",,,"8","8","9","2.42","0","1","12.42","Mobile","Blue Ribbon Taxi Association","41.899602111","-87.633308037","POINT (-87.6333080367 41.899602111)","41.899602111","-87.633308037","POINT (-87.6333080367 41.899602111)"
"08ed2d858c30c9bd8d9306df23b747d5d6befd2b","fa265b3601a73684f856bfe63e0b787d9101c3a292b49c39a97d0667305f8565c1d29df52d208a5beef071b74abc0fd13042840ed50e9bdd66e83575194feb35","2023-12-31T22:45:00.000","2023-12-31T23:15:00.000","1440","15.5",,,"76","24","39.25","8.95","0","5","53.2","Credit Card","312 Medallion Management Corp","41.980264315","-87.913624596","POINT (-87.913624596 41.9802643146)","41.901206994","-87.676355989","POINT (-87.6763559892 41.9012069941)"
"a38f3a5b02a1d6e4c20df97a955312b017a8fb6c","3faa8cd4b08a27471c13be24573d831fea1445947afb304492ca4fa4ece1dc6f77ba48720014dfb533809499f8bc7edf0c883d7ded17d945622cde0680c75acd","2023-12-31T22:45:00.000","2023-12-31T23:15:00.000","1638","5.64",,,"76","10","22.25","5.35","0","4","32.1","Credit Card","Chicago Independents","41.980264315","-87.913624596","POINT (-87.913624596 41.9802643146)","41.985015101","-87.804532006","POINT (-87.8045320063 41.9850151008)"
"c2963c09a0197f0ff82cce4b3b98efb64f9ab8c5","3665a72ee495b03f4dae72307dc6e5e58e21518f77d8e67dcd386c3b9daa1a0db86555cef4a877234542af8d1c0da6fa7a28a4e0e643e382236470d569d78668","2023-12-31T22:45:00.000","2023-12-31T22:45:00.000","60","0","17031980000","17031980000","76","76","3.25","0","0","3.5","6.75","Cash","Taxi Affiliation Services","41.97907082","-87.903039661","POINT (-87.9030396611 41.9790708201)","41.97907082","-87.903039661","POINT (-87.9030396611 41.9790708201)"
"eb54d16944e16bcb86541d94247eed177e55e486","a794ce0e20adbd37537a89f6594db731a9fb48ddf73eb7a4be03f9d3e256c8411cbb0278a7b53219c1781e1cba2c3fef7d7e5ab4161b4c034a46724b41c35d7d","2023-12-31T22:45:00.000","2023-12-31T23:00:00.000","527","0.86","17031320100","17031081403","32","8","6.75","2","0","1","12.75","Credit Card","Flash Cab","41.884987192","-87.620992913","POINT (-87.6209929134 41.8849871918)","41.890922026","-87.618868355","POINT (-87.6188683546 41.8909220259)"
"daaf5d91d38547e87d312da2a0e2ab5d9bec1666","84522a85ee58de9e1dfd59459786cf9459b11889128b6ab448b516a63b55658098ecaed02c599c4960d1e188567ddcccff16e4f352c1cc0c9aa8b13c5ca913cd","2023-12-31T22:45:00.000","2023-12-31T22:45:00.000","600","0.1","17031081201","17031281900","8","28","9.25","1","0","0","10.25","Credit Card","Taxi Affiliation Services","41.899155613","-87.626210532","POINT (-87.6262105324 41.8991556134)","41.879255084","-87.642648998","POINT (-87.642648998 41.8792550844)"
"5c6ac3dd3dbbdf62002abeee44c06a3053f8ddad","f00d106f080740440a044de0fd1561940ac9c072959efbd41316924715f02f3f80112489e0b64dce7e3adccf57be97842ce34105b7888d99a666f38bb1227753","2023-12-31T22:45:00.000","2023-12-31T23:00:00.000","843","6.16",,,"76",,"17.75","0","0","4","21.75","Cash","Taxicab Insurance Agency Llc","41.980264315","-87.913624596","POINT (-87.913624596 41.9802643146)",,,
"636aca5e2b288487028a686ee044d6d98f560ac9","339c4c0e5d5ad12014ae25364c7082b3e8884bdb5e5fcefb4085170c968eaf736439ac250acd6e34a00b3d958e55766d93bf7ad86e0cb579d4fd87507936a6dd","2023-12-31T22:45:00.000","2023-12-31T23:15:00.000","1537","7.77",,,"28","77","22.5","6","0","1","30","Credit Card","City Service","41.874005383","-87.66351755","POINT (-87.6635175498 41.874005383)","41.9867118","-87.663416405","POINT (-87.6634164054 41.9867117999)"
"33b54782925157cee4d27b57c9ef07c053a0b2a7","3f68542d52a06c2f726a08b3888acb6e7979a3ade1b74c38c2d8d3932377185103d527e0a018b407d71e80217caa2a9335c74cc0dabf9f13141cf5875ef051b0","2023-12-31T22:45:00.000","2023-12-31T22:45:00.000","0","0",,,"43","43","3.25","0","0","0","3.25","Cash","Taxi Affiliation Services","41.761577908","-87.572781987","POINT (-87.5727819867 41.7615779081)","41.761577908","-87.572781987","POINT (-87.5727819867 41.7615779081)"
"5c20e3bea58175eaec556e9017262ccebe29f9c9","c55c7bdda5396af54fec98ebc976a0cbc1122339bceb8ddfd937b4728cce951449cb7aaba8bd1f2fd353da1b31fd655e28b15109db84326593a1be55f2664912","2023-12-31T22:45:00.000","2023-12-31T23:15:00.000","1920","25.5",,,"76","41","61","5","0","4","70","Credit Card","Taxicab Insurance Agency, LLC","41.980264315","-87.913624596","POINT (-87.913624596 41.9802643146)","41.794090253","-87.592310855","POINT (-87.592310855 41.794090253)"
"fa6909f3a0f17e58c2d2a05569e4a4628571a301","e5d37daef01a6f52e47d06cab1590918df8f15f86e90637d9d880fd21992652993bf8f1b41f04cf8db9adf1208c05488b57c7fa4633c02ef846371d951eabb57","2023-12-31T22:45:00.000","2023-12-31T23:15:00.000","2040","26.3",,,"76","44","63.25","0","0","4","67.25","Cash","Taxi Affiliation Services","41.980264315","-87.913624596","POINT (-87.913624596 41.9802643146)","41.740205756","-87.615969523","POINT (-87.6159695226 41.7402057565)"
"7920a0028fefe19e1063caece8d60e2fcb129b5d","19a89fbfe54b0564c6961e347f5faa1158413d94d42ac5f92d09417a75c4362f684b96c26fa660d1171cd110800d2b4e7c059ac469868867dd4ddda0844a8672","2023-12-31T22:45:00.000","2023-12-31T22:45:00.000","140","0.22","17031081500","17031320100","8","32","4","0","0","1","5.5","Credit Card","Taxicab Insurance Agency Llc","41.892507781","-87.626214906","POINT (-87.6262149064 41.8925077809)","41.884987192","-87.620992913","POINT (-87.6209929134 41.8849871918)"
"eabfa5e0ac8ac1d2ce6a9098b448f253738ebf71","3f959f9e67fb058ff7179003776c6db313d0faee0424799df92ca0c07134836fa6186ac7217c193dd51d147dce90dcc8e8e9abc840fec1fc9ed67de76e72556a","2023-12-31T22:45:00.000","2023-12-31T22:45:00.000","4","0.02",,,,,"79.91","0","0","0","80.41","Credit Card","Sun Taxi",,,,,,
"3ef65f1968c71c6c5a9ff4eae1e493dea1b5798b","b7f7dbb452c0fb980a0f2050a146147c1006fe5f34e3b0ac6f0b589c697eaf969d9fd384fafacac5ef06cbd330795f0b8a983b65b75eafff16a1a29f55d5eb1f","2023-12-31T22:45:00.000","2023-12-31T23:00:00.000","588","4.17",,,"76",,"19.5","0","0","5","25","Credit Card","5 Star Taxi","41.980264315","-87.913624596","POINT (-87.913624596 41.9802643146)",,,
"7c509c06ab1dbe624c5a05780f14777f4f467421","884655d853cbe41e1cdf747969f0dc5b55ed2d5f76c09ae207083297c948a813b2dd57912bfb4a6f4230556ab61363257e586827846cf2a89ff35c7c3b1c08e5","2023-12-31T22:45:00.000","2023-12-31T23:30:00.000","2125","10.88",,,"74","54","31","0","0","0","31","Prcard","Flash Cab","41.694878966","-87.713192497","POINT (-87.7131924966 41.6948789661)","41.660136051","-87.60284764","POINT (-87.60284764 41.6601360507)"
"0ba0227a1bc35b96b290b3f718777625205f6a9e","1f4ebbfdcaa03dba403f6f41c2434baa8cd6583b0fde7311dd977d7d9bc51eb46187b3daf6dfef2aacf267e31e99af2543047a8e743ddab23c7265e4f6d4b5e6","2023-12-31T22:45:00.000","2023-12-31T23:15:00.000","1527","12.27",,,,"24","20.87","4.17","0","0","25.04","Mobile","Star North Taxi Management Llc",,,,"41.901206994","-87.676355989","POINT (-87.6763559892 41.9012069941)"
"d110adc3df69f88ecb8a98e824ad04a61fe7a3c6","64b71bd4e488e9c5571cdfcca045e7cb7a4abb0931f17b9689b4049c2a71df3161c216d73fd2cb53ba148afc4bb00df5bcdc9790cd679e9000319c12e37217e3","2023-12-31T22:45:00.000","2023-12-31T22:45:00.000","549","0.58","17031081700","17031320100","8","32","6.25","0","0","1.5","7.75","Cash","Flash Cab","41.892042136","-87.63186395","POINT (-87.6318639497 41.8920421365)","41.884987192","-87.620992913","POINT (-87.6209929134 41.8849871918)"
"a22534ca9a8e5dfd699c954b3331dc2c3b793bc9","693d50a88a25eeb78492f4619f5a6ecdde75f947ed8cc04d371c44baf3c2c86e90202bf88d14bfad9f82df4703e747dfd66e7cddf07208a5e24fc96e8a75239f","2023-12-31T22:45:00.000","2023-12-31T22:45:00.000","420","0",,,"8","8","6.25","1.45","0","1","8.7","Credit Card","Taxi Affiliation Services","41.899602111","-87.633308037","POINT (-87.6333080367 41.899602111)","41.899602111","-87.633308037","POINT (-87.6333080367 41.899602111)"
"5032d2205bd444264dd93f0ea1e33adf395af3b1","b56b31883524426035c290bfdbe4e038baccc814842c1003b8dba6caaa4ed640ba7bb17a6be5bbf96c6b5f6a6d3a3f0d62ea21510cadf75bca50b51c0371f60e","2023-12-31T22:45:00.000","2023-12-31T23:00:00.000","437","1.31","17031320100","17031081600","32","8","6.5","0","0","1","7.5","Cash","Sun Taxi","41.884987192","-87.620992913","POINT (-87.6209929134 41.8849871918)","41.892072635","-87.628874157","POINT (-87.6288741572 41.8920726347)"
"e49bafa2106f59b160f981dc9037b8c09353dbcc","ea8e6df913a36562d8eddf662abe7722f4c0dc08527e9819364aed7a595eb61abb3728e49185db0616deb070840f410f6672275961076b6fcacc6bdfcf9edcf1","2023-12-31T22:45:00.000","2023-12-31T23:15:00.000","1320","4.2",,,"28","22","15.25","2","0","1","18.25","Credit Card","Taxi Affiliation Services","41.874005383","-87.66351755","POINT (-87.6635175498 41.874005383)","41.92276062","-87.699155343","POINT (-87.6991553432 41.9227606205)"
"5fd01784460121efe148d58f4bb37f1456941fc3","d66751b81d6e5ef4077f8b017311a75c5f8255782a478fb08849a36e7544ce7525645a68583e84d8c84a7b86d9f90beceff28d507119c92208e4c007afb6591b","2023-12-31T22:45:00.000","2023-12-31T23:00:00.000","302","1.14",,,"8","8","6.25","0","0","0","6.25","Prcard","Flash Cab","41.899602111","-87.633308037","POINT (-87.6333080367 41.899602111)","41.899602111","-87.633308037","POINT (-87.6333080367 41.899602111)"
"d62f1b8a97659c0bdd14c38b6a9b94528931243b","6edf046ae368c4133e9c6e05fef38fd91caec343f4a9fbb1d6d81b61c559f3d74bf8ef717ac6dc598d81cba0dafcecb1bb233a4bacf85e073f06378d66b76ed6","2023-12-31T22:45:00.000","2023-12-31T22:45:00.000","5","0.03",,,,,"3.25","0","0","0","3.25","Cash","Medallion Leasin",,,,,,
"71ed286b07875ef8234467cd6644758047019350","da1ddce066f7f02d7f134cb4b049fa71f94412f4b8e2af057bb32e3bdee7c42bd5cfbe02ba45de8fa62b1eabef705f7958c020a6e7ac6051ee61d88e4cf32779","2023-12-31T22:45:00.000","2023-12-31T23:30:00.000","2321","30.6",,,"76",,"72.25","13.31","0","16","102.06","Credit Card","5 Star Taxi","41.980264315","-87.913624596","POINT (-87.913624596 41.9802643146)",,,
"69242163b7ee7fb72a615d688d0932f6bd68f070","644680ecf5bbb5af6329b0c9d4595c39344cd6c50fababc6e2e17811d9cfe0d67ac4a8b828340bf260428913ffd4b8b82dfaa8e1e83da0e939723ee47ae034c9","2023-12-31T22:45:00.000","2023-12-31T23:00:00.000","877","5.93",,,"33","27","14.42","3.38","0","0","17.8","Mobile","Sun Taxi","41.857183858","-87.620334624","POINT (-87.6203346241 41.8571838585)","41.878914496","-87.70589713","POINT (-87.7058971305 41.8789144956)"
"206e9e5dccfc3cfe5462ce60cba16fa3aa016061","e285c667a98b7debef94575d342f30dfe750bde84af57f22146752d6efd191399772a06b593576e2eee5c8530005880dadcf0c918112dbf70bd7a2ddb6fb5e55","2023-12-31T22:45:00.000","2023-12-31T22:45:00.000","13","0",,,"8","8","3.25","0","0","12.75","16.5","Credit Card","Taxicab Insurance Agency Llc","41.899602111","-87.633308037","POINT (-87.6333080367 41.899602111)","41.899602111","-87.633308037","POINT (-87.6333080367 41.899602111)"
"022b7bebbdb917db00184e2bba151781195617e1","cf39200ae52386dfa52be5a8e1da54653690fac9fba627c56b2de87a6450d7cff76ef0f185f95771e8564e67f6e77e98df376659f7264226baa946aec4ee1cc0","2023-12-31T22:45:00.000","2023-12-31T22:45:00.000","779","3.28",,,"24","31","12","0","0","0","12","Cash","Taxicab Insurance Agency Llc","41.901206994","-87.676355989","POINT (-87.6763559892 41.9012069941)","41.850266366","-87.667569312","POINT (-87.667569312 41.8502663663)"
"b1042d28ee58eb777243e4e4890912ad6a639c01","f509c57d2f0b196f54d9b751ce2a1b6e956f378841b1e88b178bed2240a6aa347b50ef81087dff1f91efb1a52f5580848cd8467316b6eb4d02f2642814b8996e","2023-12-31T22:45:00.000","2023-12-31T23:00:00.000","126","0.34",,,"43","43","4.25","0","0","0","4.25","Cash","City Service","41.761577908","-87.572781987","POINT (-87.5727819867 41.7615779081)","41.761577908","-87.572781987","POINT (-87.5727819867 41.7615779081)"
"0ee55b97004d3228b15e146974e2abcd1c75df9a","b43f5c22a5bd9406749cbc99e5aad0313370b5ef6eae2c4b46e0d6a57436a36dff377af58d38a28d54558b671cbb56e9a5ad5813cd41de4bc19749117ce25494","2023-12-31T22:45:00.000","2023-12-31T23:15:00.000","1442","11.82",,,"75","42","32","0","0","0","32","Prcard","Flash Cab","41.689729914","-87.669054403","POINT (-87.6690544032 41.6897299145)","41.77887686","-87.594925439","POINT (-87.5949254391 41.7788768603)"
"778af93282df0f1ca6c87af7dfb935a802380fad","1d5c92da7f240e8a24b8ca4635a64a519961d69afafbf8d17116a133833b1ce464e7d68b137a9c4faf4cec8c3d1ca6bd4637610a5f51bd3cc2569336d6937a9b","2023-12-31T22:45:00.000","2023-12-31T23:15:00.000","1398","0.47","17031320100","17031081403","32","8","11.25","0","0","1","12.25","Cash","Taxicab Insurance Agency Llc","41.884987192","-87.620992913","POINT (-87.6209929134 41.8849871918)","41.890922026","-87.618868355","POINT (-87.6188683546 41.8909220259)"
"2926cc22abc056c77c22fd475f811790239a5880","b951b7af9a405d88275b77b6a04970bc2085661297b5e62a397c8e1431d3e86ed4b7a2ae5f5818bfd16b8656bbbbbc830221458b697de216dccc749720884b0d","2023-12-31T22:45:00.000","2023-12-31T23:00:00.000","1350","1.49","17031081500","17031320100","8","32","10.75","0","0","2","12.75","Cash","5 Star Taxi","41.892507781","-87.626214906","POINT (-87.6262149064 41.8925077809)","41.884987192","-87.620992913","POINT (-87.6209929134 41.8849871918)"
"5f8ad6f0db116f51530f4b1927e76ad151abfa85","be562a9e27b1b0f1c4fb829b66a20d6865c54fcddcc1909039b49e34625e6310a060183676fb2eafb2757d8eb5cbde1c8d18b9f990047415306e49fc8a380b5d","2023-12-31T22:45:00.000","2023-12-31T22:45:00.000","592","0.3","17031081403","17031081500","8","8","9","1.7","0","0","10.7","Mobile","City Service","41.890922026","-87.618868355","POINT (-87.6188683546 41.8909220259)","41.892507781","-87.626214906","POINT (-87.6262149064 41.8925077809)"
"5da1bf5cd73cd34f0e21408f1c19b0deae365163","ab348dc13e306a79cd69bf16e590df4e160b4c098c0d9a0592cbb596225d6f786d492af1b920fad2783ba4fc5d2566d70ab58bb0c30796a0c07a66c4cbf1be84","2023-12-31T22:45:00.000","2023-12-31T23:00:00.000","1190","14.47",,,"76",,"36.25","0","0","0","36.25","Cash","Choice Taxi Association Inc","41.980264315","-87.913624596","POINT (-87.913624596 41.9802643146)",,,
"e6828fa25f50702883c1470d00fbb5cf757c5c45","e7f8c9242fc38babca76de5c34b1e59b9b7ae3ff40812cb34a7374980b9cfb20213b8cce120d9bf339e7974754eec9bd823adab5f83852410c0af0b1c0a7b6ec","2023-12-31T22:45:00.000","2023-12-31T23:00:00.000","1107","6.1",,,"32","6","30","7.62","0","0","38.12","Credit Card","Taxicab Insurance Agency Llc","41.878865584","-87.625192142","POINT (-87.6251921424 41.8788655841)","41.944226601","-87.655998182","POINT (-87.6559981815 41.9442266014)"
"334e722a00473cbb6701849cdb5f40c96597ec9e","7ff3ea8c15d902e432f0f3ca3aab1d5f20bff4c4fedfb5f405d8d1938b0c99cb713ec7e5986fce6f511509c8ad109edf9fb0126f2d47e596a9c0854d0bbca603","2023-12-31T22:45:00.000","2023-12-31T23:00:00.000","480","1.2","17031081700","17031080100","8","8","6.75","0","0","1","7.75","Cash","Taxi Affiliation Services","41.892042136","-87.63186395","POINT (-87.6318639497 41.8920421365)","41.907520075","-87.6266589","POINT (-87.6266589003 41.9075200747)"
"38dd2afde25ea804a6cd0d3f03fec38d6254de36","5e48748b582fe3c16baf5ac371a27773e8aef2927f33440f59bdfc4d05656e7f88d30836a2c448abd8980269053d8c7651e8f3da01acf4321d23213ff8170f8a","2023-12-31T22:45:00.000","2023-12-31T23:15:00.000","1732","25.45","17031320400",,"32",,"61","21.25","0","23.5","106.25","Credit Card","Sun Taxi","41.877406123","-87.621971652","POINT (-87.6219716519 41.8774061234)",,,
"36cf86580cc3f369541ba85245f73f30784ef5cb","842c6b006fcddcc1eb059c64c6129ed5edd0971d8943943075301b1845f3acafa4d74c84ac1a114a3c5e1534f081126e0012aaa85350643e7b5bdb97bbada08d","2023-12-31T22:45:00.000","2023-12-31T22:45:00.000","8","0",,,"7","7","30","4.58","0","0","35.08","Credit Card","Flash Cab","41.922686284","-87.649488729","POINT (-87.6494887289 41.9226862843)","41.922686284","-87.649488729","POINT (-87.6494887289 41.9226862843)"
"d3f76847825d147c15f0cf3c38744b4acb727008","477e2191cd2213e2db9413d810936b2f24a73c8e5270594c724f811dbe4cfea5b58519d789ac8fb30d3ac6ee375721019e2e793a889be528f59327e0cc32ea94","2023-12-31T22:45:00.000","2023-12-31T22:45:00.000","480","3.5",,,"8","6","11.5","2.8","0","2","16.3","Credit Card","Taxi Affiliation Services","41.899602111","-87.633308037","POINT (-87.6333080367 41.899602111)","41.944226601","-87.655998182","POINT (-87.6559981815 41.9442266014)"
"7d078d135ba844bfab85a62bc90518bfb28e46b4","b3ee94a13b61037620cbbfc6a4a106d2ad628a06f0988f1eba5586d5387776d3781d71244392ff9c1afd5b69e65dfec45b2a936c2d101209044ff6365121ed6f","2023-12-31T22:45:00.000","2023-12-31T22:45:00.000","120","0","17031081500","17031081500","8","8","4","0","0","1","5","Credit Card","Taxi Affiliation Services","41.892507781","-87.626214906","POINT (-87.6262149064 41.8925077809)","41.892507781","-87.626214906","POINT (-87.6262149064 41.8925077809)"
"124fe7f83efb952276253f9a9a959be0b88b39ef","182738fe701aff980860adbe8c50444f6edfb7adcf06a9b6091a346d05e6b261f681c1c3a230e5ab50a2c5318d8e09179e9b60184890bafaf434dbb3a1d45110","2023-12-31T22:45:00.000","2023-12-31T23:00:00.000","479","1.79",,,"8","7","9","5.26","0","0","14.26","Mobile","Star North Taxi Management Llc","41.899602111","-87.633308037","POINT (-87.6333080367 41.899602111)","41.922686284","-87.649488729","POINT (-87.6494887289 41.9226862843)"
"9542256befdfec1adb309230ffe57eceaa92af6b","9454a3cb5d7e8ef84ca9bfff9f1a5d235021fef66b41a8ef4535f6e19a6d9aa5c7a00e191f7895b5831f9bcfb42dfdc6d48107bd17f8f6fdc2a4f480b7e00ad3","2023-12-31T22:45:00.000","2023-12-31T22:45:00.000","9","0","17031081403","17031081403","8","8","3.25","0","0","0","3.25","Cash","City Service","41.890922026","-87.618868355","POINT (-87.6188683546 41.8909220259)","41.890922026","-87.618868355","POINT (-87.6188683546 41.8909220259)"
"548e3149aa80b1b14ee3db190b5d3becd44a97cd","ef32ded438e4b619ee3c0764226668e39c11075dafc385a8201a866c12440cf5025d3b754141dccf276ce01994202ec9f2c160af14743a7d33258aa78e93cd76","2023-12-31T22:30:00.000","2023-12-31T23:00:00.000","1615","6.49","17031281900","17031062000","28","6","20.75","2","0","1","24.25","Mobile","Blue Ribbon Taxi Association","41.879255084","-87.642648998","POINT (-87.642648998 41.8792550844)","41.942577185","-87.647078509","POINT (-87.6470785093 41.942577185)"
"0a808e1c791786f1bb0109206a83617dbea0d6ab","c7e24b57c5ac5cc6b23bdaa7ad986c639f07680587bf710f52dde392f353f9935355277768f8ab89ba94a517ff8ee254ef7927c7bdb11868bb78ad39d5f502e2","2023-12-31T22:30:00.000","2023-12-31T22:30:00.000","329","0.5","17031320100","17031081500","32","8","5.25","0","0","1","6.25","Cash","Flash Cab","41.884987192","-87.620992913","POINT (-87.6209929134 41.8849871918)","41.892507781","-87.626214906","POINT (-87.6262149064 41.8925077809)"
"1c92f688fc181cd4e9d791ee92392e0c205133ec","3506f62ee1c70c02fe00b742679684b319d5b712182f828f14b081888056485c3bd5911f60c194bcf0fb5986bb4f04b7d169ab0fd22cb63f0906af16d431395b","2023-12-31T22:30:00.000","2023-12-31T22:45:00.000","1200","16.69","17031281900","17031980000","28","76","60","0","0","0","60.5","Credit Card","Sun Taxi","41.879255084","-87.642648998","POINT (-87.642648998 41.8792550844)","41.97907082","-87.903039661","POINT (-87.9030396611 41.9790708201)"
"9cb5818cd48618322be688320aa5716665744499","395dcd217a01d0788b58f486bcda2bc7e4c117a7d361ae6bdca683510a6d61aab08964848d54579eb6f67db5ff4069b5f6fbad768c020b56aa217387f5daebbd","2023-12-31T22:30:00.000","2023-12-31T22:45:00.000","611","1.24","17031081500","17031081300","8","8","7.5","2","0","1","11","Credit Card","Flash Cab","41.892507781","-87.626214906","POINT (-87.6262149064 41.8925077809)","41.898331794","-87.620762865","POINT (-87.6207628651 41.8983317935)"
"bcce4e59c217a2f97d63168449e0f121c45d1ca3","ab172f16a0f2033e0fb3da3c21353da9704edb989c9b556a1f65300d235dd591226731858313fb551f0eb4c9bdae9fe99ef69179854413f1e566d72455778b5c","2023-12-31T22:30:00.000","2023-12-31T22:45:00.000","802","1.81","17031281900","17031081403","28","8","9.75","0","0","2.5","12.25","Cash","City Service","41.879255084","-87.642648998","POINT (-87.642648998 41.8792550844)","41.890922026","-87.618868355","POINT (-87.6188683546 41.8909220259)"
"c30efa5f74f5f1d48480c711b9db6fcee0fd7ff1","31be1d0f5781cd789da14c7d6ad558cc03898eba376986b37fcf99ca374f385f3f557b62e778548489089f190323d42d930107aa672ebcb0417cfd8251814487","2023-12-31T22:30:00.000","2023-12-31T23:00:00.000","1112","1.69","17031320400","17031081201","32","8","10.25","0","0","1","11.25","Cash","Flash Cab","41.877406123","-87.621971652","POINT (-87.6219716519 41.8774061234)","41.899155613","-87.626210532","POINT (-87.6262105324 41.8991556134)"
"74dd71f7892b0156db644ccb795f0f3facf525a9","e571c5fe8182d6ded4596be528c55bd4a011b726635dcf3180bd83b5b1928a9c47104440ab2d4ce9ca9e5525a9aeea126388728654cb09d2d0531235a9b5e6ca","2023-12-31T22:30:00.000","2023-12-31T22:45:00.000","1194","14.83","17031980000","17031070300","76","7","37","10.38","0","4","51.88","Credit Card","Taxicab Insurance Agency Llc","41.97907082","-87.903039661","POINT (-87.9030396611 41.9790708201)","41.929046937","-87.651310877","POINT (-87.6513108767 41.9290469366)"
"ae9bc3f50fa1cd2d4575479a01bd85a17011a82f","7ff3ea8c15d902e432f0f3ca3aab1d5f20bff4c4fedfb5f405d8d1938b0c99cb713ec7e5986fce6f511509c8ad109edf9fb0126f2d47e596a9c0854d0bbca603","2023-12-31T22:30:00.000","2023-12-31T22:45:00.000","540","1.1","17031281900","17031320100","28","32","7.25","0","0","0","7.25","Cash","Taxi Affiliation Services","41.879255084","-87.642648998","POINT (-87.642648998 41.8792550844)","41.884987192","-87.620992913","POINT (-87.6209929134 41.8849871918)"
"4f289b0c620eb12eac0ce158a49464eee84a7d82","f892614bf893b49cba778a71b629054fe7bf5ebad54364c96dbbf2ba782c04a49e17347a31f4d5e8c0c06713d50a99d92d4fb62e6a57f243fe872495ae8ab415","2023-12-31T22:30:00.000","2023-12-31T22:30:00.000","6","0.02",,,"28","28","19","0","0","0","19.5","Credit Card","Globe Taxi","41.874005383","-87.66351755","POINT (-87.6635175498 41.874005383)","41.874005383","-87.66351755","POINT (-87.6635175498 41.874005383)"
"5f6989403868f18accd1379553516837fe3c1dd7","8abbb35e4243b2c590b027d424e6552a61356f54609f161ee910a3ea7435204298a60907247ed4a12c070e53455ba95d3a03424844a8bc1741806917679a7a60","2023-12-31T22:30:00.000","2023-12-31T23:00:00.000","1396","4.77",,,"32","7","15.89","3.71","0","0","19.6","Mobile","Taxicab Insurance Agency Llc","41.878865584","-87.625192142","POINT (-87.6251921424 41.8788655841)","41.922686284","-87.649488729","POINT (-87.6494887289 41.9226862843)"
"d1a76c60568b6d60a2d5a7fa3c3bf8320a087b70","2e9532b31632bc0f91611dd090a2ae6d4447eece8adade3c8e786f0e8aebdb6a5d6086f5fbcfe19fe00fef9a5c86e84df55433ac0db349f5c2085a51c8dc57c3","2023-12-31T22:30:00.000","2023-12-31T22:30:00.000","547","0.95",,,"32","8","7","0","0","2","9","Cash","Taxicab Insurance Agency Llc","41.878865584","-87.625192142","POINT (-87.6251921424 41.8788655841)","41.899602111","-87.633308037","POINT (-87.6333080367 41.899602111)"
"ac165da02d21ce627cc20c24825bd8fca4c40590","0e2c8a33dc327556ea419177e26876b6064be9d7ca86d9ac1e2e3430f13d4451099a3784eddbd442b6ee75775eda1d1f854691c9f781f3de1d0dea357ae29ab5","2023-12-31T22:30:00.000","2023-12-31T23:00:00.000","1959","16.69",,,"3","46","42","0","0","0","42","Prcard","Blue Ribbon Taxi Association","41.96581197","-87.655878786","POINT (-87.6558787862 41.96581197)","41.741242728","-87.551428197","POINT (-87.551428197 41.7412427285)"
"4db5411d84147e6db955df3b88a3983daa367b40","4a20ebb023f07066c94f8aa64453ff9991c21ed10791ed9d42c9fff7e45a08d19889082195ef3628673a8c118f26c30ba2c09d456a95bfe5c03dc2d13ffa4ae2","2023-12-31T22:30:00.000","2023-12-31T22:30:00.000","10","0",,,"28","28","10","0","0","0","10.5","Credit Card","5 Star Taxi","41.874005383","-87.66351755","POINT (-87.6635175498 41.874005383)","41.874005383","-87.66351755","POINT (-87.6635175498 41.874005383)"
"e7afed7396cbd8b17d7ca065c89f6052301aaf5a","19a89fbfe54b0564c6961e347f5faa1158413d94d42ac5f92d09417a75c4362f684b96c26fa660d1171cd110800d2b4e7c059ac469868867dd4ddda0844a8672","2023-12-31T22:30:00.000","2023-12-31T22:30:00.000","338","0.55",,,"8","8","5.25","0","0","1","6.25","Cash","Taxicab Insurance Agency Llc","41.899602111","-87.633308037","POINT (-87.6333080367 41.899602111)","41.899602111","-87.633308037","POINT (-87.6333080367 41.899602111)"
"c1eca1653606a78c5a6d95c259d4fbaa1fe4f7db","929637055de3e69bd7558f9b7e2ac3832c4848215b3ab46f78b3eae7dfa2adef9cdc4f7f08e4203fcbc272670a81a2554da8937dea4c79a2effab86831212573","2023-12-31T22:30:00.000","2023-12-31T22:45:00.000","1211","14.19",,,"76","7","36","5","0","6","47.5","Credit Card","Taxicab Insurance Agency Llc","41.980264315","-87.913624596","POINT (-87.913624596 41.9802643146)","41.922686284","-87.649488729","POINT (-87.6494887289 41.9226862843)"
"71de5536991d8aa3344ac31cede42e8b6a4babc8","2fafc7aa7846c8562bbc8f919586ac42f20bde0c06bf147f3e3dffc3220fc6ed9b4ca7af0c9d7afc1081c7efb7d1073068dbf74aedd0193cd2aeb3ebfba85b74","2023-12-31T22:30:00.000","2023-12-31T22:30:00.000","204","0.34",,,"8","8","4.5","0","0","1","5.5","Cash","Sun Taxi","41.899602111","-87.633308037","POINT (-87.6333080367 41.899602111)","41.899602111","-87.633308037","POINT (-87.6333080367 41.899602111)"
"5a795a79c4e761ec589b2cd154ba91cc9aec2e3a","3618045f9110d4d88482266ade23659c1a50d32ac37f205c15614b1ada9d4ca14b171329afed5dfd81c7525bd5a05fe614cb63b2aa48d920626b519e20d9e146","2023-12-31T22:30:00.000","2023-12-31T22:45:00.000","1140","6.4",,,"21","32","19.25","0","0","1","20.25","Cash","Taxi Affiliation Services","41.938666196","-87.711210593","POINT (-87.7112105933 41.9386661962)","41.878865584","-87.625192142","POINT (-87.6251921424 41.8788655841)"
"728d5ae9ea703b3c451ddbdbfd17e4f665e1a372","182738fe701aff980860adbe8c50444f6edfb7adcf06a9b6091a346d05e6b261f681c1c3a230e5ab50a2c5318d8e09179e9b60184890bafaf434dbb3a1d45110","2023-12-31T22:30:00.000","2023-12-31T22:45:00.000","519","2.64",,,"28","8","9.74","2.47","0","0","12.21","Mobile","Star North Taxi Management Llc","41.874005383","-87.66351755","POINT (-87.6635175498 41.874005383)","41.899602111","-87.633308037","POINT (-87.6333080367 41.899602111)"
"bc9f924c7ca0636ef9da0b01ebbdf25ae8dee55e","6f45c05aa231c9dd389ebdb65ca751cd82ef7634766017a1240d6554bf91840a924cf3cd16564a1ca643c9b1880db706d977ab5164f4b0bd030e0fff21cb3934","2023-12-31T22:30:00.000","2023-12-31T22:45:00.000","648","0.83",,,"8","8","7.25","0","0","2","9.25","Cash","Flash Cab","41.899602111","-87.633308037","POINT (-87.6333080367 41.899602111)","41.899602111","-87.633308037","POINT (-87.6333080367 41.899602111)"
"f8e6a2efed152f2701ceb6022bd35c7839394fb6","1a6d17595bc577385346e034ecbe0994d8f207d47d5b4c6f9fee70a1d4f37417db300370d59596dc2dd0bda2e35794bcdfd1bbead90d84a44aedd978ed269944","2023-12-31T22:30:00.000","2023-12-31T22:45:00.000","165","0.62",,,"8","7","4.75","3","0","0","8.25","Credit Card","5 Star Taxi","41.899602111","-87.633308037","POINT (-87.6333080367 41.899602111)","41.922686284","-87.649488729","POINT (-87.6494887289 41.9226862843)"
"9df605be974dca9c2e610b5776a31887c39bac4c","72acb561bc3ff52febfb74f963b7e3a637c4a5de6f13607932913e3c2386875e135d8f81a10e72bae9c8839b88ade59b6d4d45b9b549ecf401e485d9650048fb","2023-12-31T22:30:00.000","2023-12-31T22:30:00.000","370","0.53","17031081500","17031081403","8","8","5.5","3","0","1","10","Credit Card","5 Star Taxi","41.892507781","-87.626214906","POINT (-87.6262149064 41.8925077809)","41.890922026","-87.618868355","POINT (-87.6188683546 41.8909220259)"
"1447029dd647d0dd558d458d9131fd633768be46","2659a61c08f91c6efd9e7d7947a00006a7bc26aa518241786d51cb05c853cdd86fdd1adc4010867706a2daa9f0da856cb2d7a705c111d3c89e53f5499741247e","2023-12-31T22:30:00.000","2023-12-31T22:45:00.000","883","1.32","17031081000","17031081500","8","8","9","1.67","0","0","10.67","Mobile","Globe Taxi","41.900265687","-87.63210922","POINT (-87.6321092196 41.9002656868)","41.892507781","-87.626214906","POINT (-87.6262149064 41.8925077809)"
"453bf8849277c3baa560eb8769b6b1a297703120","4e04293a1ab799479725ae45fabd3c04bb33c9e46ad0de3d23c6d077663bed16a4e0f9e3ceb87af3395a629618b17d38dea49b6468bd88f9dee683481fe4944a","2023-12-31T22:30:00.000","2023-12-31T23:00:00.000","1352","0.11",,,"32","8","10.75","2","0","1","14.25","Credit Card","Star North Taxi Management Llc","41.878865584","-87.625192142","POINT (-87.6251921424 41.8788655841)","41.899602111","-87.633308037","POINT (-87.6333080367 41.899602111)"
"ac5a764d1ac5aa205aea246226622997e0e2c7f7","ef5eff6bb140de6acea46bf7980c2547b6d2486f1f8310ba85cfe00587782d44aacc427d6bb339df8ce753fe4f13b44bd325a38c03146d743f26ebfbcb629231","2023-12-31T22:30:00.000","2023-12-31T23:00:00.000","1704","17.56","17031980000","17031080100","76","8","44","9.7","0","4","58.2","Credit Card","Sun Taxi","41.97907082","-87.903039661","POINT (-87.9030396611 41.9790708201)","41.907520075","-87.6266589","POINT (-87.6266589003 41.9075200747)"
"c7de4f60fadfa0a6667c0140912ee81360fa7cb1","ca2e49fc5f32316d5c59cabe4993d8f7b27ee126bc505836ae638a3a60ddf28a06fd497610cc6647831d8104f0574bcd8cea05fa5a8bd124061bfee79df6c1f2","2023-12-31T22:30:00.000","2023-12-31T22:30:00.000","0","0",,,"31","31","3.5","0","0","0","3.5","Cash","Taxi Affiliation Services","41.850266366","-87.667569312","POINT (-87.667569312 41.8502663663)","41.850266366","-87.667569312","POINT (-87.667569312 41.8502663663)"
"82d66117f330c930f6f6d0f1207e628f42f8dff4","2562c5abd0c79356d2b6ed696ff9c61f3c6a7452176e067079eeb9ab4869816e5cc637b2464ae3846a2522762c036f3adf77216a829bbed5fbc5bd7da2dda337","2023-12-31T22:30:00.000","2023-12-31T23:00:00.000","1862","10.79",,,"13","76","30.75","0","0","0","30.75","Prcard","Blue Ribbon Taxi Association","41.983636307","-87.723583185","POINT (-87.7235831853 41.9836363072)","41.980264315","-87.913624596","POINT (-87.913624596 41.9802643146)"
"f873c0bbec022368ee481391e936ed9331d475e0","d1b8521ed4784a33ed7be8ad0a17310131286279504140fd1517dc45a73929267c2abf09d773e863c0f13cdbb5d70462c7de0bbaca3d9dc41fff96c6d7232f9a","2023-12-31T22:30:00.000","2023-12-31T22:45:00.000","862","3.53",,,"7","7","11.27","2.66","0","0","13.93","Mobile","5 Star Taxi","41.922686284","-87.649488729","POINT (-87.6494887289 41.9226862843)","41.922686284","-87.649488729","POINT (-87.6494887289 41.9226862843)"
"6f8d70f31389e062779173c13351c22cd2bfed25","8307cf9433f0293eee99c6944aeab484521d9cd9b1fce59472580dde77dbb981858564b8de50202efa8fbb2904755e092e70f94524bf3b6c015f852181998c7e","2023-12-31T22:30:00.000","2023-12-31T22:30:00.000","7","0.01","17031081700","17031081700","8","8","10","0","0","0","10.5","Credit Card","City Service","41.892042136","-87.63186395","POINT (-87.6318639497 41.8920421365)","41.892042136","-87.63186395","POINT (-87.6318639497 41.8920421365)"
"5fe76d00b7adf6aee6fce97f57495ff36079fa33","e8f673c7d74913eef9b2c58975502e30884a6d7c93a80264c9ef1ee7a3a44652b66f8f74348e5f7b62dc458b19ef474b8c0801463178f03b03bd08f768c42c4e","2023-12-31T22:30:00.000","2023-12-31T22:45:00.000","1140","8.1","17031980000","17031980000","76","76","22.25","0","0","5.5","27.75","Cash","Taxi Affiliation Services","41.97907082","-87.903039661","POINT (-87.9030396611 41.9790708201)","41.97907082","-87.903039661","POINT (-87.9030396611 41.9790708201)"
"e07ffc00b0b38f19062f3f5b3c67c60acaca43e5","a6339ac0faf854f037370b311945d5e1e67b8fd7ff537d684bf60e2bb48e44e9d177d0634164819d996ac0148ff191a4a787c7a992dfea034a20a8ea72c4bc9b","2023-12-31T22:30:00.000","2023-12-31T22:45:00.000","372","0.69","17031081700","17031320100","8","32","5.5","0","0","2.5","8","Cash","City Service","41.892042136","-87.63186395","POINT (-87.6318639497 41.8920421365)","41.884987192","-87.620992913","POINT (-87.6209929134 41.8849871918)"
"2480e415b907efee428cf38c08948ef3cecf1efa","249d932165de24c10140f979fa81b350183cff7ac630991ebc0e2b567883a3c60780ed9dd4f087f74022f6af1eb04d11f888b84b182f90a5e1996bc87da1fa70","2023-12-31T22:30:00.000","2023-12-31T22:45:00.000","775","6",,,"76",,"17","4.5","5","0","27","Credit Card","Globe Taxi","41.980264315","-87.913624596","POINT (-87.913624596 41.9802643146)",,,
"e554c2043610c1af4018f3744e49373425e8cec8","14727c10bd08f635b427e7b7ea2c382d66217d42490a426311cf9a48ca78aed4dfe25065e452b6e5a8b36cd5c75cf5b53700542e171ccac74feb685939342f0e","2023-12-31T22:30:00.000","2023-12-31T23:00:00.000","1349","15.28",,,"76",,"38.25","5","0","6.5","50.25","Credit Card","Sun Taxi","41.980264315","-87.913624596","POINT (-87.913624596 41.9802643146)",,,
"8d69d0d2a0bdf8150b6eec00abac362def4cdf9d","4f7fd7c1ea16af4b1aaab270f6b0d7ddb68e9edd79b1b51ddb6311c63d792d4df306c4dda5ca258afdfdaea64778a161c2a5e381684b2683cbebb7404d1eaf23","2023-12-31T22:30:00.000","2023-12-31T22:45:00.000","811","2.52",,,"4","6","9","4.57","0","0","13.57","Mobile","Chicago Independents","41.975170943","-87.687515515","POINT (-87.6875155152 41.9751709433)","41.944226601","-87.655998182","POINT (-87.6559981815 41.9442266014)"
"de29edc59e985cc26dbaece118d2fc5dd8e32a99","ed2fd4b8a6931e02423fd12f4ced1094e2d0d64ab1d43d8a4844749c580a1d85bdab860f98cf1c7ee65d2243ff3e92582b212d4ba360d81652838fda88ac0af3","2023-12-31T22:30:00.000","2023-12-31T23:00:00.000","2085","26.54",,,"76","42","63.25","13.55","0","4","81.3","Credit Card","Sun Taxi","41.980264315","-87.913624596","POINT (-87.913624596 41.9802643146)","41.77887686","-87.594925439","POINT (-87.5949254391 41.7788768603)"
"0605ec90fa4fc20a9a8654a7897f4a0a2c6ca3a9","821fbe209557c784dcfc8435cd37ca5777c46f71219dac57af753806c6e6ff3ce3f4b9aff73b0b73672a33f75f115a8b913ac86d99e4a6f26b3cfc4a6ddfb065","2023-12-31T22:30:00.000","2023-12-31T23:15:00.000","2314","18.03",,,"56","3","46.75","0","0","5","52.25","Credit Card","City Service","41.79259236","-87.769615453","POINT (-87.7696154528 41.7925923603)","41.96581197","-87.655878786","POINT (-87.6558787862 41.96581197)"
"5682593b31b0daf77415b6f64ba7a1bebab7d85a","46c4778c3a32454511f96752c509c608955e293da45dbf245bf9eba5bef28916b7b61295d27aa8f61e4ad63b264051057ace630bce41b8aff5bc6853585fed15","2023-12-31T22:30:00.000","2023-12-31T23:00:00.000","1680","17.1","17031980000","17031081500","76","8","43","10","0","4","57","Credit Card","Taxi Affiliation Services","41.97907082","-87.903039661","POINT (-87.9030396611 41.9790708201)","41.892507781","-87.626214906","POINT (-87.6262149064 41.8925077809)"
"527de8927647219798796cf7fd7436bd2960d262","961821de614d231063968f208b3459b4cf63051528c3f8bd5ba058c3b5ababfe30c72209067e9dfece49bf49f5a19f78feda573817a433a64a5dc54391bfbf99","2023-12-31T22:30:00.000","2023-12-31T23:00:00.000","1620","1",,,"56","73","44","14.5","0","4","62.5","Credit Card","Taxi Affiliation Services","41.79259236","-87.769615453","POINT (-87.7696154528 41.7925923603)","41.717493036","-87.648895072","POINT (-87.6488950721 41.7174930361)"
"dd9ace4049c0373057eb25f31e8cdcb8578e6e17","9a423881d4046f5590943c08ec5e58d59f5ebd91fe26aa9ef49ad0dfe587e3d3a78dc5e2d214e4d42120e5296ebadeb100494177de8b0fc8ef6a1b3e5290669b","2023-12-31T22:30:00.000","2023-12-31T22:45:00.000","1020","0",,,"7","10","29","0","0","0","29","Unknown","Taxi Affiliation Services","41.922686284","-87.649488729","POINT (-87.6494887289 41.9226862843)","41.985015101","-87.804532006","POINT (-87.8045320063 41.9850151008)"
"45e889ca2734eee0dae6084fedc010aece927386","511d5a90fddd5d591ca80c1c2969c190f8ad2997c0b6e9d1776a3864f2536814f53b603888e6ca6fa11e0e8625b02db335ef976a9a36e8d35b7d714e38e55bef","2023-12-31T22:30:00.000","2023-12-31T22:45:00.000","799","12.64",,,"76","22","31.5","0","0","0","31.5","Prcard","5 Star Taxi","41.980264315","-87.913624596","POINT (-87.913624596 41.9802643146)","41.92276062","-87.699155343","POINT (-87.6991553432 41.9227606205)"
"ddc663cbfb556e630f9eef4209cf158335e79fb8","0daf144a0b4f020f8accbe2464c459e2a17b0d2e085d0b6325f903b288e2a594d8fe58decd42c69200c0b36fa45bc647ce412f957929a54cdb1a2c6be43a99e0","2023-12-31T22:30:00.000","2023-12-31T23:00:00.000","1336","12.54",,,"25","35","47.99","0","0","0","47.99","Cash","Flash Cab","41.890608853","-87.756046711","POINT (-87.7560467111 41.8906088526)","41.835117986","-87.618677767","POINT (-87.6186777673 41.8351179863)"
"162e550a5fb441dced7813369fa86fc8b7304f09","cf39200ae52386dfa52be5a8e1da54653690fac9fba627c56b2de87a6450d7cff76ef0f185f95771e8564e67f6e77e98df376659f7264226baa946aec4ee1cc0","2023-12-31T22:30:00.000","2023-12-31T22:30:00.000","834","2.82",,,"8","24","10.6","1.89","0","0","12.49","Mobile","Taxicab Insurance Agency Llc","41.899602111","-87.633308037","POINT (-87.6333080367 41.899602111)","41.901206994","-87.676355989","POINT (-87.6763559892 41.9012069941)"
"91cb9c0ee3d38e74539802612ae2ed5b9d0b1316","70bca78835e8e92b04b46d111508f56c7b847abad90561822f7c7d5ae937f7c4350d671563050ab06c16fad39727bdc8d6a79bb92a215bb14f4bb52c48f8a82d","2023-12-31T22:30:00.000","2023-12-31T22:30:00.000","473","1.97",,,"14","16","8.25","0","0","0","8.25","Cash","Flash Cab","41.968069","-87.721559063","POINT (-87.7215590627 41.968069)","41.953582125","-87.72345239","POINT (-87.7234523905 41.9535821253)"
"a86b5827d0816399fe45ac8900b66d7727153ad8","d1d88b89ceb6d753007b6e795e3c24f4bea905a51e9d475c9b555d2a82ed2a5d72eed1b7bb6107f7c0328b5b88148196b698279399dc6f305197342beb0c1167","2023-12-31T22:30:00.000","2023-12-31T22:30:00.000","608","0",,,"24","8","9","2.22","0","0","11.22","Mobile","Flash Cab","41.901206994","-87.676355989","POINT (-87.6763559892 41.9012069941)","41.899602111","-87.633308037","POINT (-87.6333080367 41.899602111)"
"0c933a88984d95db923d87d58cd6e976028fed34","8dd990653cc2793d96b80ae45e928afc9a590b21b491eea3f522f42a72a5d323e79997fb7b2aab3486de73e89a4c9ae8e8cc377056b9b0d3de37ab822ce2cf33","2023-12-31T22:30:00.000","2023-12-31T22:45:00.000","184","0.47","17031081500","17031839100","8","32","9","2.62","0","2","13.62","Mobile","Sun Taxi","41.892507781","-87.626214906","POINT (-87.6262149064 41.8925077809)","41.880994471","-87.632746489","POINT (-87.6327464887 41.8809944707)"
"d165162d6d1bc3f1fa490e896a6773c852ada4a8","261b4db1c52868b756351f3cba8d9cc18cbb0166b27610bb408b4083e9aa048547ad745e8441d8d7b5319d3264616eea90012ed7af684585dede410191d1c2cf","2023-12-31T22:30:00.000","2023-12-31T22:45:00.000","1419","15.13",,,"76","24","38.25","8.75","0","5","52.5","Credit Card","Chicago Independents","41.980264315","-87.913624596","POINT (-87.913624596 41.9802643146)","41.901206994","-87.676355989","POINT (-87.6763559892 41.9012069941)"
"f741230e16583299da6d4f5c0905c325c9b460c1","89ef36585d68603f58ba7a6f23998ad78fd67f1a9a9ea4f38f06167114ca6d1b1b532e0f0ca38315d09542504b488d13865e6c372900a1c3ccf4acc044376134","2023-12-31T22:30:00.000","2023-12-31T22:45:00.000","796","3.21",,,"24","6","9.62","3","0","0","12.62","Mobile","City Service","41.901206994","-87.676355989","POINT (-87.6763559892 41.9012069941)","41.944226601","-87.655998182","POINT (-87.6559981815 41.9442266014)"
"992ff1d49d8f4153c1c16a229b7ce82b1d63ef9a","c7a0a182e884af18d25c22584df83f14df5b044b900930885d55b2a2a5c0ddb23d2d3eadbb652b2e15b4167609d461a8af488b075a458d2ed19647feac570602","2023-12-31T22:30:00.000","2023-12-31T22:30:00.000","12","0.01",,,"14","14","3.25","0","0","0","3.25","Cash","Flash Cab","41.968069","-87.721559063","POINT (-87.7215590627 41.968069)","41.968069","-87.721559063","POINT (-87.7215590627 41.968069)"
"f31271feeaac4143177205c866b68c1e8f57caac","5067aae3d9e1474101b1df5c6b7fe79389e429ea7d820315b964dade113f9db00fd09bdaae86c17e22b9e197059dbc86b2c7e36ce25358737993f757f0b26e94","2023-12-31T22:30:00.000","2023-12-31T22:45:00.000","1180","4.96",,,"8","6","17","0","0","1.5","18.5","Cash","Flash Cab","41.899602111","-87.633308037","POINT (-87.6333080367 41.899602111)","41.944226601","-87.655998182","POINT (-87.6559981815 41.9442266014)"
"f9a5d2ed69985c94d70ddd40eb0c9c6183a8c628","b85df3fd8cdc552a74a3d9314a93209b38870f707943707001a261fb394ef2965b54b9bccbd85311c10c62f76ef18ca2fb5837170e019bb4297415a0dbf6cb52","2023-12-31T22:30:00.000","2023-12-31T22:45:00.000","872","2.71",,,"6","7","11","3","0","0","14.5","Credit Card","Blue Ribbon Taxi Association","41.944226601","-87.655998182","POINT (-87.6559981815 41.9442266014)","41.922686284","-87.649488729","POINT (-87.6494887289 41.9226862843)"
"7708781e5d5355d1e790ff530daddc0dd8493192","9fcefcaa49ef3229c8e75e02120101fbd92b329677ceeaa8b4c09e6615d1e8efd83e4381df8131d68ad62b085cdd2e3325dd2ac25c161f8edce3f03e4dea4713","2023-12-31T22:30:00.000","2023-12-31T22:45:00.000","1273","11.32",,,"76","4","29.5","5.25","0","5","40.25","Credit Card","Globe Taxi","41.980264315","-87.913624596","POINT (-87.913624596 41.9802643146)","41.975170943","-87.687515515","POINT (-87.6875155152 41.9751709433)"
"7a7f3d4731348af86b4ac6c74fdc69f0bda7b384","1ea5004ae3f44bd45e15417e3f740814c9d18093801d65dfbb6acf7e7d67ef2d1a68a572d1f7459788ba66b2a0395c3738b5f3055f69f9bde7d26ac771a28f06","2023-12-31T22:30:00.000","2023-12-31T22:45:00.000","507","2.58",,,"8","24","9.75","0","0","0","9.75","Cash","Sun Taxi","41.899602111","-87.633308037","POINT (-87.6333080367 41.899602111)","41.901206994","-87.676355989","POINT (-87.6763559892 41.9012069941)"
"ff60992db2303eabdd4baac28e879db333efe661","bc9f0521b68daec76fdff578445175b5afccf1701a34b0c54013555c56a1a42982fb8fdc2a5ad0e8cabbe067601a20f8df18f64883efddca7d1b686169f16e72","2023-12-31T22:30:00.000","2023-12-31T22:45:00.000","699","1.29","17031320400","17031081500","32","8","8","3","0","2","13.5","Credit Card","Taxicab Insurance Agency Llc","41.877406123","-87.621971652","POINT (-87.6219716519 41.8774061234)","41.892507781","-87.626214906","POINT (-87.6262149064 41.8925077809)"
"03ccc12578f1e82a3d0ae14c452be45dfab614dc","c3fe9312c9722befcf39d581225faa3d8dfae24c783c7443d360a6ffd567782720616e61ad54176b81d68a5611199c2fa710d69cc8427bc3d9d08bd8f9bab052","2023-12-31T22:30:00.000","2023-12-31T22:45:00.000","672","1.56","17031320100","17031081300","32","8","9","2.23","0","0","11.23","Mobile","City Service","41.884987192","-87.620992913","POINT (-87.6209929134 41.8849871918)","41.898331794","-87.620762865","POINT (-87.6207628651 41.8983317935)"
"b618d9e76db6416e14636b809a3faf7da18baffa","e0f0dfba8628846b3c4022833a14ce311c40ac2408a325f76a281fc8fa2e29a9e59d0880d6e26b70e250da812cf3b2b1469dc5a0a239a901119efab1e99ac3e1","2023-12-31T22:30:00.000","2023-12-31T22:30:00.000","529","1.25",,,"28","32","7.25","0","0","0","7.25","Cash","Sun Taxi","41.874005383","-87.66351755","POINT (-87.6635175498 41.874005383)","41.878865584","-87.625192142","POINT (-87.6251921424 41.8788655841)"
"c1c6bbdbca5f0a069673e510dd4b58a335ba8433","cf5f0f5970c4961f96199dfcb1b11c9835a7fa2db48ff06a4ea0f99f2c14328e0cf5114f2419049133c1ef9d9cbd532e37c5ef642098f55d01ee7ac3b71ab7aa","2023-12-31T22:30:00.000","2023-12-31T22:45:00.000","929","12.34",,,"12","28","31.25","0","0","0","31.25","Prcard","City Service","41.993930128","-87.758353588","POINT (-87.7583535876 41.9939301285)","41.874005383","-87.66351755","POINT (-87.6635175498 41.874005383)"
"47255ccdd44f285937f83274c9868f98e8fdfc5a","d5709ffb84ecf9520fff03fecafda7203f03731d4cc200de921a91ae287fcae4886006c77c36d1b2a691642989850212f67b1849069e2d1c254f6a234491bb32","2023-12-31T22:30:00.000","2023-12-31T22:45:00.000","924","8.65",,,"77","32","22.55","5.22","0","0","27.77","Mobile","Sun Taxi","41.9867118","-87.663416405","POINT (-87.6634164054 41.9867117999)","41.878865584","-87.625192142","POINT (-87.6251921424 41.8788655841)"
"dcb0efc0606f37202c94d387bb3856da85ecb7c7","5d957f1479cfb6a300e287a043cd6f4f4cc0d304b8de0911e712ee49d0c822442d00dcb9c042c1c8f88b623b60263a29daeab0ac805b037da24ccf35a64f1cf5","2023-12-31T22:30:00.000","2023-12-31T22:45:00.000","1183","13.05",,,"56","22","33","7.99","0","6","47.49","Credit Card","Taxicab Insurance Agency Llc","41.79259236","-87.769615453","POINT (-87.7696154528 41.7925923603)","41.92276062","-87.699155343","POINT (-87.6991553432 41.9227606205)"
"ccc8a7801efa86b333937eda93cdbd0e97a88394","bd148166cee8cd0aa6477ae76e191ac3ac647166ff5a860b8339a793facb0dcbca00c90f51b3678ca3bb649367636e501b116f34fc9a8d655f70c7b7d985f50c","2023-12-31T22:30:00.000","2023-12-31T22:30:00.000","503","0",,,"7","7","9","4","0","0","13","Mobile","Flash Cab","41.922686284","-87.649488729","POINT (-87.6494887289 41.9226862843)","41.922686284","-87.649488729","POINT (-87.6494887289 41.9226862843)"
"ae36d5b998eb1680200e07839e414a91c8f024f5","a794ce0e20adbd37537a89f6594db731a9fb48ddf73eb7a4be03f9d3e256c8411cbb0278a7b53219c1781e1cba2c3fef7d7e5ab4161b4c034a46724b41c35d7d","2023-12-31T22:30:00.000","2023-12-31T22:30:00.000","556","0.89",,,"32","32","6.75","1.65","0","1","9.9","Mobile","Flash Cab","41.878865584","-87.625192142","POINT (-87.6251921424 41.8788655841)","41.878865584","-87.625192142","POINT (-87.6251921424 41.8788655841)"
"48579206121275d400f78429273afb0a9e374f96","42560393a9c9b9ae28339f4b5aec77fd89bd49916ad54175d9ee679d69939f973c177065f2816d7990a6663a07270335a4a852190c3258497ba7978edced68c8","2023-12-31T22:30:00.000","2023-12-31T22:45:00.000","595","1.54","17031320400","17031320100","32","32","8.25","0","0","1","9.25","Cash","Patriot Taxi Dba Peace Taxi Associat","41.877406123","-87.621971652","POINT (-87.6219716519 41.8774061234)","41.884987192","-87.620992913","POINT (-87.6209929134 41.8849871918)"
"0f229ac299160676803d37d9abd26ad2af1b67a2","a43d80513b519b01df933c10ec09d170add6868927049271ede3901739783685886f72063188ffb0614533e067fff866dc025119e3128dfd7fe5889f436ef3b8","2023-12-31T22:30:00.000","2023-12-31T22:30:00.000","590","2.66",,,"8","7","9","4","0","3","16","Mobile","Taxicab Insurance Agency Llc","41.899602111","-87.633308037","POINT (-87.6333080367 41.899602111)","41.922686284","-87.649488729","POINT (-87.6494887289 41.9226862843)"
"255f7d00757f23e50f6d4ff62b73a38fc907cdad","71299f519d81a7d3bd0fd6bb0d0f8ebd553ea3a851d0716b354091e93567cf9b964e9fc31976baa285d14cb41ec9a10b827266f66a1261aaaac00d542b2eec81","2023-12-31T22:30:00.000","2023-12-31T23:00:00.000","1020","1.1","17031081500","17031320100","8","32","9","0","0","0","9.5","Credit Card","Globe Taxi","41.892507781","-87.626214906","POINT (-87.6262149064 41.8925077809)","41.884987192","-87.620992913","POINT (-87.6209929134 41.8849871918)"
"b688ae11e28d75791e95ca8801db99281ff74b85","1d5c92da7f240e8a24b8ca4635a64a519961d69afafbf8d17116a133833b1ce464e7d68b137a9c4faf4cec8c3d1ca6bd4637610a5f51bd3cc2569336d6937a9b","2023-12-31T22:30:00.000","2023-12-31T22:30:00.000","150","0.81",,,"33","33","9","1","0","0","10","Mobile","Taxicab Insurance Agency Llc","41.857183858","-87.620334624","POINT (-87.6203346241 41.8571838585)","41.857183858","-87.620334624","POINT (-87.6203346241 41.8571838585)"
"8757bc08c40e0c502f87765c75994faa3046c869","8b43f4a681efdaeb470b8570f8f98c822c7ba15a0f740a23f0daad0c5f3987cab4c12b3df5360160575f4580b037a75de9bed0a706ac9b36d0dbdcb57f8ed3fb","2023-12-31T22:30:00.000","2023-12-31T22:45:00.000","1479","17.76",,,"76","8","43.75","7.24","0","4","55.49","Credit Card","Globe Taxi","41.980264315","-87.913624596","POINT (-87.913624596 41.9802643146)","41.899602111","-87.633308037","POINT (-87.6333080367 41.899602111)"
"1597d159611e1e62f1d832fe14ec9c2517e22c9c","eddec198962a7737ebf2d9cbc621da2f8ff2f636499af0be1355e163888b228cd8a43997c0ada5376f46c940c41027448c30b6d63b63a6707e00c121ac104fbc","2023-12-31T22:30:00.000","2023-12-31T22:45:00.000","281","0.96",,,"8","8","5.75","0","0","0","5.75","Cash","City Service","41.899602111","-87.633308037","POINT (-87.6333080367 41.899602111)","41.899602111","-87.633308037","POINT (-87.6333080367 41.899602111)"
"1fd764d6fc5af86b18a7f2282c047ab358342b2d","1061d157b2a98a1b1e7871639b836de5fb521101d08d736af9eaa6700648adb48fb8df7f97970cc6b2a7bd6da5840251530b3cccb10d81a56f3779ba7a1354ba","2023-12-31T22:30:00.000","2023-12-31T22:45:00.000","685","0",,,"8","8","9","2.81","0","0","11.81","Mobile","5 Star Taxi","41.899602111","-87.633308037","POINT (-87.6333080367 41.899602111)","41.899602111","-87.633308037","POINT (-87.6333080367 41.899602111)"
"e667c1f2b0aa45458253d2140bba835e1f64204d","ce8e5531edf9255d9ecb2f930e320f9c1c83229e43744564103589a4cf339190c4c17ba66439c436305e3ebf2447ef2d418b2601edc83b81c08abdce5cd20334","2023-12-31T22:30:00.000","2023-12-31T22:45:00.000","594","0.94","17031081201","17031081403","8","8","7","2","0","2","11.5","Credit Card","Blue Ribbon Taxi Association","41.899155613","-87.626210532","POINT (-87.6262105324 41.8991556134)","41.890922026","-87.618868355","POINT (-87.6188683546 41.8909220259)"
"958d0504699d87d19fa04f72a7a4f500f7a32a60","be7e1462a37397809dadade8e174ef3ccbc3073294df4a0c1786610d3fbbc2cd18543a46938764af03553b89897d23ee9f88307fd485162626822cd306c2fed5","2023-12-31T22:30:00.000","2023-12-31T22:45:00.000","695","3.15",,,"3","7","11.48","2.88","0","0","14.36","Mobile","Blue Ribbon Taxi Association","41.96581197","-87.655878786","POINT (-87.6558787862 41.96581197)","41.922686284","-87.649488729","POINT (-87.6494887289 41.9226862843)"
"26258f9282b3cedc7e6047b4cad5015b36af8fb8","66d3807bc1b0bcf7c3b90c19f7c13356cdd60995199804afe2355e2736bf4a56d616f7f783596da3bdcb6b755c43d8b26818486f213604c04b6ebbcd9b99abc8","2023-12-31T22:30:00.000","2023-12-31T22:45:00.000","389","1.37",,,"28","32","7","0","0","1","8","Cash","Flash Cab","41.874005383","-87.66351755","POINT (-87.6635175498 41.874005383)","41.878865584","-87.625192142","POINT (-87.6251921424 41.8788655841)"
"d64bf300b3a52c4117b29c8b79e5c870821e1333","b56b31883524426035c290bfdbe4e038baccc814842c1003b8dba6caaa4ed640ba7bb17a6be5bbf96c6b5f6a6d3a3f0d62ea21510cadf75bca50b51c0371f60e","2023-12-31T22:30:00.000","2023-12-31T22:45:00.000","614","0.9","17031081401","17031320100","8","32","7","0","0","0","7","Cash","Sun Taxi","41.89503345","-87.619710672","POINT (-87.6197106717 41.8950334495)","41.884987192","-87.620992913","POINT (-87.6209929134 41.8849871918)"
"5fcc03b2967c6ad557f961e8a88d9b1966736449","c3ebfce9cb4f64d18d29e3e416e9f64dfe671eb8226d44719da28eff8fb2204be6684d86097d4ebc3eb951e8e21977035ecbcc5d96bce6105af21c56d794322a","2023-12-31T22:30:00.000","2023-12-31T22:45:00.000","479","1.39","17031833000","17031081700","28","8","9","1.67","0","0","10.67","Mobile","Globe Taxi","41.88528132","-87.6572332","POINT (-87.6572331997 41.8852813201)","41.892042136","-87.63186395","POINT (-87.6318639497 41.8920421365)"
"266f9e57d09c40a59412a73fec1c0203f0067278","71299f519d81a7d3bd0fd6bb0d0f8ebd553ea3a851d0716b354091e93567cf9b964e9fc31976baa285d14cb41ec9a10b827266f66a1261aaaac00d542b2eec81","2023-12-31T22:30:00.000","2023-12-31T22:30:00.000","360","0.5","17031081401","17031081100","8","8","5.25","0","0","0","5.25","Cash","Globe Taxi","41.89503345","-87.619710672","POINT (-87.6197106717 41.8950334495)","41.900221297","-87.629105186","POINT (-87.6291051864 41.9002212967)"
"9224454ebb00468f9aa9e8ec93894c9176ebf67e","ea8e6df913a36562d8eddf662abe7722f4c0dc08527e9819364aed7a595eb61abb3728e49185db0616deb070840f410f6672275961076b6fcacc6bdfcf9edcf1","2023-12-31T22:30:00.000","2023-12-31T22:30:00.000","480","1","17031320100","17031081700","32","8","6.5","0","0","2","8.5","Cash","Taxi Affiliation Services","41.884987192","-87.620992913","POINT (-87.6209929134 41.8849871918)","41.892042136","-87.63186395","POINT (-87.6318639497 41.8920421365)"
"a0ee4aefd8a934314807a96509dff22c9c8f9038","b689cccdd4fd4d537758da1055f25864f9780258416bfd156c28ddabb4aa93731122bd63a997771929835907b976b98277ee346b433fbc7c1fc5d84250a3ced5","2023-12-31T22:30:00.000","2023-12-31T22:30:00.000","602","3.12",,,"28","24","11.25","0","0","3.5","14.75","Cash","Medallion Leasin","41.874005383","-87.66351755","POINT (-87.6635175498 41.874005383)","41.901206994","-87.676355989","POINT (-87.6763559892 41.9012069941)"
"b656e2db9dd49846d69d4fb4523ec35abdd4cd3f","f7782da531b08c6ce5a1e16a8c2998f6f4f7943f29ab53713949ec17f3b4d7f8b4cd8a84da2fe7c4b0a17f1fc3439e376d3bfec25d83652dfa4468342e25f6b1","2023-12-31T22:30:00.000","2023-12-31T22:30:00.000","283","0.43","17031081500","17031839100","8","32","5","0","0","1","6","Cash","Taxicab Insurance Agency Llc","41.892507781","-87.626214906","POINT (-87.6262149064 41.8925077809)","41.880994471","-87.632746489","POINT (-87.6327464887 41.8809944707)"
"9dd01aee774616fb7e036769ad07269a02beec79","c17582be31089967bcc79faa83fe8c0f7521a55e172fa83398c78255eeace47b45af0bbbd241d68db5b8c6e139c93c5e39be80db33402a1a37a22657c74475cf","2023-12-31T22:30:00.000","2023-12-31T22:30:00.000","489","1.86",,,"6","6","9","2.22","0","0","11.22","Mobile","Medallion Leasin","41.944226601","-87.655998182","POINT (-87.6559981815 41.9442266014)","41.944226601","-87.655998182","POINT (-87.6559981815 41.9442266014)"
"aa34cc6f9ebe6f7d3c77f78569a582c4d8396965","3ae83cc261cea27eafc3d9b18bbc93100c03762e8b6971ee60ec7c34e975fde969dfaad88186def33c7205ef5aa98f5fc01f8419f70f7f30ab5b8af02663a2e3","2023-12-31T22:30:00.000","2023-12-31T22:45:00.000","900","0.1",,,"8","7","10","2.3","0","1","13.3","Credit Card","Taxi Affiliation Services","41.899602111","-87.633308037","POINT (-87.6333080367 41.899602111)","41.922686284","-87.649488729","POINT (-87.6494887289 41.9226862843)"
"7c369460c942dd76b204aa703213ee9c6683cf51","f55addae8ca796ec4b405f2aff2b703fa3e84d285bf4c15ffe84f53e6abd8c4acd7dacad001d0ed5d0bd1e011d748cdf531e486ba50cd50cbd6ad1dafb5705b1","2023-12-31T22:30:00.000","2023-12-31T22:30:00.000","404","1.08",,,"6","6","6.25","2","0","0","8.75","Credit Card","Taxicab Insurance Agency Llc","41.944226601","-87.655998182","POINT (-87.6559981815 41.9442266014)","41.944226601","-87.655998182","POINT (-87.6559981815 41.9442266014)"
"1e8a4ccc5bd77db621eeb042e13b533477016d14","a38d173f3d3a362a9622b11153393dced7724f53b9c20c0a1798ffda7f9d5ab17e47d7450cefad8fc1a8a26a049c111d79ddef1f7eda0de14bebaff2043ca27d","2023-12-31T22:30:00.000","2023-12-31T22:45:00.000","799","1.37","17031081700","17031839000","8","32","8.75","3","0","0","12.25","Credit Card","Flash Cab","41.892042136","-87.63186395","POINT (-87.6318639497 41.8920421365)","41.87101588","-87.631406525","POINT (-87.6314065252 41.8710158803)"
"b5f05821cc315771ba015abe6ff0863856a1d318","3458069fe0594320e14bd166052c7ecf56b09f4e706737621ee977a43ead5664e83708d3ddb723517a85957602517eead6142d7b3920f8c042e426f76799a924","2023-12-31T22:30:00.000","2023-12-31T22:45:00.000","585","2.49",,,"56","56","10","2.48","0","6","18.98","Credit Card","Star North Taxi Management Llc","41.79259236","-87.769615453","POINT (-87.7696154528 41.7925923603)","41.79259236","-87.769615453","POINT (-87.7696154528 41.7925923603)"
"bf4aaa41957870149770a436a3794af1d7915d7d","dd16496faf01009b70959e7c0d5b86f9bb7f432a1771c5737f75542f886f1c16d56afc454b02a96737372836e47c77ffc172b0bdf80e13640ff9203b7d0d6dbc","2023-12-31T22:30:00.000","2023-12-31T22:45:00.000","1455","18.65","17031980000","17031839000","76","32","45.5","0","0","5","50.5","Cash","Medallion Leasin","41.97907082","-87.903039661","POINT (-87.9030396611 41.9790708201)","41.87101588","-87.631406525","POINT (-87.6314065252 41.8710158803)"
"67a3572ef3be51553564703f831b28069f3e56d8","ff60dabe17243a25435dcaf430a8b31615374bfc6be8416ff770306b39478cf34a5adedd497213f79bc39863f1048b62a3b7ceb4623d226104e44e82fae2438f","2023-12-31T22:30:00.000","2023-12-31T22:30:00.000","472","0",,,"32","24","10.13","2.56","0","0","12.69","Mobile","Flash Cab","41.878865584","-87.625192142","POINT (-87.6251921424 41.8788655841)","41.901206994","-87.676355989","POINT (-87.6763559892 41.9012069941)"
"200c431c39809ec5289ef97f34e1e62e503f7a8f","dff38396cdba045286033d298070468e3bfcd63550d4bd9ac191729c37859a634a311173999cbf2b504729cf469ef237199179112ca0c94bd4d167f827671533","2023-12-31T22:30:00.000","2023-12-31T22:45:00.000","675","1.28","17031320400","17031320100","32","32","7.75","3","0","2","13.25","Credit Card","Sun Taxi","41.877406123","-87.621971652","POINT (-87.6219716519 41.8774061234)","41.884987192","-87.620992913","POINT (-87.6209929134 41.8849871918)"
"4d89e10a2b96c88087ec8414725d51bf91f99c6f","971fa4446fe8b29da09564476ab378d9c582ebc3c4334c022963ac93c5eebabe88a3fc903bba1b48a21d1d1cb597f785ad481fcad514d18c231a1641d01db177","2023-12-31T22:30:00.000","2023-12-31T23:00:00.000","1513","13.25",,,"76","6","34.5","8","0","5","48","Credit Card","Taxicab Insurance Agency Llc","41.980264315","-87.913624596","POINT (-87.913624596 41.9802643146)","41.944226601","-87.655998182","POINT (-87.6559981815 41.9442266014)"
"723f5f49d35e7a588f61dc7e76736e4d640262d4","e93472aad9e00c0a523e1a861ae897303548d713ba63d3b8019a99d519a78fa799cd5a3c5366479d1796d94cbe6552b706e4e60fac373942ee2d349b5d9a44b3","2023-12-31T22:30:00.000","2023-12-31T22:45:00.000","850","8.61",,,"8","15","23.25","0","0","0","23.25","Cash","Flash Cab","41.899602111","-87.633308037","POINT (-87.6333080367 41.899602111)","41.954027649","-87.763399032","POINT (-87.7633990316 41.9540276487)"
"b3d75bfaebe1b30c89897e62bd15035960e2c612","449fa4909552757130d09d98ebc7770e2dd94579036b0e1958f92577ffc9fd6deca97bc1f229d2700865ce12b54d454ba96f973077386210ccbe44bfb7aac317","2023-12-31T22:30:00.000","2023-12-31T23:45:00.000","4076","37.33",,,"76","55","96.75","0","0","0","96.75","Cash","Flash Cab","41.980264315","-87.913624596","POINT (-87.913624596 41.9802643146)","41.663670652","-87.540935513","POINT (-87.5409355129 41.6636706517)"
"e6376e59bedc274aa31f21aaaa8a4cbb94ff135a","d899402f96aeec3adabbee95f3a99aba9ade0e0b5c1d9375fade5d3f588cf54b8ecaaba08da5979724cc81ff64f102696373883acd65b6c2fdf20fe50a09b542","2023-12-31T22:30:00.000","2023-12-31T22:45:00.000","824","2.7",,,"32","8","12.16","2.28","0","0","14.44","Mobile","City Service","41.878865584","-87.625192142","POINT (-87.6251921424 41.8788655841)","41.899602111","-87.633308037","POINT (-87.6333080367 41.899602111)"
"4d96923635a2f7630b44f6bf1dc7fc090753a0b0","2e56a64ca70738f48b04e1a8dd0f54f1013a1596145f728cd1ceb4668f57e4e504618063b012848da4a1ee3b2e53af3d7a3c785eb254f78db344de3131f32843","2023-12-31T22:30:00.000","2023-12-31T22:45:00.000","802","1.45","17031081000","17031081403","8","8","8.75","0","0","0","8.75","Cash","Medallion Leasin","41.900265687","-87.63210922","POINT (-87.6321092196 41.9002656868)","41.890922026","-87.618868355","POINT (-87.6188683546 41.8909220259)"
"8a752f80096f1b726aae56fb019265565b980907","a3bc50ed4e7b5de8e74d56919ae6e14b91e33c63c6c7d9632165c99dd1781507f170419466c56588531ed4788c84cabc34a62efd4834750e7ae2753c3667fc1d","2023-12-31T22:30:00.000","2023-12-31T22:45:00.000","840","2.95",,,"24","8","11.5","3.2","0","4","19.2","Credit Card","Sun Taxi","41.901206994","-87.676355989","POINT (-87.6763559892 41.9012069941)","41.899602111","-87.633308037","POINT (-87.6333080367 41.899602111)"
"2cb573e9a029badcfd96eaede942129a091e5e5d","c7e24b57c5ac5cc6b23bdaa7ad986c639f07680587bf710f52dde392f353f9935355277768f8ab89ba94a517ff8ee254ef7927c7bdb11868bb78ad39d5f502e2","2023-12-31T22:30:00.000","2023-12-31T22:45:00.000","234","0.25","17031081500","17031320100","8","32","4.5","3","0","1.5","9.5","Credit Card","Flash Cab","41.892507781","-87.626214906","POINT (-87.6262149064 41.8925077809)","41.884987192","-87.620992913","POINT (-87.6209929134 41.8849871918)"
"a2f92f2ceb99022d780adc3fd3ad1105fb999d8e","e64275101114ec6cfacc200c2bab09d7d4e128b5f6fd4cad1db03ff64b96c9bfbcfcf1c77239fd43d897539f8cbfc7e8da784bb7cebe0a7b83bf21233a46fb4b","2023-12-31T22:30:00.000","2023-12-31T23:00:00.000","1989","27.49",,,"56","76","65.75","14.25","0","5","85.5","Credit Card","Chicago Independents","41.79259236","-87.769615453","POINT (-87.7696154528 41.7925923603)","41.980264315","-87.913624596","POINT (-87.913624596 41.9802643146)"
"2422071e9639f1bfe4123889884ec76a082e138a","4dc0edeb1e43bb0cd3aa52ded5fa3152242d392e17c7600d2861b98a0ab0b5837ac1bca9eedd7d6d49a84e30b5f52964bb4fb8b7902ae7733a206e750c8f5c44","2023-12-31T22:30:00.000","2023-12-31T22:45:00.000","515","0.67","17031320100","17031839100","32","32","6.5","0","0","1","7.5","Cash","Medallion Leasin","41.884987192","-87.620992913","POINT (-87.6209929134 41.8849871918)","41.880994471","-87.632746489","POINT (-87.6327464887 41.8809944707)"
"e47bbe856fbf2a326ddc03c59e26716ca03c2f76","78893d83a12762723e5a8ef770b3fb541e9b2cd8d4316d708a441760143a4ef1e313205a8801abec9e7a152b970f673d3f9b990c228de3a6499b933d7e9aedc9","2023-12-31T22:30:00.000","2023-12-31T23:00:00.000","2100","9.7",,,"16","28","30","0","0","0","30","Unknown","Choice Taxi Association","41.953582125","-87.72345239","POINT (-87.7234523905 41.9535821253)","41.874005383","-87.66351755","POINT (-87.6635175498 41.874005383)"
"2617816b661b8af197dd024be3ede678e2abb389","11bb28dc5075f790bd4529d80a571002aeb69fd4145015caf45040d4ed2268d2aeb42f82059e30bea7db4eb4819c577912f80ee59b6444902599e580a78c6ebe","2023-12-31T22:30:00.000","2023-12-31T22:45:00.000","517","1.08","17031081201","17031081700","8","8","7","0","0","1","8","Cash","City Service","41.899155613","-87.626210532","POINT (-87.6262105324 41.8991556134)","41.892042136","-87.63186395","POINT (-87.6318639497 41.8920421365)"
"e244e75e2c7bfbe79bf7f0708c2550a0947f50b0","259d38cfdbc9ac6f9bb01f0df740e0ddf4a631a70bbdd6525862b20b7ed0e0554dbbde64c2955b8b6f41468c8970e5507490db36348f884461783472621bda08","2023-12-31T22:30:00.000","2023-12-31T22:30:00.000","420","1.7",,,"8","32","8","0","0","1","9","Credit Card","Taxicab Insurance Agency, LLC","41.899602111","-87.633308037","POINT (-87.6333080367 41.899602111)","41.878865584","-87.625192142","POINT (-87.6251921424 41.8788655841)"
"ea5c41afc13bcf962a24a88370a45872f4423ec2","b951b7af9a405d88275b77b6a04970bc2085661297b5e62a397c8e1431d3e86ed4b7a2ae5f5818bfd16b8656bbbbbc830221458b697de216dccc749720884b0d","2023-12-31T22:30:00.000","2023-12-31T22:30:00.000","308","0.44","17031081700","17031081500","8","8","9","2","0","0","11","Mobile","5 Star Taxi","41.892042136","-87.63186395","POINT (-87.6318639497 41.8920421365)","41.892507781","-87.626214906","POINT (-87.6262149064 41.8925077809)"
"a29d500d5006289b6381defc76a43ea6df36e7c7","c26dee3edb5d4bce731d586ef40b399162a1c3a05cb5bb035e148b89a986a90612bb81bfe1745453c85fe7ae4a859e566611067e2fb730da1c1e5ce92674dd2d","2023-12-31T22:30:00.000","2023-12-31T22:45:00.000","540","1.9","17031281900","17031320100","28","32","8.25","0","0","1","9.25","Unknown","Taxicab Insurance Agency, LLC","41.879255084","-87.642648998","POINT (-87.642648998 41.8792550844)","41.884987192","-87.620992913","POINT (-87.6209929134 41.8849871918)"
"e9e7ab4fd810daf9af9f48605d5b9499891d40c1","5af45eaec078152b0be7971172bb74df2e875424eff12da61af867d30848554ac365fe8272ad32bcfaaa354b7ed2f726dd6eea4d20e1155dad44168d2bdd277c","2023-12-31T22:30:00.000","2023-12-31T22:45:00.000","245","0.48",,,"8","8","9","0","0","0","9","Mobile","Chicago Independents","41.899602111","-87.633308037","POINT (-87.6333080367 41.899602111)","41.899602111","-87.633308037","POINT (-87.6333080367 41.899602111)"
"bc270bf3fad31b8e7c39a3a0fe1cf74efaff1e17","f8b84760a5c303b6f781d9864346b47bc9d11271782082a8a7c1ba509a10bcbb75c2c9cc95bbf4997ba48e4e94d34233d6bbbbf692b7acfd57099608f4ef3d7c","2023-12-31T22:30:00.000","2023-12-31T23:00:00.000","1740","14.5",,,,,"37.5","8.8","0","6","52.3","Credit Card","Chicago City Taxi Association",,,,,,
"c55a7bf897fb16d3e8c06b175cc9dce5df4c85e3","b2949139bf976ce9b80d79cfc2acd4889a2e5939dae4444360fa0e3146c41935be1c6b00b7201f19cb57e19ceee3ef4267f1a6c38d167e6ac31c06529b077fd5","2023-12-31T22:30:00.000","2023-12-31T22:45:00.000","960","1.3",,,"8","8","9.5","1","0","1","11.5","Credit Card","Taxi Affiliation Services","41.899602111","-87.633308037","POINT (-87.6333080367 41.899602111)","41.899602111","-87.633308037","POINT (-87.6333080367 41.899602111)"
"6677b5976877a16b7d8ee2a82a6d213fa2dbb84f","fa265b3601a73684f856bfe63e0b787d9101c3a292b49c39a97d0667305f8565c1d29df52d208a5beef071b74abc0fd13042840ed50e9bdd66e83575194feb35","2023-12-31T22:30:00.000","2023-12-31T22:45:00.000","60","0.2","17031980000","17031980000","76","76","3.75","0","0","0","3.75","Cash","312 Medallion Management Corp","41.97907082","-87.903039661","POINT (-87.9030396611 41.9790708201)","41.97907082","-87.903039661","POINT (-87.9030396611 41.9790708201)"
"7259da611ace338c7e87a3a57b073dc92b369165","957f9f38a64b3f69b922bebf7d0db47967c6dfedf59036aabd32fd62dad8fdac5b8f45debf8ff03c828ea3aefe3cbc8e3b33f16c51b9ecd9442b12da1d73134d","2023-12-31T22:30:00.000","2023-12-31T22:45:00.000","1243","17.59","17031980000","17031281900","76","28","43","0","0","5","48.5","Credit Card","City Service","41.97907082","-87.903039661","POINT (-87.9030396611 41.9790708201)","41.879255084","-87.642648998","POINT (-87.642648998 41.8792550844)"
"e8867fbafe05535b27bfa3035098caa0e551714d","bf144d3085b875983198aca2ccfa966dc544b7423ca28f38f59b9fa1b73c35b753865221241c67b7ad7a06c07aaabb671515d056a73cb1a9946c4d5e5fa74441","2023-12-31T22:30:00.000","2023-12-31T22:45:00.000","1046","7.31",,,"8","77","20.25","4","0","3","27.75","Mobile","City Service","41.899602111","-87.633308037","POINT (-87.6333080367 41.899602111)","41.9867118","-87.663416405","POINT (-87.6634164054 41.9867117999)"
"b1185640b213695b9429515fc85aa4a7cf559ecc","282f6fefb5261b5b2642a9b4702b76641a0badbd14f304739740d72c391b07bd2c2a7107bbb67f57e9985f2a3f65658470661f6e3bc89715e99bfea1de7c5287","2023-12-31T22:30:00.000","2023-12-31T22:30:00.000","8","0","17031081403","17031081403","8","8","3.25","0","0","0","5.75","Cash","Taxicab Insurance Agency Llc","41.890922026","-87.618868355","POINT (-87.6188683546 41.8909220259)","41.890922026","-87.618868355","POINT (-87.6188683546 41.8909220259)"
"d85b7e73b931259be067e737a3036b7568a544c7","fc9af5a263f70826b274b29067232130b35f23b91479bb66a0655224a22b586ae2c4f88090c3de82a4f428726dd5018b74b0c84627b9e2cf57ee329c5d794575","2023-12-31T22:30:00.000","2023-12-31T22:30:00.000","5","0","17031081403","17031081403","8","8","15","0","0","0","15.5","Credit Card","City Service","41.890922026","-87.618868355","POINT (-87.6188683546 41.8909220259)","41.890922026","-87.618868355","POINT (-87.6188683546 41.8909220259)"
"714594c4973180875340793b2c248196ff78e4b5","643bb93d2492e6eda6e928f41ec8e1cb906c3d8bf0dbd9ce7fde2198df5f74ad6159ef5666261e8ebb11e028a0c6f237ca96cccb30ef17857338822abb5f4bf7","2023-12-31T22:30:00.000","2023-12-31T22:30:00.000","323","1",,,"28","24","5.75","3","0","1","10.25","Credit Card","Sun Taxi","41.874005383","-87.66351755","POINT (-87.6635175498 41.874005383)","41.901206994","-87.676355989","POINT (-87.6763559892 41.9012069941)"
"ac51d615f40774464a4e6abaedc4937d3bcd70e0","7274daf07dd4da878465e03ee2f72165d7e044bcde1c2c0c6ae74a0cc1626b8f4bbf895d70b18d522bc2be82dd058ea0a35e9105b3aed6dd912916bd170981d9","2023-12-31T22:30:00.000","2023-12-31T22:30:00.000","110","0.63",,,"16","16","4.5","0","0","0","4.5","Cash","Flash Cab","41.953582125","-87.72345239","POINT (-87.7234523905 41.9535821253)","41.953582125","-87.72345239","POINT (-87.7234523905 41.9535821253)"
"d04234191f9cc939302ad885a40f30eb6b9615be","b41adca9ab700712805f97bb45aa12c1163013bc7c842c946e034c4b42014ffed9b5ba923ab8f846d720e4e62c61d5717ce0df2bbf7b5f26c83327618f3da329","2023-12-31T22:30:00.000","2023-12-31T22:30:00.000","16","0",,,"33","33","3.25","4.76","0","28","36.51","Credit Card","Flash Cab","41.857183858","-87.620334624","POINT (-87.6203346241 41.8571838585)","41.857183858","-87.620334624","POINT (-87.6203346241 41.8571838585)"
"2769a9d33bc8a1638a4b7c1c9b6598bc0cc42ad5","8eca35a570101ad24c638f1f43eecce9d0cb7843e13a75f0af0c911c3e31ddec549c4808e216bcf31634542025c1e7de2442b92d5d7d73463c4e05fd959e47b4","2023-12-31T22:30:00.000","2023-12-31T22:45:00.000","602","1.52",,,"7","6","7.75","0","0","0","7.75","Cash","Sun Taxi","41.922686284","-87.649488729","POINT (-87.6494887289 41.9226862843)","41.944226601","-87.655998182","POINT (-87.6559981815 41.9442266014)"
"5f75885e05d9fe308a44d29209072862213a06be","9400757c30cc4592f54bcd4d10f8cb2a5db5bd507f285fd365de4e15488c0949522b140dddf750a438bba104b1d5a04129d8c9c9a0fc0e4690b582d5a51390f8","2023-12-31T22:30:00.000","2023-12-31T22:30:00.000","225","0","17031081500","17031081500","8","8","9","3","0","0","12","Mobile","Flash Cab","41.892507781","-87.626214906","POINT (-87.6262149064 41.8925077809)","41.892507781","-87.626214906","POINT (-87.6262149064 41.8925077809)"
"80e3a9de4a03bb85fef00c1d89f35b111f692713","5e48748b582fe3c16baf5ac371a27773e8aef2927f33440f59bdfc4d05656e7f88d30836a2c448abd8980269053d8c7651e8f3da01acf4321d23213ff8170f8a","2023-12-31T22:30:00.000","2023-12-31T22:45:00.000","283","0.48","17031320400","17031839000","32","32","5","0","0","0","5","Cash","Sun Taxi","41.877406123","-87.621971652","POINT (-87.6219716519 41.8774061234)","41.87101588","-87.631406525","POINT (-87.6314065252 41.8710158803)"
"10537ae3f433b1e5c0f4891030d25514f6ba74fb","5e48748b582fe3c16baf5ac371a27773e8aef2927f33440f59bdfc4d05656e7f88d30836a2c448abd8980269053d8c7651e8f3da01acf4321d23213ff8170f8a","2023-12-31T22:30:00.000","2023-12-31T22:45:00.000","273","0.48","17031320400","17031839000","32","32",,,,,,"Cash","Sun Taxi","41.877406123","-87.621971652","POINT (-87.6219716519 41.8774061234)","41.87101588","-87.631406525","POINT (-87.6314065252 41.8710158803)"
"03f3ebc49b34d8dff15bedf44f9aa3f54826a952","791c36425d43d0153e2b79de132fc28ba08741645c41aa2c3799d0f28c8f1466082848c3cee0f64b2a89dcd4259b1290810ba964af8be137846595ab23bdbf0d","2023-12-31T22:30:00.000","2023-12-31T22:30:00.000","546","2.06",,,"28","33","8.75","0","0","1.5","10.25","Cash","Sun Taxi","41.874005383","-87.66351755","POINT (-87.6635175498 41.874005383)","41.857183858","-87.620334624","POINT (-87.6203346241 41.8571838585)"
"2a31a2f890d139d6f4135d76ba81527f96550da9","2fc72622ea88354ea99d9bd64750fed38df2bb87a79f887cffbbe6a0bcbdbadca31b48e2d4cbcf86418ec49a1a5e4d6a4cad901ece8c8bb51079a09430102d74","2023-12-31T22:30:00.000","2023-12-31T22:45:00.000","720","0.3",,,,,"16.5","0","0","0","16.5","Cash","Taxi Affiliation Services",,,,,,
"8bba2683dbfa61c4b3a42c7f4e0e87e921db1120","78893d83a12762723e5a8ef770b3fb541e9b2cd8d4316d708a441760143a4ef1e313205a8801abec9e7a152b970f673d3f9b990c228de3a6499b933d7e9aedc9","2023-12-31T22:30:00.000","2023-12-31T22:30:00.000","0","0",,,"16","16","3.25","0","0","0","3.25","Cash","Choice Taxi Association","41.953582125","-87.72345239","POINT (-87.7234523905 41.9535821253)","41.953582125","-87.72345239","POINT (-87.7234523905 41.9535821253)"
"4d1b3a6b46d2fddc231f09771a06610c744f74d2","ca2e49fc5f32316d5c59cabe4993d8f7b27ee126bc505836ae638a3a60ddf28a06fd497610cc6647831d8104f0574bcd8cea05fa5a8bd124061bfee79df6c1f2","2023-12-31T22:30:00.000","2023-12-31T22:30:00.000","60","0",,,"31","31","3.5","0","0","0","3.5","Cash","Taxi Affiliation Services","41.850266366","-87.667569312","POINT (-87.667569312 41.8502663663)","41.850266366","-87.667569312","POINT (-87.667569312 41.8502663663)"
"e943d3cf92689a97be3af2b599756a0977129f62","d66751b81d6e5ef4077f8b017311a75c5f8255782a478fb08849a36e7544ce7525645a68583e84d8c84a7b86d9f90beceff28d507119c92208e4c007afb6591b","2023-12-31T22:30:00.000","2023-12-31T22:30:00.000","19","0",,,"6","6","3.25","0","0","0","3.25","Cash","Flash Cab","41.944226601","-87.655998182","POINT (-87.6559981815 41.9442266014)","41.944226601","-87.655998182","POINT (-87.6559981815 41.9442266014)"
"833a9a5be699606ef10ac6a8a2f1b65c82494c8b","cedeef3646a2dacfb67265f39bf7acfd3a0f0954434a4cfbfce78c3b8e01fbe8a12fc4a11917014fc3523e3d7ac796b0755bab6f2b28da84ea7c4c6fd27ce775","2023-12-31T22:30:00.000","2023-12-31T22:45:00.000","325","0.6",,,"6","6","5.25","10","0","5","20.75","Credit Card","5 Star Taxi","41.944226601","-87.655998182","POINT (-87.6559981815 41.9442266014)","41.944226601","-87.655998182","POINT (-87.6559981815 41.9442266014)"
"8b5920f9a0e9e7679f33f6d751647ab9563a25b1","b00c5a92a2d7cd526d9ca9a5b63b98eb3111a00db69c57548bc256f9fb41046da0fc078b2c8843dc32558517ff09fc765e6c71ebe37bc3cc6368c33d259fda92","2023-12-31T22:15:00.000","2023-12-31T22:45:00.000","1983","13.87",,,"76","1","36.5","12.9","0","6","55.9","Credit Card","City Service","41.980264315","-87.913624596","POINT (-87.913624596 41.9802643146)","42.009622881","-87.670166857","POINT (-87.6701668569 42.0096228806)"
"122885aa68a3f21bb07cace4aa429d555467fcba","1626953f5dfefe1c62e73836adb90d16258a243e46f69e3acce8d7e3ca2c283d3cffefbe5a12f7edc501101d65832fba4c1deb851c52f8652756619c56ad3bcb","2023-12-31T22:15:00.000","2023-12-31T22:45:00.000","1831","11.17",,,"28","63","0","0","0","0","0","Cash","Globe Taxi","41.874005383","-87.66351755","POINT (-87.6635175498 41.874005383)","41.795430631","-87.696435232","POINT (-87.6964352325 41.795430631)"
"a07579d4631e98adc109c7bc17c66008546c2cfc","73052f4ccaf4e0fa9178722e491f8e5eda869f56e08aa4d659ef38139d36bd69df925ac00c96564af9fc30db0c616fb4c9312cb3ba36fe8c8cdd470750d4681d","2023-12-31T22:15:00.000","2023-12-31T22:45:00.000","2040","0",,,"3","56","61.5","0","0","0","61.5","Unknown","Taxi Affiliation Services","41.96581197","-87.655878786","POINT (-87.6558787862 41.96581197)","41.79259236","-87.769615453","POINT (-87.7696154528 41.7925923603)"
"e3fcb3628491ea2f3fa5bcb837d9cac8e7558e92","e721bbad6011a0096c3d8b0b6ad61b4762e4ac3707938464452fc77cb22e28569b21054a82c6f080b4144a42b643bc644d5bd9fa25cbb61e1077371a0d2522b1","2023-12-31T22:15:00.000","2023-12-31T22:45:00.000","1611","14.39",,,"76","6","37","0","0","4","41","Cash","5 Star Taxi","41.980264315","-87.913624596","POINT (-87.913624596 41.9802643146)","41.944226601","-87.655998182","POINT (-87.6559981815 41.9442266014)"
"639947d50806520d2b098e3f9bfe6218c9c1373e","4dc0edeb1e43bb0cd3aa52ded5fa3152242d392e17c7600d2861b98a0ab0b5837ac1bca9eedd7d6d49a84e30b5f52964bb4fb8b7902ae7733a206e750c8f5c44","2023-12-31T22:15:00.000","2023-12-31T22:15:00.000","475","0.73","17031320100","17031320400","32","32","6.25","2","0","2","10.75","Credit Card","Medallion Leasin","41.884987192","-87.620992913","POINT (-87.6209929134 41.8849871918)","41.877406123","-87.621971652","POINT (-87.6219716519 41.8774061234)"
"d6d8303419a0768ee2ded37aa5ee69b28af79cbd","7ff1fd92d52bfeec34b599a2cf4c4491af29916df6fc3c84f88a2a86271ba1b02ee42929c63c2cf56253bf941f09e2af541a1c63446be3c8f36a1ab489ee8e12","2023-12-31T22:15:00.000","2023-12-31T22:45:00.000","1740","14.4",,,"76","6","37.5","0","0","4","41.5","Cash","Taxi Affiliation Services","41.980264315","-87.913624596","POINT (-87.913624596 41.9802643146)","41.944226601","-87.655998182","POINT (-87.6559981815 41.9442266014)"
"0ae9cafeb18fe99573fe4e6348813fc250720cf6","a794ce0e20adbd37537a89f6594db731a9fb48ddf73eb7a4be03f9d3e256c8411cbb0278a7b53219c1781e1cba2c3fef7d7e5ab4161b4c034a46724b41c35d7d","2023-12-31T22:15:00.000","2023-12-31T22:30:00.000","408","0","17031833000","17031839100","28","32","9","2.22","0","0","11.22","Mobile","Flash Cab","41.88528132","-87.6572332","POINT (-87.6572331997 41.8852813201)","41.880994471","-87.632746489","POINT (-87.6327464887 41.8809944707)"
"4e98a8f4b47f4a63105f19de0e56c8e932d31a57","01c86849c3f7217277938ad1e7a86f43dd4b9316d7c0c85a0e917587c710647619aeef84fa3624b166dafb97dda9ed16100fb44bac141fee003d58d4de7c09a3","2023-12-31T22:15:00.000","2023-12-31T22:30:00.000","604","4.74",,,"76","76","14.25","0","0","4","18.75","Credit Card","Medallion Leasin","41.980264315","-87.913624596","POINT (-87.913624596 41.9802643146)","41.980264315","-87.913624596","POINT (-87.913624596 41.9802643146)"
"429c393c42793383ae92039c5e8dc5c14d62e510","c531f081cad817a366cbae2254ce7a3bb370394b3b0f1399dfc8781333c3565ca188035bbff4d1d7652181b79712c103d01ab168cb6ca2580f2da4b324cb00a5","2023-12-31T22:15:00.000","2023-12-31T22:15:00.000","454","1.12","17031071500","17031081201","7","8","6.75","1.45","0","0","8.7","Mobile","Flash Cab","41.914616286","-87.631717366","POINT (-87.6317173661 41.9146162864)","41.899155613","-87.626210532","POINT (-87.6262105324 41.8991556134)"
"8fc76f051e1d27730a60689b4a7300d0e9e1d506","f78d14baa2d1f80febaa17d73381c2eadb406cf4537522e111615ca2ccc9854f515cf1bb9dc9a9f48c4fdbf3e4e3adac120d6c6cc00dcd2aa715276b28bed0ad","2023-12-31T22:15:00.000","2023-12-31T22:15:00.000","240","0.6",,,"7","8","4.75","0","0","0","4.75","Cash","Choice Taxi Association","41.922686284","-87.649488729","POINT (-87.6494887289 41.9226862843)","41.899602111","-87.633308037","POINT (-87.6333080367 41.899602111)"
"e1c9b297df6f6987984d384f0cf60c362203d7ef","3edf5aaee7cd5378f854cca9e574820e57badb93344e0c367b70b3e39f3efb4484a3da00e6553a0c711580349369dab3969adb9845c6fd8bc63cce362a80da8f","2023-12-31T22:15:00.000","2023-12-31T22:30:00.000","1257","16.06",,,"76","7","40","5","0","5","50.5","Credit Card","5 Star Taxi","41.980264315","-87.913624596","POINT (-87.913624596 41.9802643146)","41.922686284","-87.649488729","POINT (-87.6494887289 41.9226862843)"
"c80240ca8e8a79cc65ca828b2539afb5b6983eac","3d4d650b0b10ca90ad2b4ac59a5f5b5f6d7bec7485211b2a41f1f63c5b83edd5b2efb7bf7290bddb0ddd12a91d0c89738767d70f47cfb1689686936a376031db","2023-12-31T22:15:00.000","2023-12-31T22:30:00.000","805","5.01",,,"8","6","15.25","0","0","0","15.25","Cash","Flash Cab","41.899602111","-87.633308037","POINT (-87.6333080367 41.899602111)","41.944226601","-87.655998182","POINT (-87.6559981815 41.9442266014)"
"04486a5b69736c47c78db08e09d7867d4d472fe2","9b48ad5744e86450fb4db78e7095a6827bafc43a6a9d9a8f656aac46cc0e429d129471cdad31f8a5a97b3a45c8af5fcbc80d003c1c4839075733900786e1a5a9","2023-12-31T22:15:00.000","2023-12-31T22:45:00.000","1644","6.76",,,"6","28","21.5","0","0","1","22.5","Cash","Sun Taxi","41.944226601","-87.655998182","POINT (-87.6559981815 41.9442266014)","41.874005383","-87.66351755","POINT (-87.6635175498 41.874005383)"
"09fcef3f26be30ac44dcde4026d5a4744c005416","db39bc53c7204111f0786edff94251c636dcce5fec8dbe58a436185359ce5854300ecac33cdbd6c6b6959d7bca9c99c8ccc9a089e393fd01f7c58ceb5305ca3e","2023-12-31T22:15:00.000","2023-12-31T22:45:00.000","1260","0.8",,,"56","41","33.25","11.6","0","5","49.85","Credit Card","Taxi Affiliation Services","41.79259236","-87.769615453","POINT (-87.7696154528 41.7925923603)","41.794090253","-87.592310855","POINT (-87.592310855 41.794090253)"
"48c9bb800f8e191d15a20284b5f19250be6abe8a","8123ec5a70681a139fcd93fd477eec0ee05dda8298774835a80496c9e90fbb9443e5d116ba283712e1dec8fdaf9c8acb0f69a77dc20170984c5b380aa8ae3f96","2023-12-31T22:15:00.000","2023-12-31T22:15:00.000","258","0.62","17031320100","17031320400","32","32","5.25","2","0","1","8.75","Credit Card","Globe Taxi","41.884987192","-87.620992913","POINT (-87.6209929134 41.8849871918)","41.877406123","-87.621971652","POINT (-87.6219716519 41.8774061234)"
"0fc619b1c97a90e1d78366aac402587a3a378e11","b16774f4cc26db3c0bb6beb35343dd596516566be79316f2128746068e6c97104a3cac8b05f20700cfaf82b3d1c3dd3d8e7da53ee78fe8ca9f23d70aeb4c0a92","2023-12-31T22:15:00.000","2023-12-31T22:30:00.000","421","2.69",,,"8","28","9.5","2","0","1","13","Credit Card","5 Star Taxi","41.899602111","-87.633308037","POINT (-87.6333080367 41.899602111)","41.874005383","-87.66351755","POINT (-87.6635175498 41.874005383)"
"11419c4326041bc486e70c3042161f5659270321","083b7260314e48be5e10a9191da36fb2c0974b91499a5445d8a895ce901d4458b2a95e4fda48ae1ab55dfac3302268fbf967709c30ef58135041ce5d7d844065","2023-12-31T22:15:00.000","2023-12-31T22:45:00.000","1560","4.7",,,"8","24","16.25","0","0","1","17.25","Cash","Taxi Affiliation Services","41.899602111","-87.633308037","POINT (-87.6333080367 41.899602111)","41.901206994","-87.676355989","POINT (-87.6763559892 41.9012069941)"
"e331153d422ae481d8d935f20b64c982b1f44845","422aa525858cddde977f39fa4e58947555918726746ebd72be48d2a2d09af86e2b5e5318fea36ecc84de5b6af8354307064e73672f67e4bc907dcabc21e61c09","2023-12-31T22:15:00.000","2023-12-31T22:30:00.000","1440","0.5",,,"2","8","25.75","0","0","0","25.75","Cash","Taxi Affiliation Services","42.001571027","-87.695012589","POINT (-87.6950125892 42.001571027)","41.899602111","-87.633308037","POINT (-87.6333080367 41.899602111)"
"8576ff889305d1ba6c1b84d8dc0f145713887656","d4578429775c32e03fb5139e1d132b91be7e27af9675e7f85ce275a01ac4f7f7c7c93b5b965fb15e31c2a8ad5eb448c2d188a39e8e443ad920b1c96381782214","2023-12-31T22:15:00.000","2023-12-31T22:30:00.000","954","1.55","17031081402","17031320100","8","32","10","4.5","0","12","27","Credit Card","Taxicab Insurance Agency Llc","41.891971508","-87.612945414","POINT (-87.6129454143 41.8919715078)","41.884987192","-87.620992913","POINT (-87.6209929134 41.8849871918)"
"0f99a74b98cceed38bbc465d5a017e9c69cb3499","6edf046ae368c4133e9c6e05fef38fd91caec343f4a9fbb1d6d81b61c559f3d74bf8ef717ac6dc598d81cba0dafcecb1bb233a4bacf85e073f06378d66b76ed6","2023-12-31T22:15:00.000","2023-12-31T22:45:00.000","1575","13.17",,,"76",,"33.75","7.96","0","5.55","47.76","Credit Card","Medallion Leasin","41.980264315","-87.913624596","POINT (-87.913624596 41.9802643146)",,,
"1bd1566689116046387c7842f1bde2ca7b9fc3de","7cb607b940a690e65b20dec20182d2646d3306f725130c6567b45dff33b1d5b065399e33615a630057f59f9c6e9c8d019c2797dcaa8020e19af7fceaa71f3d2a","2023-12-31T22:15:00.000","2023-12-31T23:00:00.000","2220","25.4",,,"76","41","60.25","0","0","4","64.75","Credit Card","Globe Taxi","41.980264315","-87.913624596","POINT (-87.913624596 41.9802643146)","41.794090253","-87.592310855","POINT (-87.592310855 41.794090253)"
"103a51c5d54bb2bb881fd001ecab1d3097831cec","f705c825446b6687d3b45d5bb04a7a29720306923943f35ba050b6b5234e5dd564b074ace9b2e6c4c91c3dc09866a05908bed9d7f027d4f34f318274d5264b65","2023-12-31T22:15:00.000","2023-12-31T22:30:00.000","360","0",,,"8","8","5.5","0","0","1","6.5","Cash","Taxi Affiliation Services","41.899602111","-87.633308037","POINT (-87.6333080367 41.899602111)","41.899602111","-87.633308037","POINT (-87.6333080367 41.899602111)"
"0c318c769898c501bb98cd0919941ba3d9f43702","1626953f5dfefe1c62e73836adb90d16258a243e46f69e3acce8d7e3ca2c283d3cffefbe5a12f7edc501101d65832fba4c1deb851c52f8652756619c56ad3bcb","2023-12-31T22:15:00.000","2023-12-31T22:45:00.000","1839","10.9",,,"28","63","31.25","0","0","0","31.25","Prcard","Globe Taxi","41.874005383","-87.66351755","POINT (-87.6635175498 41.874005383)","41.795430631","-87.696435232","POINT (-87.6964352325 41.795430631)"
"f75312d16978f93e133eef28480d5c2e3ca3d741","16f1ef77d41368023b63d38c2844966fc76d3115f493b9aa5d20f4de75050f2780ad3671c9dc0aa00d09fe73178c05264a3b1dce8e21faf8d9425d2b0a98942f","2023-12-31T22:15:00.000","2023-12-31T22:30:00.000","297","0.71","17031320100","17031081600","32","8","9","1.33","0","0","10.33","Mobile","5 Star Taxi","41.884987192","-87.620992913","POINT (-87.6209929134 41.8849871918)","41.892072635","-87.628874157","POINT (-87.6288741572 41.8920726347)"
"13de3fde325175eccc8271061bfeac2e4f0b7b36","e54db25f18193a08f1f5754515e8c338480e04fb938ed3db5a0fccface463874280a3d496820aa02ac2c13c5238e2352f4c6cdfafbff3224043a64f366cbdaa4","2023-12-31T22:15:00.000","2023-12-31T22:15:00.000","5","0",,,"24","24","40","0","0","0","40.5","Credit Card","City Service","41.901206994","-87.676355989","POINT (-87.6763559892 41.9012069941)","41.901206994","-87.676355989","POINT (-87.6763559892 41.9012069941)"
"690397a5cdc94e6b450cdba0ace43b8554057394","80919866bf50fd1163efd329eb8a9fdf198fda2465473a58ecb720b45e5a6b95cca6ba0d8f7a1b2f7b4a56b4e34a4ec0c5399c40e3bc4e05b4ec60d9810c12c5","2023-12-31T22:15:00.000","2023-12-31T22:45:00.000","1571","14.23",,,"76","2","36.75","8.25","0","4","49.5","Credit Card","Blue Ribbon Taxi Association","41.980264315","-87.913624596","POINT (-87.913624596 41.9802643146)","42.001571027","-87.695012589","POINT (-87.6950125892 42.001571027)"
"be3ac7d3a513c01f22224e1dc2b9dc5cead0fdb6","cedeef3646a2dacfb67265f39bf7acfd3a0f0954434a4cfbfce78c3b8e01fbe8a12fc4a11917014fc3523e3d7ac796b0755bab6f2b28da84ea7c4c6fd27ce775","2023-12-31T22:15:00.000","2023-12-31T22:30:00.000","563","2.01",,,"3","4","9","2.23","0","0","11.23","Mobile","5 Star Taxi","41.96581197","-87.655878786","POINT (-87.6558787862 41.96581197)","41.975170943","-87.687515515","POINT (-87.6875155152 41.9751709433)"
"649cc91a92db2d765ac0591b75c3e6d8807044f7","7cf0f8fb498ea690cb01cd0b0a67b48b518441a492b024fc8d87c2890b7e2c1c13e2fd4c5fe5952a2a90d47aca7f48013d6a0678308a5e537efa0dc326c3d40b","2023-12-31T22:15:00.000","2023-12-31T22:30:00.000","1274","12.54",,,"39","50","32","0","0","0","32","Prcard","Flash Cab","41.808916283","-87.596183344","POINT (-87.5961833442 41.8089162826)","41.706125752","-87.598255838","POINT (-87.5982558383 41.7061257523)"
"50cfd8e152db15e9cfc0b499f10b5b1bde2ca43c","61d83eb1d34ccd8dac5bdd962bc13e2ac077b0c7ecbf1d0da9b3153b3c01a3d2cc602501919974096100cf70f1621caaf3f8c2510c45748d78c279b67d9bf0cf","2023-12-31T22:15:00.000","2023-12-31T23:15:00.000","2820","17.4","17031980000","17031081403","76","8","61.75","13.25","0","4","79.5","Credit Card","Globe Taxi","41.97907082","-87.903039661","POINT (-87.9030396611 41.9790708201)","41.890922026","-87.618868355","POINT (-87.6188683546 41.8909220259)"
"e022764d0fe377d60e2596230c3b45f6bc6762c3","3c8a3a5b0785d40229dd7adc5fd0d9620defca885601bf7909fe82bb3878e287a9668c49844612ad22b25b32ec168af202d109189d8e422bf93924f1cdbdc6dd","2023-12-31T22:15:00.000","2023-12-31T22:30:00.000","1200","11",,,"28","56","29.5","0","0","0","29.5","Unknown","Taxi Affiliation Services","41.874005383","-87.66351755","POINT (-87.6635175498 41.874005383)","41.79259236","-87.769615453","POINT (-87.7696154528 41.7925923603)"
"35a23253fcf7fa6ea1d866c45217465124704d86","1bc0391a5e3b377e86845d25f91b73ea1b2d281a279323da8840d8b97e07708de8733e31e778da72564a185ee5c8f00aabafc36efb90a933ced852437628d881","2023-12-31T22:15:00.000","2023-12-31T22:45:00.000","1860","23.7",,,"76","41","57.25","10","0","5.5","72.75","Credit Card","Taxi Affiliation Services","41.980264315","-87.913624596","POINT (-87.913624596 41.9802643146)","41.794090253","-87.592310855","POINT (-87.592310855 41.794090253)"
"45fe9fc088e01577c55ce607fb206f7d2d658c0e","91d5288487e87c5917b813ba6f75ab1c3a9749af906a2d6b51a0e7ac2529660286c8b161f8e7f6cc840555bd20d9a06d42d6010bbca25631c6df20d41bea3b03","2023-12-31T22:15:00.000","2023-12-31T22:15:00.000","595","1.66",,,"8","24","8.25","1.31","0","0","10.06","Mobile","Flash Cab","41.899602111","-87.633308037","POINT (-87.6333080367 41.899602111)","41.901206994","-87.676355989","POINT (-87.6763559892 41.9012069941)"
"cd1be21b1e64aaec388a9fbf72ea5b94098145e0","552720f76dd5338d0cf254f8eb4045839a5501e095a0d34fee849df1633dce909ed9b7e001b6e904f64f5b235fc56377ef450dd8c29f16fcbd7a7c2116386654","2023-12-31T22:15:00.000","2023-12-31T22:15:00.000","299","0.97",,,"8","8","5.75","1","0","0","7.25","Credit Card","Choice Taxi Association Inc","41.899602111","-87.633308037","POINT (-87.6333080367 41.899602111)","41.899602111","-87.633308037","POINT (-87.6333080367 41.899602111)"
"88e1f548aa2dbfa7523408ea7936bc07035c3747","8dd990653cc2793d96b80ae45e928afc9a590b21b491eea3f522f42a72a5d323e79997fb7b2aab3486de73e89a4c9ae8e8cc377056b9b0d3de37ab822ce2cf33","2023-12-31T22:15:00.000","2023-12-31T22:15:00.000","607","1.71",,,"8","28","8.5","0","0","0","8.5","Cash","Sun Taxi","41.899602111","-87.633308037","POINT (-87.6333080367 41.899602111)","41.874005383","-87.66351755","POINT (-87.6635175498 41.874005383)"
"08f368ed6d6b7ae7fcb1083e28c8ff8741117113","d1d88b89ceb6d753007b6e795e3c24f4bea905a51e9d475c9b555d2a82ed2a5d72eed1b7bb6107f7c0328b5b88148196b698279399dc6f305197342beb0c1167","2023-12-31T22:15:00.000","2023-12-31T22:15:00.000","418","0","17031839100","17031833000","32","28","9","1.11","0","0","10.11","Mobile","Flash Cab","41.880994471","-87.632746489","POINT (-87.6327464887 41.8809944707)","41.88528132","-87.6572332","POINT (-87.6572331997 41.8852813201)"
"070eaf8ce50cf915d8f41d6cdbd66b506f66fb17","2562c5abd0c79356d2b6ed696ff9c61f3c6a7452176e067079eeb9ab4869816e5cc637b2464ae3846a2522762c036f3adf77216a829bbed5fbc5bd7da2dda337","2023-12-31T22:15:00.000","2023-12-31T22:30:00.000","1088","12.89",,,"76","13","58.75","11.85","0","0","71.1","Mobile","Blue Ribbon Taxi Association","41.980264315","-87.913624596","POINT (-87.913624596 41.9802643146)","41.983636307","-87.723583185","POINT (-87.7235831853 41.9836363072)"
"7102a6337b326b9655309a06c87bd3dde615a1f5","f68eb3233f3e33e98e337a0442bfe5eb660e6f58de5df0bf5950f92efae803e34c430d71038e2d6a0d2472595c305e4f54be0c42f946d3971af121f08734ac08","2023-12-31T22:15:00.000","2023-12-31T22:30:00.000","849","1.47",,,"8","32","9","0","0","0","9","Mobile","Sun Taxi","41.899602111","-87.633308037","POINT (-87.6333080367 41.899602111)","41.878865584","-87.625192142","POINT (-87.6251921424 41.8788655841)"
"68d108a1711fc5982a00390b79b8cc002b8197d3","b14a5aa31a4e5843bf3a6ea4433cc6540165b844ac5bbae6054a8a68e07d9a133716f94c4c902d1b83a330c9a17771246e50b46e280495dc354c9dd4b3941464","2023-12-31T22:15:00.000","2023-12-31T22:30:00.000","210","0.4",,,"8","8","4.5","0","0","1.5","6.5","Credit Card","City Service","41.899602111","-87.633308037","POINT (-87.6333080367 41.899602111)","41.899602111","-87.633308037","POINT (-87.6333080367 41.899602111)"
"0fe7321cb57db704eede3a52527e37714ce4d7a5","6c87f1d023a9d7146ae81b6aa4648bf98cec52cceb9f0854f80a246c81d94ffae05dd954ea58f3a3e82f2bc4793dc9cd826a6c3fdd5af3640dae2c2fe06e387e","2023-12-31T22:15:00.000","2023-12-31T22:45:00.000","1200","9.9",,,"56","28","26.25","0","0","4","30.25","Cash","Taxi Affiliation Services","41.79259236","-87.769615453","POINT (-87.7696154528 41.7925923603)","41.874005383","-87.66351755","POINT (-87.6635175498 41.874005383)"
"2d84c498c1c7e4d7c0077d2f772231d80c35f0a3","ebcc9ba7a913bf2458b5753d5fedc3f8a66cf9448a632745d2f88db6cc972ad6b8746ab4c2c91ba793d23b9b8b4333ad5736d457df1e0887bba9a52aff3874e5","2023-12-31T22:15:00.000","2023-12-31T22:15:00.000","80","1.48",,,"10","76","6.5","0","0","0","6.5","Cash","Sun Taxi","41.985015101","-87.804532006","POINT (-87.8045320063 41.9850151008)","41.980264315","-87.913624596","POINT (-87.913624596 41.9802643146)"
"9b9efda53824cc3d2d36d5ced326c016784d9c86","94cc07a9d2534052a473c0cb2c5cb2be3ffd131ba7db423f27ae2ecc24f3ef3154831dcc7ea50a767fa4ecbe314dca7de0cec703b6022f7b1f91d4965d435f37","2023-12-31T22:15:00.000","2023-12-31T23:00:00.000","2950","17.91",,,"69","3","49.17","0","0","0","49.17","Cash","Flash Cab","41.763246799","-87.616134111","POINT (-87.6161341112 41.7632467988)","41.96581197","-87.655878786","POINT (-87.6558787862 41.96581197)"
"a69ce46325dca4d6e8f11fde023fd826c4c421ae","5a2d8508678f817213f775688e8a0dd949cc26dd393542b277a2ee908d605c4cbe49e70ba750da01112b6f87a0d69a6ec2eaa28729eea473b8d35dcb3657b6bc","2023-12-31T22:15:00.000","2023-12-31T22:15:00.000","12","0","17031839100","17031839100","32","32","3.25","0","0","0","3.25","Cash","Flash Cab","41.880994471","-87.632746489","POINT (-87.6327464887 41.8809944707)","41.880994471","-87.632746489","POINT (-87.6327464887 41.8809944707)"
"6ff1002c11b4a3d52e660983ab36d24383204cbb","6213661be7873fbf6ccb2cdbf51f6d4882bac07a52b60229ca80c32de6b967c5a688163905fbd5a82f3325d4aab98092dbbf5b413038c0eeb969c71dcb0847eb","2023-12-31T22:15:00.000","2023-12-31T22:30:00.000","1123","10.17",,,"76","16","26.5","5.76","0","5","37.76","Mobile","Taxicab Insurance Agency Llc","41.980264315","-87.913624596","POINT (-87.913624596 41.9802643146)","41.953582125","-87.72345239","POINT (-87.7234523905 41.9535821253)"
"96485adee7a0411bdf5eff68e19bf63c118e72ea","4ab7a7510c1ebcc9b2e3eaa7bdd6508dbea34da7986aca2d8478bb55d1eabf707cda06384ba05783521e50bd5c027c95e6feda8af5eb623f31aceb1c9cf7c6cf","2023-12-31T22:15:00.000","2023-12-31T22:15:00.000","138","0.41","17031320100","17031320100","32","32","4.25","3","0","1","8.75","Credit Card","Sun Taxi","41.884987192","-87.620992913","POINT (-87.6209929134 41.8849871918)","41.884987192","-87.620992913","POINT (-87.6209929134 41.8849871918)"
"94b621f114ad498641dba819ca24d07cd4f7de76","4136627ef25b9fad79910c55679c02d8e1f2a42925d29c89625b9a1b45192d184a2a2d368927e2eeccd104c0c21efb24cbe8a9d1c27bc3513911181e1c9ac216","2023-12-31T22:15:00.000","2023-12-31T22:30:00.000","1560","19.7","17031980000",,"76",,"48.25","5","0","32.5","85.75","Credit Card","Taxi Affiliation Services","41.97907082","-87.903039661","POINT (-87.9030396611 41.9790708201)",,,
"60e05eb270619784169b0e23159962198822e1a0","84c1b73a53716992bb15f3ebdef723af162153556c14312408a3ff41dd5e13168351fee9aaf0ad1aa537540c771aafdc3f21feb227c881d906946839dcc48c37","2023-12-31T22:15:00.000","2023-12-31T23:00:00.000","2321","4.76",,,"32","7","22.5","0","0","0","22.5","Cash","Medallion Leasin","41.878865584","-87.625192142","POINT (-87.6251921424 41.8788655841)","41.922686284","-87.649488729","POINT (-87.6494887289 41.9226862843)"
"eed4b2a1ee04ca696fac148545c9ceb52e63552c","2e7f98f477c93ec4c458c0f46cad563cc83e813d5ebc0dc2b60c2fb8907ff808ff6b033d283097aea82bff81f2e1d8a0494154963acca3df2bde798570693440","2023-12-31T22:15:00.000","2023-12-31T22:15:00.000","674","1.91","17031081402","17031080100","8","8","9","2.24","0","0","11.24","Mobile","Sun Taxi","41.891971508","-87.612945414","POINT (-87.6129454143 41.8919715078)","41.907520075","-87.6266589","POINT (-87.6266589003 41.9075200747)"
"13233091867efb202068a22c29f4aa8942870f1d","1d25c733bf526c55bcf3db1fd3856ba10b1064bd98ffce6ffb191faf6b5e21b6fca9c1f6302ad84ca65a1e56e28ebc9b3f05474764aac1007f0c23097e72b770","2023-12-31T22:15:00.000","2023-12-31T22:45:00.000","1560","14.3",,,"76","7","36.5","10.25","0","4","50.75","Credit Card","Taxi Affiliation Services","41.980264315","-87.913624596","POINT (-87.913624596 41.9802643146)","41.922686284","-87.649488729","POINT (-87.6494887289 41.9226862843)"
"485e7dfc50496af706ebb39054a4dedfdfbb73f3","c3ebfce9cb4f64d18d29e3e416e9f64dfe671eb8226d44719da28eff8fb2204be6684d86097d4ebc3eb951e8e21977035ecbcc5d96bce6105af21c56d794322a","2023-12-31T22:15:00.000","2023-12-31T22:30:00.000","187","0.4",,,"28","24","4.5","3","0","2","10","Credit Card","Globe Taxi","41.874005383","-87.66351755","POINT (-87.6635175498 41.874005383)","41.901206994","-87.676355989","POINT (-87.6763559892 41.9012069941)"
"6fa7d88869e1311e8ba87c3183246139a1a79e13","19a89fbfe54b0564c6961e347f5faa1158413d94d42ac5f92d09417a75c4362f684b96c26fa660d1171cd110800d2b4e7c059ac469868867dd4ddda0844a8672","2023-12-31T22:15:00.000","2023-12-31T22:15:00.000","449","1.39",,,"8","8","9","2.22","0","0","11.22","Mobile","Taxicab Insurance Agency Llc","41.899602111","-87.633308037","POINT (-87.6333080367 41.899602111)","41.899602111","-87.633308037","POINT (-87.6333080367 41.899602111)"
"63e1d039b8a519723d073405467671edf0795f68","e93472aad9e00c0a523e1a861ae897303548d713ba63d3b8019a99d519a78fa799cd5a3c5366479d1796d94cbe6552b706e4e60fac373942ee2d349b5d9a44b3","2023-12-31T22:15:00.000","2023-12-31T22:15:00.000","656","0",,,"7","8","9","1.91","0","0","10.91","Mobile","Flash Cab","41.922686284","-87.649488729","POINT (-87.6494887289 41.9226862843)","41.899602111","-87.633308037","POINT (-87.6333080367 41.899602111)"
"728587a0363aa72d1f3ba6bd28b1508383a14f23","18332569daad955f48c8d965fe85ef855858a72ae12e21b7bf176ccc9bfede27311ae84c604c8dba0f1d22c290ad9f78856d2d0d1ef172f0402c9fa31fb8204d","2023-12-31T22:15:00.000","2023-12-31T22:15:00.000","342","0.82","17031320100","17031320400","32","32","5.75","2","0","1.5","9.75","Credit Card","Chicago Independents","41.884987192","-87.620992913","POINT (-87.6209929134 41.8849871918)","41.877406123","-87.621971652","POINT (-87.6219716519 41.8774061234)"
"d2d1b066650200105864ab22b9f97934bec73e2c","32f41dbfab64ed45d31d672512bf4528d078682d839f304a3160e0ffb25e4494702809853735c525b911cb8511f46099b1de425ab86d7431a240e0b55405ef42","2023-12-31T22:15:00.000","2023-12-31T22:15:00.000","322","0.87",,,"8","8","5.5","3.75","0","1","10.25","Cash","Flash Cab","41.899602111","-87.633308037","POINT (-87.6333080367 41.899602111)","41.899602111","-87.633308037","POINT (-87.6333080367 41.899602111)"
"41bc4b0ddc91ec8b05dcb8b4f154e8cbf5a872e8","b43f5c22a5bd9406749cbc99e5aad0313370b5ef6eae2c4b46e0d6a57436a36dff377af58d38a28d54558b671cbb56e9a5ad5813cd41de4bc19749117ce25494","2023-12-31T22:15:00.000","2023-12-31T22:30:00.000","1557","10.37",,,"32","69","30","0","0","0","30","Prcard","Flash Cab","41.878865584","-87.625192142","POINT (-87.6251921424 41.8788655841)","41.763246799","-87.616134111","POINT (-87.6161341112 41.7632467988)"
"8f4fde7050014b0a821de3b4f378c1fc7c7eea99","3506f62ee1c70c02fe00b742679684b319d5b712182f828f14b081888056485c3bd5911f60c194bcf0fb5986bb4f04b7d169ab0fd22cb63f0906af16d431395b","2023-12-31T22:15:00.000","2023-12-31T22:30:00.000","859","0.52",,,"28","28","8.25","0","0","0","8.25","Cash","Sun Taxi","41.874005383","-87.66351755","POINT (-87.6635175498 41.874005383)","41.874005383","-87.66351755","POINT (-87.6635175498 41.874005383)"
"2eff44baa9c795819a6b2caa3b56bb51a2fa2e04","f54b11bc86d1ab32945f60547e15cbdc14a3b017b2a0ee92fcf22f9e378c5ed919e3d8aca21c82570c0d3562f9d87efc3db6b319a8c2b7ceb722043ebdefb769","2023-12-31T22:15:00.000","2023-12-31T23:00:00.000","2035","12.6",,,"56","8","36","0","0","0","36","Prcard","Blue Ribbon Taxi Association","41.79259236","-87.769615453","POINT (-87.7696154528 41.7925923603)","41.899602111","-87.633308037","POINT (-87.6333080367 41.899602111)"
"791294784b8fa1a75cf93644979508eb9265a918","2506f790bb314e3f0d8671b98329d5c9afd3f17e72aef1d9718820ebdc8faafba6ba836854578bab32e15f2122c299d8914569f48341d5fe95b443659a0a3baf","2023-12-31T22:15:00.000","2023-12-31T22:15:00.000","300","0",,,"56","56","6.25","0","0","4","10.25","Cash","Taxi Affiliation Services","41.79259236","-87.769615453","POINT (-87.7696154528 41.7925923603)","41.79259236","-87.769615453","POINT (-87.7696154528 41.7925923603)"
"ec0d31e0ac5544a91b5c7f17052a86d66b37d45f","a38d173f3d3a362a9622b11153393dced7724f53b9c20c0a1798ffda7f9d5ab17e47d7450cefad8fc1a8a26a049c111d79ddef1f7eda0de14bebaff2043ca27d","2023-12-31T22:15:00.000","2023-12-31T22:30:00.000","921","0",,,"6","6","11.89","2.1","0","0","13.99","Mobile","Flash Cab","41.944226601","-87.655998182","POINT (-87.6559981815 41.9442266014)","41.944226601","-87.655998182","POINT (-87.6559981815 41.9442266014)"
"ebf121334cdf00dfc2a30e871e60608ba09a1dd9","f1c4fb891f4812fb2865e801d2185b401283b34401b71f25cafc8b108f48241363276826a3fe8f4830d1979de0179f5850a26e115de686d6af99b79e66218656","2023-12-31T22:15:00.000","2023-12-31T22:30:00.000","480","0",,,"8","8","6.5","1.13","0","1","8.63","Credit Card","Taxi Affiliation Services","41.899602111","-87.633308037","POINT (-87.6333080367 41.899602111)","41.899602111","-87.633308037","POINT (-87.6333080367 41.899602111)"
"025f247a5aea9a05501d844ad365e31b1a8cb041","f5b5de5c0c42601f6878d82eeb1984d06c977aab60cb0d5b8d43bda03e10446f74011ce03de186ce73ffce10190ee946e0038ab34f1e134adddf264dfa810bbd","2023-12-31T22:15:00.000","2023-12-31T22:15:00.000","0","0",,,,,"30","10","0","0","40","Credit Card","Taxi Affiliation Services",,,,,,
"7cfb75c6d4299637f929fc8f6e5ae5e813277b2f","f20c9c5845dab1e51799b959d378c102763d4b31d738da7ea1f7fee763a4c830854cf6025fbe42e7c37dddab03ef2cf43bc775bdd6c5a4114d307dbf415728a5","2023-12-31T22:15:00.000","2023-12-31T22:30:00.000","378","3.66",,,"28","22","9.91","2.36","0","0","12.27","Mobile","Flash Cab","41.874005383","-87.66351755","POINT (-87.6635175498 41.874005383)","41.92276062","-87.699155343","POINT (-87.6991553432 41.9227606205)"
"c877fceca585a4f6c227dd9d7ab2c2190e437153","511d5a90fddd5d591ca80c1c2969c190f8ad2997c0b6e9d1776a3864f2536814f53b603888e6ca6fa11e0e8625b02db335ef976a9a36e8d35b7d714e38e55bef","2023-12-31T22:15:00.000","2023-12-31T22:30:00.000","851","10.93",,,"16","76","28.25","0","0","0","28.25","Prcard","5 Star Taxi","41.953582125","-87.72345239","POINT (-87.7234523905 41.9535821253)","41.980264315","-87.913624596","POINT (-87.913624596 41.9802643146)"
"da36f3dfa25065a1d855a7778df01e2679804a24","7d2e7cdd59237335e96b9b1a897a5e48cb4df467e6c09242b1e9461256f36aa4f9ab9649279f19ab5c8ad32ad7eb683800a0fd566f3f4fbd48323bab81908955","2023-12-31T22:15:00.000","2023-12-31T22:30:00.000","713","4.25",,,"77","6","13.5","0","0","0","13.5","Cash","City Service","41.9867118","-87.663416405","POINT (-87.6634164054 41.9867117999)","41.944226601","-87.655998182","POINT (-87.6559981815 41.9442266014)"
"db335e28848576283fa009d1b974f6c81613f257","de9289a1fce135051f6e9206044f8211c86a1a6acd68d49f5243daf441e5d96a7b2342a772a6742563c106008456e926f00d13cb2f78a9cf46cd31d9b520ebb2","2023-12-31T22:15:00.000","2023-12-31T22:45:00.000","1606","12.37",,,"76","4","32.5","0","0","4","36.5","Cash","Flash Cab","41.980264315","-87.913624596","POINT (-87.913624596 41.9802643146)","41.975170943","-87.687515515","POINT (-87.6875155152 41.9751709433)"
"7a5d68047b544ad520a5a8d942848b71c8077486","071d031c64f608418d27905c9ffe95bf52695615683d5f4e7072ed77fe2757fe623e369ce677a96e4535360841f5f1ad3f1d6de25ecb0e47e8848ec83bce4da3","2023-12-31T22:15:00.000","2023-12-31T22:15:00.000","489","2",,,"8","7","8.5","4","0","0","13","Credit Card","5 Star Taxi","41.899602111","-87.633308037","POINT (-87.6333080367 41.899602111)","41.922686284","-87.649488729","POINT (-87.6494887289 41.9226862843)"
"9051646c59444068c930c4deeb932856c435fda6","f75191fdf728d7ed7f4277ee1e39372c16658b87abc26a057a7e74b79dd5457cb375f859ea318a2aa47f19d24142bc3563cd5b8c0bfa633161570ec9b3686897","2023-12-31T22:15:00.000","2023-12-31T22:45:00.000","1800","17.2","17031980000","17031081500","76","8","43.5","5","0","4","52.5","Credit Card","Chicago Independents","41.97907082","-87.903039661","POINT (-87.9030396611 41.9790708201)","41.892507781","-87.626214906","POINT (-87.6262149064 41.8925077809)"
"4f15237fe628f1268c2723ec1fd3d7c790ae0170","2ff4fad54ffae9d505e55587c34111c2094a0a528736959a797e3fcc724c47ab454c1f1b6fb7b1aa4d01f10cde3315cba172c7b23251beec4c3acd1ec6bfc90f","2023-12-31T22:15:00.000","2023-12-31T22:15:00.000","0","0.5",,,"8","8","7.5","0","0","0","7.5","Cash","Taxi Affiliation Services","41.899602111","-87.633308037","POINT (-87.6333080367 41.899602111)","41.899602111","-87.633308037","POINT (-87.6333080367 41.899602111)"
"0d243869623e1c7366d226723647a467904b42ba","64b71bd4e488e9c5571cdfcca045e7cb7a4abb0931f17b9689b4049c2a71df3161c216d73fd2cb53ba148afc4bb00df5bcdc9790cd679e9000319c12e37217e3","2023-12-31T22:15:00.000","2023-12-31T22:15:00.000","407","1.07",,,"6","6","6.25","0","0","1","7.25","Cash","Flash Cab","41.944226601","-87.655998182","POINT (-87.6559981815 41.9442266014)","41.944226601","-87.655998182","POINT (-87.6559981815 41.9442266014)"
"7e51923e08b060a4613ec6032870db60388b22c8","dff8b2296e1abd3c3470a2f0765b3f385f9a53c8df1cc314e899a81be2cfb6f52c61af660e6434c35e2c1a4ab2eeb004ab0027826471be4fff9a4648ef51e7a0","2023-12-31T22:15:00.000","2023-12-31T22:30:00.000","443","0.97",,,"8","28","6.75","4","0","1","12.25","Credit Card","Chicago Independents","41.899602111","-87.633308037","POINT (-87.6333080367 41.899602111)","41.874005383","-87.66351755","POINT (-87.6635175498 41.874005383)"
"1118502c3c112c846ff9824ac7d2214794b0b2bf","38628169e76729f1997d73048677f82098e28b1b4d0d71cec5cd5d1599211c2d96bd3009a215b14b7b92a529406310fe2067060435853e9fcb939c8df3668353","2023-12-31T22:15:00.000","2023-12-31T22:45:00.000","1380","2","17031081300","17031281900","8","28","12.25","2.85","0","1.5","17.1","Credit Card","Globe Taxi","41.898331794","-87.620762865","POINT (-87.6207628651 41.8983317935)","41.879255084","-87.642648998","POINT (-87.642648998 41.8792550844)"
"2bacc20b4129e7b93d7d233deafb721663cfd8f3","8f35ce7248373090931a3261c8da3d73ebc5b81bd4546dd640505170d87993fc099680e95f64a37ae5c1f77a3ecb2ddb7578926b0948ac9c08089d7a967e3c69","2023-12-31T22:15:00.000","2023-12-31T22:30:00.000","448","3.14",,,"56","56","10.25","0","0","4","14.25","Cash","Sun Taxi","41.79259236","-87.769615453","POINT (-87.7696154528 41.7925923603)","41.79259236","-87.769615453","POINT (-87.7696154528 41.7925923603)"
"1526f888c8a71c88d11b9be822a4ac50338a1021","f6aac57dbd69c58200d6fb22bbffe1343ca6ea5eece073d452f97009803408626e6357e405c35bffde1495f078c83419ca0378e26d8dca04c6b81644638cefc9","2023-12-31T22:15:00.000","2023-12-31T22:45:00.000","1380","0.8",,,"41","21","34.75","0","0","0","34.75","Unknown","Taxi Affiliation Services","41.794090253","-87.592310855","POINT (-87.592310855 41.794090253)","41.938666196","-87.711210593","POINT (-87.7112105933 41.9386661962)"
"a462b7ac2763eab905bcd8f3b68f2f324730ff7b","35057a271731c5b976bda25efe85aa0c1901d0a5fc9ba2b7068508375a4c43033b282303a439c95d4ef479c592268f31ac7eb0b3db8f3998aaa79e82458a1d71","2023-12-31T22:15:00.000","2023-12-31T22:45:00.000","1740","14.4",,,"76","6","37.25","12.5","0","4","53.75","Credit Card","Taxicab Insurance Agency, LLC","41.980264315","-87.913624596","POINT (-87.913624596 41.9802643146)","41.944226601","-87.655998182","POINT (-87.6559981815 41.9442266014)"
"a3c7e42d707a611258be7e51bb6f27f9df282d84","be562a9e27b1b0f1c4fb829b66a20d6865c54fcddcc1909039b49e34625e6310a060183676fb2eafb2757d8eb5cbde1c8d18b9f990047415306e49fc8a380b5d","2023-12-31T22:15:00.000","2023-12-31T22:30:00.000","1037","1.56",,,"32","8","10.25","2","0","0","12.75","Credit Card","City Service","41.878865584","-87.625192142","POINT (-87.6251921424 41.8788655841)","41.899602111","-87.633308037","POINT (-87.6333080367 41.899602111)"
"fbc3f044f46d694aefd5e3426deee06dc08d9d29","9e34e3008bafb42fc5fddcdc666ec08b3005f1100099c9cf7fbfc3e967b8fc6463d4dc51d87d41ca74f79504bf00e3f20cb95bc8fd7a4b53912f149e340fad98","2023-12-31T22:15:00.000","2023-12-31T22:30:00.000","1440","0.5",,,"56",,"23","0","0","8","31","Credit Card","Taxi Affiliation Services","41.79259236","-87.769615453","POINT (-87.7696154528 41.7925923603)",,,
"e6440558d48f3266c50f3b7c1130f0c2c3007b1e","89fc6b1f0628f328ccd1021fcf4e7318bb2f9962da9259b522bde63ca44f9f201a016291bbd2801fad04845cfd5b30b954afedccb22f6c49fadda05821804a06","2023-12-31T22:15:00.000","2023-12-31T22:30:00.000","1045","9.18",,,"76","19","24.5","5.8","0","4","34.8","Credit Card","Flash Cab","41.980264315","-87.913624596","POINT (-87.913624596 41.9802643146)","41.927260956","-87.765501609","POINT (-87.7655016086 41.9272609555)"
"c60cc50b42bead2c6e27b133b530a400ce96314e","2199b1a70d767c998a0c058f4fa30fb26cda2bc567ce18bf1b9df84ffdb06dabfc344cc0e854aef77dc66cdf5e3445bb89e393ec6932c25712b1a512c27438a1","2023-12-31T22:15:00.000","2023-12-31T22:45:00.000","1860","9.6",,,"39","66","27","0","0","0","27","Cash","Taxi Affiliation Services","41.808916283","-87.596183344","POINT (-87.5961833442 41.8089162826)","41.771848515","-87.695666342","POINT (-87.695666342 41.7718485152)"
"d7a2d6be71214f149455eecba7aab22bd05a7c87","acad560bbc140c4015f4685c6559c93b61ccaf0f7d80143fa408d25169652c7b861a3be42e8fbcb91cac8da7e691489626884bc2bab1ae6015710cde1eab4e3f","2023-12-31T22:15:00.000","2023-12-31T22:30:00.000","612","1.42","17031081500","17031839100","8","32","8","0","0","0","8","Cash","Taxicab Insurance Agency Llc","41.892507781","-87.626214906","POINT (-87.6262149064 41.8925077809)","41.880994471","-87.632746489","POINT (-87.6327464887 41.8809944707)"
"36cb41225723cb9efd2799191809276ea650b930","f81c929ea7d9107e6de8bd7ee335f42563b3413e967e98288480648a66455138dcdcde8b46b353ca4d6c287be49cd3087636ba13de6b7db6db3854c2ac8a157f","2023-12-31T22:15:00.000","2023-12-31T22:30:00.000","480","0.9","17031081402","17031081500","8","8","6.75","0","0","1","7.75","Cash","Taxi Affiliation Services","41.891971508","-87.612945414","POINT (-87.6129454143 41.8919715078)","41.892507781","-87.626214906","POINT (-87.6262149064 41.8925077809)"
"bb8443d5c753f8d1e309022b4f25a69f6c113807","f29ed34900f8b339ab279eda0189ecae3312801dab967e2c71b537bcc8c744c8a8691d428541cc969b2eceae6fc36a8c6bfde2f469eba49c78ac96fa96665d9d","2023-12-31T22:15:00.000","2023-12-31T22:30:00.000","1132","6.01",,,"56",,"19","0","0","5.5","24.5","Cash","Sun Taxi","41.79259236","-87.769615453","POINT (-87.7696154528 41.7925923603)",,,
"d432500ee74eaadbf28ad053a55f8a64c8b258a1","8f4cde3f6d55c38289233d1679f415c6442273549398887146c6322c8410b29bb3b72514e950e4f7fd080c47f88a53fa8454f8662ae92f84de30fb3da315fa89","2023-12-31T22:15:00.000","2023-12-31T22:15:00.000","265","0.65","17031081403","17031081401","8","8","5.25","3","0","1","9.75","Credit Card","Chicago Independents","41.890922026","-87.618868355","POINT (-87.6188683546 41.8909220259)","41.89503345","-87.619710672","POINT (-87.6197106717 41.8950334495)"
"9082290a873a9cd559aee90ba130905b6ef90bb9","33f43a33cd31fb3180605dd8e8a1fc7be005a9848fb16e2a5e2db12acbe31c7458af3575e38046c8416f1ca087ff3f8181ce5b10a1c556d9c60676374b516b8b","2023-12-31T22:15:00.000","2023-12-31T22:30:00.000","1416","15.93",,,"76","8","52.76","0","0","0","52.76","Cash","Flash Cab","41.980264315","-87.913624596","POINT (-87.913624596 41.9802643146)","41.899602111","-87.633308037","POINT (-87.6333080367 41.899602111)"
"22a85e43dfea2b2a84393705045e452f48b94296","502a000e4ee99c96dc9964f2994671b57b73fd6902e2342ce2c0a2964ccac777078c7f455e928fecd64cc01571af88a107fc0341b5a5b8cf2d5f06212d972cd9","2023-12-31T22:15:00.000","2023-12-31T22:30:00.000","653","7.39",,,"76","11","20","4.9","0","4","29.4","Credit Card","Flash Cab","41.980264315","-87.913624596","POINT (-87.913624596 41.9802643146)","41.978829526","-87.771166703","POINT (-87.771166703 41.9788295262)"
"6353418f968ee9ba0183f62fc2760468ac3bc24d","aadc888419e4c76f335befb26014efac1fc8b28e6045bff706ef0b450486967b3a9799e06fdd8dc7c13bcf5351085eb3eb21be2eb5bc2eb0c9bf4070ccd8d1f8","2023-12-31T22:15:00.000","2023-12-31T22:15:00.000","13","0","17031833000","17031833000","28","28","3.25","6.15","0","27","36.9","Credit Card","Taxicab Insurance Agency Llc","41.88528132","-87.6572332","POINT (-87.6572331997 41.8852813201)","41.88528132","-87.6572332","POINT (-87.6572331997 41.8852813201)"
"ea5065232b4a82224e41bd6633b1edc952f031e3","d66751b81d6e5ef4077f8b017311a75c5f8255782a478fb08849a36e7544ce7525645a68583e84d8c84a7b86d9f90beceff28d507119c92208e4c007afb6591b","2023-12-31T22:15:00.000","2023-12-31T22:15:00.000","475","1.29",,,"7","6","9","2.24","0","0","11.24","Mobile","Flash Cab","41.922686284","-87.649488729","POINT (-87.6494887289 41.9226862843)","41.944226601","-87.655998182","POINT (-87.6559981815 41.9442266014)"
"99070df18957d94276927aee8e77596f092fec56","57c40509cae37a0e5e536a657cdb7f8c6824314bc466a78ece1747f86565de8527721e24e67bcb4df69d763ca286b3c227c7993484b6c2c3d16def47a6d4a917","2023-12-31T22:15:00.000","2023-12-31T23:00:00.000","2580","0",,,"33","46","35.75","0","0","0","35.75","Unknown","Taxi Affiliation Services","41.857183858","-87.620334624","POINT (-87.6203346241 41.8571838585)","41.741242728","-87.551428197","POINT (-87.551428197 41.7412427285)"
"c61d345fa0cb06c130e95b66bd16c580a54abe44","57fa54b44d1e25d82c1de3200158c2475a894490b1c32c4b5356e694a3d15f896fc0ffebb9422cc1875ebd24a578bd9e80d7143e444d36e8ec39f08f19bad982","2023-12-31T22:15:00.000","2023-12-31T22:30:00.000","460","1.76",,,"28","8","8","3","0","2","13.5","Credit Card","Sun Taxi","41.874005383","-87.66351755","POINT (-87.6635175498 41.874005383)","41.899602111","-87.633308037","POINT (-87.6333080367 41.899602111)"
"fc97be08fd3103253108e545106ba6d575297d8b","d461dc72b7a599bfba3f33fae867f5530e0c5aa5c200d89b4a5cbd270da1eba6488b76e3ce70a8371b8242f3529dd35a1230f16dc7e7bf2626243840f6261b97","2023-12-31T22:15:00.000","2023-12-31T22:15:00.000","270","0.83","17031320100","17031320100","32","32","5.25","3","0","0","8.75","Credit Card","Taxicab Insurance Agency Llc","41.884987192","-87.620992913","POINT (-87.6209929134 41.8849871918)","41.884987192","-87.620992913","POINT (-87.6209929134 41.8849871918)"
"84fb5b4d7fbf2b4230d676c4fddabf6cb426913b","4ae32e2eb244ce143800e0c40055e537cc50e3358a07ce1e877bf9f91aa6c10db986c727b9d4674705f8d124a18b05a68d07d1bc8d70e95e173f77c2c0437c22","2023-12-31T22:15:00.000","2023-12-31T22:45:00.000","1450","9.39",,,"28","69","26.25","0","0","0","26.25","Prcard","City Service","41.874005383","-87.66351755","POINT (-87.6635175498 41.874005383)","41.763246799","-87.616134111","POINT (-87.6161341112 41.7632467988)"
"620b151bdfe95f37ba994b5b1cf9d8473cb991a7","78893d83a12762723e5a8ef770b3fb541e9b2cd8d4316d708a441760143a4ef1e313205a8801abec9e7a152b970f673d3f9b990c228de3a6499b933d7e9aedc9","2023-12-31T22:15:00.000","2023-12-31T22:30:00.000","1200","5.5",,,"6","16","17.25","3.55","0","0","20.8","Credit Card","Choice Taxi Association","41.944226601","-87.655998182","POINT (-87.6559981815 41.9442266014)","41.953582125","-87.72345239","POINT (-87.7234523905 41.9535821253)"
"98c8c24735f00bfbba8b68a456e5a6a117fafcef","e0f0dfba8628846b3c4022833a14ce311c40ac2408a325f76a281fc8fa2e29a9e59d0880d6e26b70e250da812cf3b2b1469dc5a0a239a901119efab1e99ac3e1","2023-12-31T22:15:00.000","2023-12-31T22:15:00.000","315","0.76",,,"32","28","5.5","2","0","0","8","Credit Card","Sun Taxi","41.878865584","-87.625192142","POINT (-87.6251921424 41.8788655841)","41.874005383","-87.66351755","POINT (-87.6635175498 41.874005383)"
"b7103845ed1fc5befbf846f4ed20b3acedbf0d19","5af45eaec078152b0be7971172bb74df2e875424eff12da61af867d30848554ac365fe8272ad32bcfaaa354b7ed2f726dd6eea4d20e1155dad44168d2bdd277c","2023-12-31T22:15:00.000","2023-12-31T22:30:00.000","192","0.36",,,"8","8","4.5","0","0","0","4.5","Cash","Chicago Independents","41.899602111","-87.633308037","POINT (-87.6333080367 41.899602111)","41.899602111","-87.633308037","POINT (-87.6333080367 41.899602111)"
"84774cc5d511ae9ae9a1bcec9a1753ace2f4b717","e4d62c5f130dee786b1d1515868b32e04df99df544b98efa26a48af417169342dcd9b3b98ecbffd6611e513ec4effe664a5b093d747e2d2d338185a100c6d3fc","2023-12-31T22:15:00.000","2023-12-31T22:30:00.000","434","0.76",,,"8","8","6.25","2","0","1","9.75","Credit Card","Taxicab Insurance Agency Llc","41.899602111","-87.633308037","POINT (-87.6333080367 41.899602111)","41.899602111","-87.633308037","POINT (-87.6333080367 41.899602111)"
"e7c4844db102176d0f5932c8cfd10c509cfe65d6","fe3f654450472e6aa241347b9ebb7f78ce4628a0069cfcfa8586e2389a5e43d50a248cc6cedf81acd3a433f0180589e28deb4b0960fa10db9cb184adf7cfa765","2023-12-31T22:15:00.000","2023-12-31T22:30:00.000","248","0.71",,,"8","8","9","2.22","0","0","11.22","Mobile","Sun Taxi","41.899602111","-87.633308037","POINT (-87.6333080367 41.899602111)","41.899602111","-87.633308037","POINT (-87.6333080367 41.899602111)"
"c3df6b221a885185ab8603c4aec3ac054bd5e6c8","ae61536025042a43c682f2450eaa073da8c7a7f736aec5de1dde1d7e0e2c6be21402ea0d779c9b079b91c58fdccc9091ce99dbf01dbf8de1a81648a34c1f267b","2023-12-31T22:15:00.000","2023-12-31T22:15:00.000","660","1.8",,,"8","8","8","2.1","0","2","12.1","Credit Card","Choice Taxi Association","41.899602111","-87.633308037","POINT (-87.6333080367 41.899602111)","41.899602111","-87.633308037","POINT (-87.6333080367 41.899602111)"
"b28271cb7cab3664c74812d064fe4dbdc6151315","3f2bfdbb4c8687efc1618f15effbc93f8f04b12d712e38eb50122901937e5564ba654f42b7808a0f6b8ac0ac22de43db0ad4b192bc40d88c096050042667d8d3","2023-12-31T22:15:00.000","2023-12-31T22:45:00.000","1134","4.49",,,"7","21","13.61","2.54","0","0","16.15","Mobile","Choice Taxi Association Inc","41.922686284","-87.649488729","POINT (-87.6494887289 41.9226862843)","41.938666196","-87.711210593","POINT (-87.7112105933 41.9386661962)"
"202abb249bf48d119e34bb21a5c9ec027c6d871a","8f4cde3f6d55c38289233d1679f415c6442273549398887146c6322c8410b29bb3b72514e950e4f7fd080c47f88a53fa8454f8662ae92f84de30fb3da315fa89","2023-12-31T22:15:00.000","2023-12-31T22:30:00.000","966","2.53",,,"8","28","10.75","3","0","0","14.25","Credit Card","Chicago Independents","41.899602111","-87.633308037","POINT (-87.6333080367 41.899602111)","41.874005383","-87.66351755","POINT (-87.6635175498 41.874005383)"
"e65dce426b6b9b55c9cb2ea64fb65b2b5da71eed","b3ee94a13b61037620cbbfc6a4a106d2ad628a06f0988f1eba5586d5387776d3781d71244392ff9c1afd5b69e65dfec45b2a936c2d101209044ff6365121ed6f","2023-12-31T22:15:00.000","2023-12-31T22:30:00.000","480","0","17031081202","17031081700","8","8","6.75","2.55","0","3","12.3","Credit Card","Taxi Affiliation Services","41.902788048","-87.62614559","POINT (-87.6261455896 41.9027880476)","41.892042136","-87.63186395","POINT (-87.6318639497 41.8920421365)"
"0e428e43bde63d444e6163a1f271c3588292b1ef","0ccfc1f0f221ef68515db37020162334fcf99e9a7ccde2327823c9b43d09033020d1d4627af68268781594424c020042f5e95ca16acccf25aaf13281e8eefe75","2023-12-31T22:15:00.000","2023-12-31T22:30:00.000","900","6.1",,,"76",,"17.5","0","0","4","21.5","Cash","Choice Taxi Association","41.980264315","-87.913624596","POINT (-87.913624596 41.9802643146)",,,
"6ab72d581f57aa64fbf5506ee9062667eea435f6","c3fe9312c9722befcf39d581225faa3d8dfae24c783c7443d360a6ffd567782720616e61ad54176b81d68a5611199c2fa710d69cc8427bc3d9d08bd8f9bab052","2023-12-31T22:15:00.000","2023-12-31T22:30:00.000","945","3.34","17031071500","17031320100","7","32","11.64","2.75","0","0","14.39","Mobile","City Service","41.914616286","-87.631717366","POINT (-87.6317173661 41.9146162864)","41.884987192","-87.620992913","POINT (-87.6209929134 41.8849871918)"
"d6a4023a449f26b04c39844d5de7e8e6301038b9","8d039e9f6b9db22587073fa73c6dfa3b61d0747464987690e40ec85b2324c38c00b4abba4c0403aacf5fade759ce7c818902a4d4846d34c6c646372f8273b014","2023-12-31T22:15:00.000","2023-12-31T22:30:00.000","727","0.47","17031081403","17031081500","8","8","7.25","0.46","0","1.5","9.71","Credit Card","Chicago Independents","41.890922026","-87.618868355","POINT (-87.6188683546 41.8909220259)","41.892507781","-87.626214906","POINT (-87.6262149064 41.8925077809)"
"664d422afaec96ebce7b2ec729454afc2729d621","24471dbdad65718d90f3f55715fe1c45b75169615d640373bb11523c63d52525850f6b457e6c59fb9fcf84ea220c1d7299758173d203b2325e3f5035cc355e24","2023-12-31T22:15:00.000","2023-12-31T22:45:00.000","1793","2.92","17031081300","17031081300","8","8","15.25","0","0","1","16.25","Cash","City Service","41.898331794","-87.620762865","POINT (-87.6207628651 41.8983317935)","41.898331794","-87.620762865","POINT (-87.6207628651 41.8983317935)"
"4356b9d50811e33bf2d87194a6cfab8af0bfce4b","a109fba2e815112c26832ff506072be742be30a295285adcd37658c6b8cef0ae72d09b67375ec15ef55bd3c3e350c826a80e7829ebfcbab25cfc6bfc5118a0fa","2023-12-31T22:15:00.000","2023-12-31T22:30:00.000","683","1.17","17031839100","17031081403","32","8","7.75","0","0","1.5","9.25","Cash","Sun Taxi","41.880994471","-87.632746489","POINT (-87.6327464887 41.8809944707)","41.890922026","-87.618868355","POINT (-87.6188683546 41.8909220259)"
"554b2b1fc8ce5a9220262b7ad789afb987ced117","27d008f238085ace4d02aea9295d2a1cccae08952fc70243472495016fd6cde7551214ef22474ef8c3d740320d70a18f715b240115306550848d23dfbdeea96d","2023-12-31T22:15:00.000","2023-12-31T22:30:00.000","1512","11.99",,,"44","8","33.25","0","0","0","33.25","Prcard","Flash Cab","41.740205756","-87.615969523","POINT (-87.6159695226 41.7402057565)","41.899602111","-87.633308037","POINT (-87.6333080367 41.899602111)"
"a0fe6fe1af1c68cc9b90fa58d5c2f2e40d19c270","e2d8418fcdb061eee0a4318fba0a6a1200aaff0143feb0a74c7175a02ec7afca09f8c24de278cd0dee124d29dbfb2796407d069b90dfc13353d5d4ed02ecb0d5","2023-12-31T22:15:00.000","2023-12-31T22:15:00.000","495","1","17031081500","17031080100","8","8","6.75","0","0","0","6.75","Cash","Chicago Independents","41.892507781","-87.626214906","POINT (-87.6262149064 41.8925077809)","41.907520075","-87.6266589","POINT (-87.6266589003 41.9075200747)"
"51b1b47a3a82d4bd5310eb92c7450410bb0bc0df","87e706ebfbc10aee566c4f7ca18ab5046dd27344c9087d8c7855cb17b31d1e08c8a4fccf381c8a1eec3d27c92c751e184805f89b97cb73199f6da0652f2f9618","2023-12-31T22:15:00.000","2023-12-31T22:15:00.000","29","0",,,,,"3.25","0","0","21.5","25.25","Credit Card","5 Star Taxi",,,,,,
"17bdc083a83605c8f0748ad29a532a1b671839d8","70bca78835e8e92b04b46d111508f56c7b847abad90561822f7c7d5ae937f7c4350d671563050ab06c16fad39727bdc8d6a79bb92a215bb14f4bb52c48f8a82d","2023-12-31T22:00:00.000","2023-12-31T22:15:00.000","954","5.7",,,"3","13","18","0","0","0","18","Prcard","Flash Cab","41.96581197","-87.655878786","POINT (-87.6558787862 41.96581197)","41.983636307","-87.723583185","POINT (-87.7235831853 41.9836363072)"
"d4d59480928902dd6625fef11efa2f3a1adccd7f","5f9b8ebe05b8a28245cdc7b2c203aa8997bd86c7d87b05ced10faba715b760bbc484f3cb5f219abad87a2077054c1aeb1fcaacf348d9c9a60a82b0cacf67d00b","2023-12-31T22:00:00.000","2023-12-31T22:45:00.000","2495","21.88",,,"76","35","56","0","0","5","61","Cash","5 Star Taxi","41.980264315","-87.913624596","POINT (-87.913624596 41.9802643146)","41.835117986","-87.618677767","POINT (-87.6186777673 41.8351179863)"
"07f4c2115441d441866aa3e90bf208e6db206b22","6201cd8256e26b0ef547ca53db3aaac4d23fc7d02e4c9fb7f123b12a0571ab56d8853400e4e9eb1a38a4988c9d8c712e5c0e953110dd141c276de172f02b777c","2023-12-31T22:00:00.000","2023-12-31T22:30:00.000","1799","10.47",,,"2","32","30","0","0","0","30","Prcard","5 Star Taxi","42.001571027","-87.695012589","POINT (-87.6950125892 42.001571027)","41.878865584","-87.625192142","POINT (-87.6251921424 41.8788655841)"
"af3fc42cc2dd0cf38acba65a83a7796445cf598d","083b7260314e48be5e10a9191da36fb2c0974b91499a5445d8a895ce901d4458b2a95e4fda48ae1ab55dfac3302268fbf967709c30ef58135041ce5d7d844065","2023-12-31T22:00:00.000","2023-12-31T22:15:00.000","300","0.4","17031081403","17031081403","8","8","5","0","0","1","6","Cash","Taxi Affiliation Services","41.890922026","-87.618868355","POINT (-87.6188683546 41.8909220259)","41.890922026","-87.618868355","POINT (-87.6188683546 41.8909220259)"
"fff684fea2786844b1d9807d282249b96d978dea","835869d6df51f9ec6e53cb4ac6a1f9e386c26f948cdcca5d86c515ba31b1c3e48e0b4d130c48ee65eb9011c2b185ede270ac586f9efd822c425286684ab5113b","2023-12-31T22:00:00.000","2023-12-31T22:30:00.000","1656","0",,,,,"0","0","0","0","0","Cash","Taxicab Insurance Agency Llc",,,,,,
"a9168d9566d3d0d36825f60cbb986114dffc2c31","3d4d650b0b10ca90ad2b4ac59a5f5b5f6d7bec7485211b2a41f1f63c5b83edd5b2efb7bf7290bddb0ddd12a91d0c89738767d70f47cfb1689686936a376031db","2023-12-31T22:00:00.000","2023-12-31T22:15:00.000","494","0.86","17031081300","17031081403","8","8","6.5","0","0","0","6.5","Prcard","Flash Cab","41.898331794","-87.620762865","POINT (-87.6207628651 41.8983317935)","41.890922026","-87.618868355","POINT (-87.6188683546 41.8909220259)"
"eeedeb8e8313ee8292faae2f2aff470bc161a91b","c85b14c46a0a7fc5391cdfbf0a516073a276dca0cf6a985e8796935fafbe8376fb4b6d81af836a64a2b5324cbeb8e13cc73d5be94eee3529e0d83a91af265a77","2023-12-31T22:00:00.000","2023-12-31T22:30:00.000","1680","0","17031980000",,"76",,"99.89","20.05","0","0","119.94","Credit Card","Chicago Independents","41.97907082","-87.903039661","POINT (-87.9030396611 41.9790708201)",,,
"c21660d4066e9d20b4c0a9c4e23d0a063fde9b70","2a18b1afd94927be61b9bee8f7525f761c121480c2aceb73f90028c2e7f62ab58c6b41090f212a28fb00bed20bd445e5764e928c2f813ccd3df89cda8771d2dc","2023-12-31T22:00:00.000","2024-01-01T08:45:00.000","39101","45.48",,,,"77","114.5","0","0","0","114.5","Cash","City Service",,,,"41.9867118","-87.663416405","POINT (-87.6634164054 41.9867117999)"
"007d38ee4cdc1409349d71e023937b08e781f36b","e8cbf008dae18ec626f3c9d8c0af36f837b6d0abd244a0b4a91bf02c45e753eb661bc2aa770966fbe8001dc263a2795d900ce39a920d08174287134f054e2792","2023-12-31T22:00:00.000","2023-12-31T22:30:00.000","1732","11.56",,,"7",,"31.27","6.55","0","0","37.82","Mobile","Flash Cab","41.922686284","-87.649488729","POINT (-87.6494887289 41.9226862843)",,,
"ce4acbd3aca0171a44846e0007b953ccf20619f4","e0e1f19080d131afa810280c286bc1f57e78b48fe55e992ac816f33602973ff890905d82df0bec55f791ff66f6f3d7d366281cdb4271de2f2d2acb047b743f32","2023-12-31T22:00:00.000","2023-12-31T22:30:00.000","1709","15.26",,,"56","5","39","8.9","0","5","53.4","Credit Card","Star North Taxi Management Llc","41.79259236","-87.769615453","POINT (-87.7696154528 41.7925923603)","41.947791586","-87.683834942","POINT (-87.6838349425 41.9477915865)"
"238dd4f29648548354112c6c679b031db4d6af34","a8107c5481ea5eed4d6fa93cd1648f3f69c6822a6fff49ffd923bb75143c36a7f99d7a4af12ec68d9a85591a64671de48d14ba70d22501698b01747effc01cb1","2023-12-31T22:00:00.000","2023-12-31T22:15:00.000","475","0.76",,,"32","8","6.25","0","0","1","7.25","Cash","Chicago Independents","41.878865584","-87.625192142","POINT (-87.6251921424 41.8788655841)","41.899602111","-87.633308037","POINT (-87.6333080367 41.899602111)"
"21ef1fdde0789a475dc644eec8aa160db9ee4b00","c53dba6f2d4174b792e113023de74f54e5af52ba87cf1a0610f9ce669032e3ed9eea4c9b7a1c6185cbdfc3e98163e38a151c4807a4a1db9bd977043f3bb836f4","2023-12-31T22:00:00.000","2023-12-31T22:45:00.000","2422","11.96",,,"76","7","31.5","0","0","0","31.5","Prcard","Flash Cab","41.980264315","-87.913624596","POINT (-87.913624596 41.9802643146)","41.922686284","-87.649488729","POINT (-87.6494887289 41.9226862843)"
"df16e8fe1823176019edbefc0d64b04eed6aa1b5","1db11e4e66375f35ed6a59eb06eb997fc7e23e3fdcbb3b2d5da7bbe41f7d5eb32267c269929d78652b28212915055ec57eca15b617c6c9eb9d82a5e135efb3d2","2023-12-31T22:00:00.000","2023-12-31T22:15:00.000","588","1.12",,,"28","8","7.5","2","0","1","11","Credit Card","Taxicab Insurance Agency Llc","41.874005383","-87.66351755","POINT (-87.6635175498 41.874005383)","41.899602111","-87.633308037","POINT (-87.6333080367 41.899602111)"
"69821ea4587962b0742e427f0691341d985df96c","4628ef9dfa973bdfe877c5aa9d9738f9dc1204e54f2f1a4cc18141f37e2e66d080533f82510a96d1525b28eee833696f7e1337e9999a38f2fd5babf71585a344","2023-12-31T22:00:00.000","2023-12-31T22:00:00.000","342","0.53",,,"8","8","9","1.11","0","0","10.11","Mobile","Chicago Independents","41.899602111","-87.633308037","POINT (-87.6333080367 41.899602111)","41.899602111","-87.633308037","POINT (-87.6333080367 41.899602111)"
"acabc4a3fc662eae95af188bbe913df125b3ef9a","6e592d9c29711b8c0dc5888508b382bd0b75de5469930ebc8c6246a3e48f47a2ef08071cb03ce81c4f762ce3dfb1e609eb69b22070ee59d04d371541009ed4c9","2023-12-31T22:00:00.000","2023-12-31T22:15:00.000","180","0.6",,,"8","8","4.75","0","0","0","4.75","Cash","Taxi Affiliation Services","41.899602111","-87.633308037","POINT (-87.6333080367 41.899602111)","41.899602111","-87.633308037","POINT (-87.6333080367 41.899602111)"
"9e9eaf6bb21ccdb5a5e1897da0e9c33dd4e1893f","eed4cbab8d3be11fc5fcff8f92b3ba140f63602f2760446756572fc4262d89af90bd665c89604918253358364f34ae32113be46209e794e28390e6cca1a87768","2023-12-31T22:00:00.000","2023-12-31T22:15:00.000","769","2.4","17031833000","17031320100","28","32","10.25","2.99","0","2","15.24","Mobile","Taxicab Insurance Agency Llc","41.88528132","-87.6572332","POINT (-87.6572331997 41.8852813201)","41.884987192","-87.620992913","POINT (-87.6209929134 41.8849871918)"
"4a2d303e2f3f8bc1d03043ae0b9d9865edaa9dc9","0881b7b36b4aad06e5ee59472465b15a6620637f694aae59e671eae69d6813cbce85e8da46949f71f5bd94b08f1db3323debbd8333302d97d22584ef366b2e10","2023-12-31T22:00:00.000","2023-12-31T22:15:00.000","540","1.2",,,"8","8","6.75","4","0","1","11.75","Credit Card","Taxi Affiliation Services","41.899602111","-87.633308037","POINT (-87.6333080367 41.899602111)","41.899602111","-87.633308037","POINT (-87.6333080367 41.899602111)"
"514a5e9b80eb1136aa934bb71560ca609267d4b0","63d895bf335c522af83a8f2c608e31bb46a5d78cde4df21dbed059b4c61798625c7eb0591a46fd6224d257d5eae6519b621fb341a45510bced64a821f81b7fa6","2023-12-31T22:00:00.000","2023-12-31T22:15:00.000","953","4.25",,,"32","28","9.98","1.69","0","1.5","13.17","Mobile","Blue Ribbon Taxi Association","41.878865584","-87.625192142","POINT (-87.6251921424 41.8788655841)","41.874005383","-87.66351755","POINT (-87.6635175498 41.874005383)"
"38524ab6296d2919c64c2e06dd61a3c46d895ec6","19ccfdbec42380e8beda815e0a69bd92aaec6bc398264321fc2709fc30341d7d104e9690095764df21562c26e35ee94b3e9e0696ce56918b09640c245a4d9121","2023-12-31T22:00:00.000","2023-12-31T22:30:00.000","1920","7.7",,,"56","6","41.75","11.8","0","5","58.55","Credit Card","Taxicab Insurance Agency, LLC","41.79259236","-87.769615453","POINT (-87.7696154528 41.7925923603)","41.944226601","-87.655998182","POINT (-87.6559981815 41.9442266014)"
"ac2396a065d51093eb85543ddef8a13dd980994d","177e33355372f5cdbb5a2c5d0295c7576b865c622ef1ce4882c0f6a6e4ae72d24ca32e159aa0498ba2af3aed858e7c2e0b0b123d1728a573fe4132d5c02f0177","2023-12-31T22:00:00.000","2023-12-31T22:30:00.000","1320","13",,,"76","6","33.5","0","0","5","38.5","Cash","Chicago Independents","41.980264315","-87.913624596","POINT (-87.913624596 41.9802643146)","41.944226601","-87.655998182","POINT (-87.6559981815 41.9442266014)"
"3a72038a94ffcda57cc2929e30b940b0653cc901","6bc975b054cd112a098b45c12b9757d29fe9abd8103cc378b4b45873e0dfa0d4182cf841ae55f6f28074dcf212edef898f1fae8f952247302a42d5cd5a65e1e3","2023-12-31T22:00:00.000","2023-12-31T22:15:00.000","1032","1.29","17031081201","17031320400","8","32","9","2.23","0","0","11.23","Mobile","Flash Cab","41.899155613","-87.626210532","POINT (-87.6262105324 41.8991556134)","41.877406123","-87.621971652","POINT (-87.6219716519 41.8774061234)"
"c7d8c1455230d5a1ccd3fe8a4dbc176d857539f6","35467b44491f6f51eaa0f4fb1cd65e4c23117aa268d9dd52d88a484194323088fc5a0d30455d37c6bced24218c2ed42b421d7260c119161f29b8381bd11b1784","2023-12-31T22:00:00.000","2023-12-31T22:00:00.000","39","0.02","17031081500","17031081500","8","8","3.25","2","0","7","12.75","Credit Card","Sun Taxi","41.892507781","-87.626214906","POINT (-87.6262149064 41.8925077809)","41.892507781","-87.626214906","POINT (-87.6262149064 41.8925077809)"
"70eeb01d8ada3a83605086ab0f8e69736192d6da","6b50c5bb5761c3cb4853a8ca215dee42e63e922c7ebb0ce74cd52a2b3076c37ed38a45d19077a78a0bd19fe39c5e2efce4ed1ad13af2f2b67cbdb049839aae41","2023-12-31T22:00:00.000","2023-12-31T22:30:00.000","1200","9.5",,,"40",,"25.5","0","0","0","25.5","Unknown","Taxi Affiliation Services","41.792357223","-87.61793138","POINT (-87.6179313803 41.7923572233)",,,
"9559dc17d80827b1d00e649b8054861ac7482955","4bb55b69e710d1792f5fd4888001f4ff0ce34040f976f8dd0307a1b5846f9a5f8855d2ab73ede4ba5167f8101c22dba1ff68f2a6d8a402ebafca9cbab923f694","2023-12-31T22:00:00.000","2023-12-31T22:15:00.000","491","1.76",,,"32","8","9","1.69","0","0","10.69","Mobile","Medallion Leasin","41.878865584","-87.625192142","POINT (-87.6251921424 41.8788655841)","41.899602111","-87.633308037","POINT (-87.6333080367 41.899602111)"
"046cb8c232ded8e884e1d87f5c602f429d7c0398","84a9489b354cd6dfe99487c12c5c735e40bb1350f645668ae00ec89cc0c22510a043d8461381406b57db35f51c04f215b889e310c6b151caaa0775504ddc4884","2023-12-31T22:00:00.000","2023-12-31T22:00:00.000","5","0",,,"8","8","15","0","0","0","15","Cash","Chicago Independents","41.899602111","-87.633308037","POINT (-87.6333080367 41.899602111)","41.899602111","-87.633308037","POINT (-87.6333080367 41.899602111)"
"752d40e7b6f3faa3a1936a2211162683b85c79f3","4a991432c3e0600b9c919a01148b17b866d29a41751b95a72fa71486c1927c3e9233ede6837d7860faca81e668aa83d07543f50253040e70a6507b10590381ec","2023-12-31T22:00:00.000","2023-12-31T22:15:00.000","780","0",,,"8","8","8","0","0","1","9","Cash","Taxi Affiliation Services","41.899602111","-87.633308037","POINT (-87.6333080367 41.899602111)","41.899602111","-87.633308037","POINT (-87.6333080367 41.899602111)"
"5a57f690c1c95211c773af6f865863609fc4cf00","7c5f6cdebf1bc18ff9e0c86910f485f8314df2b41903f89ad04bda857ab37c5d89268d47243c0b85f5b051196d071b0710fe634d9ee2651201379c917efd4a8f","2023-12-31T22:00:00.000","2023-12-31T22:15:00.000","907","3.18","17031081401","17031833100","8","28","12.25","0","0","0","12.25","Cash","Chicago Independents","41.89503345","-87.619710672","POINT (-87.6197106717 41.8950334495)","41.879066994","-87.657005027","POINT (-87.657005027 41.8790669938)"
"ab0d6f33c0eb5b8588656480dfa432bc82668643","5af45eaec078152b0be7971172bb74df2e875424eff12da61af867d30848554ac365fe8272ad32bcfaaa354b7ed2f726dd6eea4d20e1155dad44168d2bdd277c","2023-12-31T22:00:00.000","2023-12-31T22:00:00.000","347","1.13",,,"8","8","9","2.78","0","0","11.78","Mobile","Chicago Independents","41.899602111","-87.633308037","POINT (-87.6333080367 41.899602111)","41.899602111","-87.633308037","POINT (-87.6333080367 41.899602111)"
"ad31e7ff1e0a12ceae79fd22420669f7a0585b82","ad4e285cc063909f5c4550bbc3b71f1c6672b9967c486814da5b11721045f4dce8c8913b56084ab8995010c13e1132fabe15fce55d81605996636828a84d2ddb","2023-12-31T22:00:00.000","2023-12-31T22:30:00.000","1705","12.82",,,"76","4","34.25","7.75","0","4","46.5","Credit Card","Taxicab Insurance Agency Llc","41.980264315","-87.913624596","POINT (-87.913624596 41.9802643146)","41.975170943","-87.687515515","POINT (-87.6875155152 41.9751709433)"
"13ce00bc93a0834cfb5327a9d55400104842f248","07c564a10fd59fb57a493d26e4f2a39f0229ac59cdbfb570f93023bbbb938eed963e74922bb8bedadb526754dabc0f236dc791223fa413b271b628994974155c","2023-12-31T22:00:00.000","2023-12-31T22:15:00.000","503","1.05","17031320100","17031081401","32","8","7","0","0","2","9","Cash","Chicago Independents","41.884987192","-87.620992913","POINT (-87.6209929134 41.8849871918)","41.89503345","-87.619710672","POINT (-87.6197106717 41.8950334495)"
"a9bba62a9a19d3738e946bab4b24dfe9cbbb110f","10a3a3db038a616cf1e784ef0c6bb9dd6e3d2cfb94f50e927e704d66ceb6313a1cc7b6bf620e40eeb4082ef0447c141bef6e0c8845682a91eae882021b75bc74","2023-12-31T22:00:00.000","2023-12-31T22:00:00.000","21","0","17031833000","17031833000","28","28","3.25","3","0","12","18.75","Credit Card","Sun Taxi","41.88528132","-87.6572332","POINT (-87.6572331997 41.8852813201)","41.88528132","-87.6572332","POINT (-87.6572331997 41.8852813201)"
"f1e75ed6a085e0ccb08acac24df3406cff572318","a0df6e84237fd11e0a52f45433e8067928dca5ce5ef04b96b69d0bac6b171fe346d9b3a005e5bd5c570143b7c48e9524f0a00f8315fd5a1e410b9b0b4943a747","2023-12-31T22:00:00.000","2023-12-31T22:30:00.000","1594","14.86",,,"56","8","37.75","9.05","0","7","54.3","Credit Card","Taxicab Insurance Agency Llc","41.79259236","-87.769615453","POINT (-87.7696154528 41.7925923603)","41.899602111","-87.633308037","POINT (-87.6333080367 41.899602111)"
"9dd05e679ffb487780929ff15847f8c9bbe5a314","3aca3a7b083a44e1120981e53fa0e59afab7f01786ac2c239d6625b7f1f51ece25ca67c5c5aff7f8426a2fed917f96e397bcf854ba7ffcd9b30b495b1c817b9c","2023-12-31T22:00:00.000","2023-12-31T22:15:00.000","902","6.6",,,"8","3","16.19","0.19","0","0","16.38","Mobile","Flash Cab","41.899602111","-87.633308037","POINT (-87.6333080367 41.899602111)","41.96581197","-87.655878786","POINT (-87.6558787862 41.96581197)"
"6c64866034cb36c034d895a0270924c6e476e86e","561fbb8af15689fe33fb11b96905cfb95d11ac44700c1a476e474b9b19d4dc24fec8cbfe3df913dc2ee78f919bd0b1cb416be0bc3b0a431d4335bfae2df63278","2023-12-31T22:00:00.000","2023-12-31T22:15:00.000","678","2.26",,,"3","6","10.23","2.58","0","0","12.81","Mobile","Flash Cab","41.96581197","-87.655878786","POINT (-87.6558787862 41.96581197)","41.944226601","-87.655998182","POINT (-87.6559981815 41.9442266014)"
"9d0b38753b60a3c3143ff389d91500164c411cb6","8123ec5a70681a139fcd93fd477eec0ee05dda8298774835a80496c9e90fbb9443e5d116ba283712e1dec8fdaf9c8acb0f69a77dc20170984c5b380aa8ae3f96","2023-12-31T22:00:00.000","2023-12-31T22:00:00.000","462","1.22",,,"8","8","9","2.22","0","0","11.22","Mobile","Globe Taxi","41.899602111","-87.633308037","POINT (-87.6333080367 41.899602111)","41.899602111","-87.633308037","POINT (-87.6333080367 41.899602111)"
"50c193bc352b1fa21a041467fbeeabe327d31c56","693d50a88a25eeb78492f4619f5a6ecdde75f947ed8cc04d371c44baf3c2c86e90202bf88d14bfad9f82df4703e747dfd66e7cddf07208a5e24fc96e8a75239f","2023-12-31T22:00:00.000","2023-12-31T22:30:00.000","1320","0",,,"8","8","11.25","0","0","1","12.25","Cash","Taxi Affiliation Services","41.899602111","-87.633308037","POINT (-87.6333080367 41.899602111)","41.899602111","-87.633308037","POINT (-87.6333080367 41.899602111)"
"0361a5a0853e66b156e65f551dd194223fbf2dc4","35467b44491f6f51eaa0f4fb1cd65e4c23117aa268d9dd52d88a484194323088fc5a0d30455d37c6bced24218c2ed42b421d7260c119161f29b8381bd11b1784","2023-12-31T22:00:00.000","2023-12-31T22:45:00.000","2131","0.33","17031081403","17031081403","8","8","11","0","0","0","11","Cash","Sun Taxi","41.890922026","-87.618868355","POINT (-87.6188683546 41.8909220259)","41.890922026","-87.618868355","POINT (-87.6188683546 41.8909220259)"
"f3fe59718432017812ec2fc8b546ec8fc25836ef","196d0cab116da01f1cb8685842d0ce1052d6e0b368d7d5cd560154f6d7a7f0b94903fbd090629f3172f2103f9b3eaf359d0024e4c29007ab571c961ee2241f67","2023-12-31T22:00:00.000","2023-12-31T22:00:00.000","0","0",,,,,"3.25","0","0","45.25","48.5","Credit Card","Taxi Affiliation Services",,,,,,
"d572f46dd9460ae3437bda6ed4abfddbb48ec10d","72acb561bc3ff52febfb74f963b7e3a637c4a5de6f13607932913e3c2386875e135d8f81a10e72bae9c8839b88ade59b6d4d45b9b549ecf401e485d9650048fb","2023-12-31T22:00:00.000","2023-12-31T22:15:00.000","647","3.6",,,"8","6","12.25","1.91","0","0","14.66","Credit Card","5 Star Taxi","41.899602111","-87.633308037","POINT (-87.6333080367 41.899602111)","41.944226601","-87.655998182","POINT (-87.6559981815 41.9442266014)"
"450ba1c860062781b62e5b3c183f8740d825f106","32f41dbfab64ed45d31d672512bf4528d078682d839f304a3160e0ffb25e4494702809853735c525b911cb8511f46099b1de425ab86d7431a240e0b55405ef42","2023-12-31T22:00:00.000","2023-12-31T22:15:00.000","762","0","17031839100","17031839100","32","32","9","2.25","0","0","11.25","Mobile","Flash Cab","41.880994471","-87.632746489","POINT (-87.6327464887 41.8809944707)","41.880994471","-87.632746489","POINT (-87.6327464887 41.8809944707)"
"353563382ce846a7ab0c7f4595db24c44d4c939e","c1a2599121801de9434ab559cae09ef16b442f88cca541d903aa89b5808c1de3b3a05e24f98f871f3d1b3d6c87046a75abf04c537fa184affdb380d095d2ed06","2023-12-31T22:00:00.000","2023-12-31T22:00:00.000","420","0.1","17031980000","17031770700","76",,"10.25","0","0","6","16.25","Cash","Taxi Affiliation Services","41.97907082","-87.903039661","POINT (-87.9030396611 41.9790708201)","41.982775009","-87.8773054","POINT (-87.8773053996 41.9827750091)"
"6c72310b3cb07ab6eca13eb83ba562b009de4f8a","c3583153718e0d27b0b567c8f62d79a32f616fb4969d00c6564a187a9298058ebabfcdc893f3680469a800300d2bf15cecf6f0deaa472856bb9668965658fa81","2023-12-31T22:00:00.000","2023-12-31T22:00:00.000","7","0",,,"8","8","20","5.12","0","0","25.62","Credit Card","Taxicab Insurance Agency Llc","41.899602111","-87.633308037","POINT (-87.6333080367 41.899602111)","41.899602111","-87.633308037","POINT (-87.6333080367 41.899602111)"
"cd126eecf0b5294240e665b2800664af517a4bc6","018e2fc4d3e35a1f76f3221f8ecf824591aea4e6e7e05fb330b4a5f29349c5ad53a1906a0ba96738df71c18d9ca8f54bd2aa49527b16644296b4c344d00aec47","2023-12-31T22:00:00.000","2023-12-31T22:00:00.000","9","0","17031081700","17031081700","8","8","3.25","3.94","0","12","19.69","Credit Card","Sun Taxi","41.892042136","-87.63186395","POINT (-87.6318639497 41.8920421365)","41.892042136","-87.63186395","POINT (-87.6318639497 41.8920421365)"
"994077bc7c988717ba725c2b1f3a645134fe6910","2182f5a35823ac9d08d861dadd787f7fc399428b1b762d461df0c02d23a27005c88ee96ca30c6a21afdb8732fad57681b4107265099c17fbbb11482e0b96cd1f","2023-12-31T22:00:00.000","2023-12-31T22:15:00.000","1187","15.18",,,"76","24","38","8.7","0","5","52.2","Credit Card","Sun Taxi","41.980264315","-87.913624596","POINT (-87.913624596 41.9802643146)","41.901206994","-87.676355989","POINT (-87.6763559892 41.9012069941)"
"dd0cc72ed59f791e474e81ed527bc4baca8ac9e1","a1b762f1aec578cc84bb53bb095eaf9dffd68e6ad0c27187418462087e8a9568a8d98ced316271f1c63b26edf81376ed74f30eb4869d06bbec089b7698205d61","2023-12-31T22:00:00.000","2023-12-31T22:30:00.000","1812","11.77",,,,,"91.26","0","0","0","91.26","Cash","Flash Cab",,,,,,
"7a54d58640ee9bb50a52eaaab0b6892079f1c98b","2e9532b31632bc0f91611dd090a2ae6d4447eece8adade3c8e786f0e8aebdb6a5d6086f5fbcfe19fe00fef9a5c86e84df55433ac0db349f5c2085a51c8dc57c3","2023-12-31T22:00:00.000","2023-12-31T22:15:00.000","1113","2.17",,,"8","32","11.5","0","0","0","11.5","Cash","Taxicab Insurance Agency Llc","41.899602111","-87.633308037","POINT (-87.6333080367 41.899602111)","41.878865584","-87.625192142","POINT (-87.6251921424 41.8788655841)"
"2c3393b5485f351775d8c94be80dc393d02cecf9","b38cc11899e213a828f18838538613b0328a1df9062b35227c04314a51ae84ac529d3f69f825b1bda5aabadffcbd4925af3d8feae40dd3410acc392faa48ccf9","2023-12-31T22:00:00.000","2023-12-31T22:00:00.000","0","0",,,"76","76","3.25","0","0","0","3.25","Cash","Taxi Affiliation Services","41.980264315","-87.913624596","POINT (-87.913624596 41.9802643146)","41.980264315","-87.913624596","POINT (-87.913624596 41.9802643146)"
"b95c10b048be031a56ed41b8ffa4983164be1f03","756721b3418247472431e2bd1022cc8ce0806af1b6b7dfeb3927318f86819fc67bf385b5829a0f13e006d05aed02020e7c1801204414d5eadf17b3e2ce71ce14","2023-12-31T22:00:00.000","2023-12-31T22:15:00.000","1072","7.43",,,"56","58","21.5","0","0","5.5","27","Cash","Medallion Leasin","41.79259236","-87.769615453","POINT (-87.7696154528 41.7925923603)","41.817366208","-87.698860797","POINT (-87.6988607973 41.8173662079)"
"dd77dd4ff31692c398c08211c64e63a90b2be310","6dd401969a491b3ea0d09788d990afdd053435e2ca9ee0600abff0f29754da22ec2594db7f80fe774df9fbe416f8c15bc768b274e1de95921965b571a495bf2a","2023-12-31T22:00:00.000","2023-12-31T22:15:00.000","414","2.26",,,"76",,"9","4.35","0","5","18.85","Credit Card","Taxicab Insurance Agency Llc","41.980264315","-87.913624596","POINT (-87.913624596 41.9802643146)",,,
"ef7ac011c33629f7b00a970afe70d208fcb91b4d","e4d62c5f130dee786b1d1515868b32e04df99df544b98efa26a48af417169342dcd9b3b98ecbffd6611e513ec4effe664a5b093d747e2d2d338185a100c6d3fc","2023-12-31T22:00:00.000","2023-12-31T22:00:00.000","442","1.09","17031081201","17031081700","8","8","6.5","4","0","1","12","Credit Card","Taxicab Insurance Agency Llc","41.899155613","-87.626210532","POINT (-87.6262105324 41.8991556134)","41.892042136","-87.63186395","POINT (-87.6318639497 41.8920421365)"
"0662edc0437204fc698147d33eed7cbcaec46b1f","ea8e6df913a36562d8eddf662abe7722f4c0dc08527e9819364aed7a595eb61abb3728e49185db0616deb070840f410f6672275961076b6fcacc6bdfcf9edcf1","2023-12-31T22:00:00.000","2023-12-31T22:30:00.000","1500","12.4","17031980100","17031320100","56","32","32.25","7.55","0","5","44.8","Credit Card","Taxi Affiliation Services","41.785998518","-87.750934289","POINT (-87.7509342894 41.785998518)","41.884987192","-87.620992913","POINT (-87.6209929134 41.8849871918)"
"3a5cb208fb29af1ed07e684eb51bbac2d098d0cb","8c43d212c027e85eda7666c1fa31c66b23d864448b3037244d767f29e166935f89f6be10bc137ae2f24834417496102b74dd5dddcc78ab53a5dadfab479a319e","2023-12-31T22:00:00.000","2023-12-31T22:30:00.000","1500","14.2",,,,"6","36.25","0","0","4","40.25","Cash","Taxi Affiliation Services",,,,"41.944226601","-87.655998182","POINT (-87.6559981815 41.9442266014)"
"2ef884f2d6f612c112cedf538de4b2c165237b90","ab6b0472a82102ae6875f5297519510f5664a3b4a3559e7263a5040af7121af771246f9524f35f264ce10c26187e70f96d230f1df3362cca75b7d91b12b27148","2023-12-31T22:00:00.000","2023-12-31T22:15:00.000","1500","13.4",,,"56","8","34.75","8.05","0","5","47.8","Credit Card","Taxi Affiliation Services","41.79259236","-87.769615453","POINT (-87.7696154528 41.7925923603)","41.899602111","-87.633308037","POINT (-87.6333080367 41.899602111)"
"0c3160eaba3be01e68f17afe31111e6bea9a0f08","38e76b98810925c37414db66db5639e5ddf49c0dbda887da38c63d1335ad66ecd8a566c34553dddcf17fdac0c893f8768449bedf93d94b46ed8d9238fa6a4ea7","2023-12-31T22:00:00.000","2023-12-31T22:15:00.000","540","0.9","17031839100","17031320100","32","32","3.25","5","0","0","8.25","Credit Card","3591 - 63480 Chuks Cab","41.880994471","-87.632746489","POINT (-87.6327464887 41.8809944707)","41.884987192","-87.620992913","POINT (-87.6209929134 41.8849871918)"
"9fa702bc036319168275746e0e4cb27703191a69","c30fce9b91af29c3e553336324bfd496b4675e8a7a7da91e6dd99202f1e3f8c3c893a23711520744a3d98aea4f850d4ddad95084df372a34b6039826db78e51d","2023-12-31T22:00:00.000","2023-12-31T22:15:00.000","865","4.42","17031081201","17031833100","8","28","14.5","3","0","0","18","Credit Card","Sun Taxi","41.899155613","-87.626210532","POINT (-87.6262105324 41.8991556134)","41.879066994","-87.657005027","POINT (-87.657005027 41.8790669938)"
"799e9618d3018a3625fe7ae47c5dadf5411ec094","6436b1ea087d8dd1c5b6393c8c3331353195b37673bfa29193e13df48096dee0d000a539e29ae747b828e217e5332d50473ff67e4f8ec5fbae89504eaf36e1f2","2023-12-31T22:00:00.000","2023-12-31T22:45:00.000","2813","23.81",,,"51","3","59.91","0","0","0","59.91","Cash","Flash Cab","41.690633347","-87.570058269","POINT (-87.5700582686 41.6906333472)","41.96581197","-87.655878786","POINT (-87.6558787862 41.96581197)"
"db54bc3ac8103553aa78d5c6414ac956d2a951dd","179f1a051e9e6d3fc0726628962faff68506086ee8df14091e91399452fada055453e421df026fcc4449a43ba54a357c364482e62a20420f836389bd2269b5ee","2023-12-31T22:00:00.000","2023-12-31T22:15:00.000","767","4.59",,,"28","60","14","0","0","1","15","Cash","Blue Ribbon Taxi Association","41.874005383","-87.66351755","POINT (-87.6635175498 41.874005383)","41.836150155","-87.648787952","POINT (-87.6487879519 41.8361501547)"
"dc898a620437167b8e15a403b6ac7d176e4617e3","31be1d0f5781cd789da14c7d6ad558cc03898eba376986b37fcf99ca374f385f3f557b62e778548489089f190323d42d930107aa672ebcb0417cfd8251814487","2023-12-31T22:00:00.000","2023-12-31T22:15:00.000","774","1.43","17031081300","17031839100","8","32","8.5","4","0","1.5","14.5","Credit Card","Flash Cab","41.898331794","-87.620762865","POINT (-87.6207628651 41.8983317935)","41.880994471","-87.632746489","POINT (-87.6327464887 41.8809944707)"
"504eb1b342298e5e0f0edaba6fc52346ae9cc188","cf39200ae52386dfa52be5a8e1da54653690fac9fba627c56b2de87a6450d7cff76ef0f185f95771e8564e67f6e77e98df376659f7264226baa946aec4ee1cc0","2023-12-31T22:00:00.000","2023-12-31T22:15:00.000","554","1.57","17031081700","17031080100","8","8","9","2.42","0","1","12.42","Mobile","Taxicab Insurance Agency Llc","41.892042136","-87.63186395","POINT (-87.6318639497 41.8920421365)","41.907520075","-87.6266589","POINT (-87.6266589003 41.9075200747)"
"b7f8d43cda4d90791856c4da8e0a6d9bec9343ef","5453573a470c75b36d908d4e664de1c937e68aae86c420191a43870a402b62ca9e81867fc2a769011873a9d7df93f43083246b9691db0c27e29126faacb84f19","2023-12-31T22:00:00.000","2023-12-31T22:00:00.000","215","0.68","17031320100","17031320100","32","32","5","2","0","1","8.5","Credit Card","Chicago Independents","41.884987192","-87.620992913","POINT (-87.6209929134 41.8849871918)","41.884987192","-87.620992913","POINT (-87.6209929134 41.8849871918)"
"db0b47a16942f56f3f86d58954385c06fcd6609a","6dcd43a953f0c1bdfc49fe8260b9504af2cc45eefdfc2266ae6b2e6f977abe8676fd0ce732e377706422d51583eda869a841f93e70d0833eed4705f4bd5e9eb2","2023-12-31T22:00:00.000","2023-12-31T22:15:00.000","600","6.83",,,"22","11","15.12","3.75","0","0","18.87","Mobile","5 Star Taxi","41.92276062","-87.699155343","POINT (-87.6991553432 41.9227606205)","41.978829526","-87.771166703","POINT (-87.771166703 41.9788295262)"
"3114f15a0084965d2481e93ac87a874ca6551f3f","bb4e75d3065311c33024a434640731c43fd2cf9e4482eb9e17cbf9f0ff0ed005455ffe22797df66b7467489a738e7be52c5983e16615b31c7c1d6af3ee0eb965","2023-12-31T22:00:00.000","2023-12-31T22:30:00.000","2220","0.9",,,"77","76","38.5","0","0","0","38.5","Cash","Taxi Affiliation Services","41.9867118","-87.663416405","POINT (-87.6634164054 41.9867117999)","41.980264315","-87.913624596","POINT (-87.913624596 41.9802643146)"
"45b38cfb3533fe762249005f46ce7e3ac4aa725c","a31d2ea87ea4f5a4793c30f84f000b0c6aad4cd956f6ea73b5628ebd509d47a7d051a0b7ccd201a550c236c42ed6e19ce5efbd4caa4bf2d1fcd77827b64b39f9","2023-12-31T22:00:00.000","2023-12-31T22:15:00.000","515","1.21","17031081300","17031320100","8","32","6.75","0","0","1","7.75","Cash","Flash Cab","41.898331794","-87.620762865","POINT (-87.6207628651 41.8983317935)","41.884987192","-87.620992913","POINT (-87.6209929134 41.8849871918)"
"b742d09d8bbb7c355d310566e30c1c260c54dbc8","a44aeb86b7ca082e2995fdbf1d80431e967832855d10498fbe95156d68d1ef73e2b4997cf8685e906fd77d5d4e78f19583d14e54c057140cd8984d5876c174b0","2023-12-31T22:00:00.000","2023-12-31T22:00:00.000","203","0.02",,,"8","8","9","1.11","0","0","10.11","Mobile","City Service","41.899602111","-87.633308037","POINT (-87.6333080367 41.899602111)","41.899602111","-87.633308037","POINT (-87.6333080367 41.899602111)"
"9aae93fd5b768201ea3c25996de72c48a67812ba","9cae57fb9925db7129ad7b4d5019accd722057dada60f5da055468d5a2fc51ec80f6acb71fc34d503d9f119e2c06e5a027fc510c6d560fa0ace11a0c5c7672fe","2023-12-31T22:00:00.000","2023-12-31T22:15:00.000","370","0.69","17031081500","17031320400","8","32","5.75","0","0","1","6.75","Cash","Sun Taxi","41.892507781","-87.626214906","POINT (-87.6262149064 41.8925077809)","41.877406123","-87.621971652","POINT (-87.6219716519 41.8774061234)"
"76a3f7dc646eef0cba2c7baee3e48ed733866dbc","3f68542d52a06c2f726a08b3888acb6e7979a3ade1b74c38c2d8d3932377185103d527e0a018b407d71e80217caa2a9335c74cc0dabf9f13141cf5875ef051b0","2023-12-31T22:00:00.000","2023-12-31T22:30:00.000","1680","11.5",,,"8","43","31","0","0","0","31","Unknown","Taxi Affiliation Services","41.899602111","-87.633308037","POINT (-87.6333080367 41.899602111)","41.761577908","-87.572781987","POINT (-87.5727819867 41.7615779081)"
"029aeea4d9650a41f360ee848595a590bd1f9c36","78893d83a12762723e5a8ef770b3fb541e9b2cd8d4316d708a441760143a4ef1e313205a8801abec9e7a152b970f673d3f9b990c228de3a6499b933d7e9aedc9","2023-12-31T22:00:00.000","2023-12-31T22:15:00.000","540","1.9",,,"21","6","8","0","0","0","8","Cash","Choice Taxi Association","41.938666196","-87.711210593","POINT (-87.7112105933 41.9386661962)","41.944226601","-87.655998182","POINT (-87.6559981815 41.9442266014)"
"8337b9bcf689f58f188992a7e894cbebc3d9f2da","477e2191cd2213e2db9413d810936b2f24a73c8e5270594c724f811dbe4cfea5b58519d789ac8fb30d3ac6ee375721019e2e793a889be528f59327e0cc32ea94","2023-12-31T22:00:00.000","2023-12-31T22:00:00.000","240","0.5",,,"8","8","4.75","0","0","0","4.75","Cash","Taxi Affiliation Services","41.899602111","-87.633308037","POINT (-87.6333080367 41.899602111)","41.899602111","-87.633308037","POINT (-87.6333080367 41.899602111)"
"9a894a1793776fd886ec47786fe834ddc53b7914","4b034948aceedd53262ae713f864b0364953a1852b6b24669f192cad26c5014f1af0b6c87b941abb1fa93e1abbe09f70d7f02d48e5371d2c55534b68565a3060","2023-12-31T22:00:00.000","2023-12-31T22:30:00.000","1325","7.92",,,"6","31","20.73","4.81","0","0","25.54","Mobile","Sun Taxi","41.944226601","-87.655998182","POINT (-87.6559981815 41.9442266014)","41.850266366","-87.667569312","POINT (-87.667569312 41.8502663663)"
"39fb171d8e858e09b70f494eec2a3d163a63de14","ad4b1730fcbfdb84e41313179a688924012db322823f487d70ffcdbf1fa0e9ec11c35045af7e7cf561db41f5a46939ab7ea0565dc6fa26a0d14f68f6f568b92e","2023-12-31T22:00:00.000","2023-12-31T22:00:00.000","12","0","17031320100","17031320100","32","32","3.25","4.05","0","16.5","24.3","Credit Card","5 Star Taxi","41.884987192","-87.620992913","POINT (-87.6209929134 41.8849871918)","41.884987192","-87.620992913","POINT (-87.6209929134 41.8849871918)"
"245e1fe3fcef4c9cae11ce8cafc1608b2d4f655a","c7e24b57c5ac5cc6b23bdaa7ad986c639f07680587bf710f52dde392f353f9935355277768f8ab89ba94a517ff8ee254ef7927c7bdb11868bb78ad39d5f502e2","2023-12-31T22:00:00.000","2023-12-31T22:15:00.000","805","2.92",,,"24","8","10.32","2.45","0","0","12.77","Mobile","Flash Cab","41.901206994","-87.676355989","POINT (-87.6763559892 41.9012069941)","41.899602111","-87.633308037","POINT (-87.6333080367 41.899602111)"
"a525dd9cc723fb853156bc415f6a8b4ec3685c38","ce8e5531edf9255d9ecb2f930e320f9c1c83229e43744564103589a4cf339190c4c17ba66439c436305e3ebf2447ef2d418b2601edc83b81c08abdce5cd20334","2023-12-31T22:00:00.000","2023-12-31T22:00:00.000","337","0.81",,,"32","32","5.5","0","0","1","6.5","Cash","Blue Ribbon Taxi Association","41.878865584","-87.625192142","POINT (-87.6251921424 41.8788655841)","41.878865584","-87.625192142","POINT (-87.6251921424 41.8788655841)"
"196153b00b91b6c7e7d30a05d1893c7328a4cc31","6e0a0360a9107f3cc0064a80f49f33a7f53e8aa6232d66b590bf83fca4277b3c6203ac04f2d404fdf6a57190cd50530fce8f585b9f122aa4cf98ff0c255e9f2e","2023-12-31T22:00:00.000","2023-12-31T22:00:00.000","460","0",,,"6","6","9","1.11","0","0","10.11","Mobile","Flash Cab","41.944226601","-87.655998182","POINT (-87.6559981815 41.9442266014)","41.944226601","-87.655998182","POINT (-87.6559981815 41.9442266014)"
"6a6c2bed9183221a398f398ae045574b0b1aac8c","368c2fe7411b3ba707de6ecc150eacc272f347c45202e865e4002c347b3a03d6ccb804e2ae8da9cf4f229b9740ed58cc120b5e348a26a8b49d31489106fb55db","2023-12-31T22:00:00.000","2023-12-31T22:15:00.000","1380","15.7",,,"76","24","38.75","8.65","0","4","51.4","Credit Card","Taxi Affiliation Services","41.980264315","-87.913624596","POINT (-87.913624596 41.9802643146)","41.901206994","-87.676355989","POINT (-87.6763559892 41.9012069941)"
"81dded170b560a2d0cc01c768399e2972579da98","11bb28dc5075f790bd4529d80a571002aeb69fd4145015caf45040d4ed2268d2aeb42f82059e30bea7db4eb4819c577912f80ee59b6444902599e580a78c6ebe","2023-12-31T22:00:00.000","2023-12-31T22:15:00.000","558","1.11",,,"8","8","7","0","0","0","7","Cash","City Service","41.899602111","-87.633308037","POINT (-87.6333080367 41.899602111)","41.899602111","-87.633308037","POINT (-87.6333080367 41.899602111)"
"f7b73e12e9cae585874a38d4bc73901e16cd0374","282e96d2494030280c94a513a55ce131750a6db5595d280442f937df34d9ca056808e9b096f1b6b9f5ca2aebf79aa62e8198db1b227eac7d5cecdc97fe0060bc","2023-12-31T22:00:00.000","2023-12-31T22:15:00.000","771","1.63","17031081500","17031833000","8","28","8.75","2","0","0","11.25","Credit Card","Medallion Leasin","41.892507781","-87.626214906","POINT (-87.6262149064 41.8925077809)","41.88528132","-87.6572332","POINT (-87.6572331997 41.8852813201)"
"2d9ae19f5b0a4026e8cbd4c89a3e6ffc4b4303d6","c09f5ee2dc22a2a3c342dd27432eb0fe98506ef3698f5b2e066d6c56fd7da673e58d85db53894ac092f9eeae70bac42cbb470ffff8cedadee60cf639c49fc711","2023-12-31T22:00:00.000","2023-12-31T22:00:00.000","564","1.5","17031320100","17031081700","32","8","7.75","0","0","1","8.75","Cash","Sun Taxi","41.884987192","-87.620992913","POINT (-87.6209929134 41.8849871918)","41.892042136","-87.63186395","POINT (-87.6318639497 41.8920421365)"
"c9678f8268f59f27b79bcfa7fc8111d72f2332b5","df1047690171041466915ee430950774c52ce26e7bbdec75ec2c401514190bd531a130002c63161d5401ab50cd3427b28c0625badf0e48d1687b05477f4dc00f","2023-12-31T22:00:00.000","2023-12-31T22:30:00.000","1376","14.91",,,"76","7","37.5","6.3","0","4","48.3","Credit Card","Flash Cab","41.980264315","-87.913624596","POINT (-87.913624596 41.9802643146)","41.922686284","-87.649488729","POINT (-87.6494887289 41.9226862843)"
"00805ca190222e0e7377114fec9d014b47a2dd69","b5a0dd68699c0bb8cfe22442f438e3291ad2f57aa69241b9c61b20899b8aca93f1a0dc1e6a324355f51a78420fc2657e60bf1b834dc04753038f8496ad71f044","2023-12-31T22:00:00.000","2023-12-31T22:45:00.000","1980","17.7","17031980000","17031980000","76","76","43.75","0","0","5","48.75","Cash","Taxi Affiliation Services","41.97907082","-87.903039661","POINT (-87.9030396611 41.9790708201)","41.97907082","-87.903039661","POINT (-87.9030396611 41.9790708201)"
"4b8246cf07648aa30b023c1743b3371a4066c648","182738fe701aff980860adbe8c50444f6edfb7adcf06a9b6091a346d05e6b261f681c1c3a230e5ab50a2c5318d8e09179e9b60184890bafaf434dbb3a1d45110","2023-12-31T22:00:00.000","2023-12-31T22:15:00.000","1098","1.32","17031833000","17031839100","28","32","10.25","2.35","0","1","14.1","Mobile","Star North Taxi Management Llc","41.88528132","-87.6572332","POINT (-87.6572331997 41.8852813201)","41.880994471","-87.632746489","POINT (-87.6327464887 41.8809944707)"
"c8c9ba2fc18aba281abd4f8017351cf1ded97795","1061d157b2a98a1b1e7871639b836de5fb521101d08d736af9eaa6700648adb48fb8df7f97970cc6b2a7bd6da5840251530b3cccb10d81a56f3779ba7a1354ba","2023-12-31T22:00:00.000","2023-12-31T22:15:00.000","1142","9.61",,,"6","6","13.24","5","0","0","18.24","Mobile","5 Star Taxi","41.944226601","-87.655998182","POINT (-87.6559981815 41.9442266014)","41.944226601","-87.655998182","POINT (-87.6559981815 41.9442266014)"
"0a4fbf5311184e35e563f83306e24c1ea31ed5c3","1f075315f5906824cc9566de5f650935e00f9e027a96a762ec054da18ab0df0da8545aa03f56beef36aa82c9ab4659b9e86bee6a78395a94beacdbd23d2035cb","2023-12-31T22:00:00.000","2023-12-31T22:15:00.000","923","4.16",,,"8","6","14.5","0","0","2","16.5","Cash","5 Star Taxi","41.899602111","-87.633308037","POINT (-87.6333080367 41.899602111)","41.944226601","-87.655998182","POINT (-87.6559981815 41.9442266014)"
"912748985617d95d0fdb18cbb86e8a7cf42500d8","6b5cf0e16cc46e2482a5670756fcae44d43fd9f9b6c25200ae0fcf145e0b8c0417fd83b5b20e9712dff9ec3adcd32e59672ab64f47db0b44e68134966c956d28","2023-12-31T22:00:00.000","2023-12-31T22:15:00.000","287","0.79",,,"8","8","5.5","3","0","4","13","Credit Card","Flash Cab","41.899602111","-87.633308037","POINT (-87.6333080367 41.899602111)","41.899602111","-87.633308037","POINT (-87.6333080367 41.899602111)"
"d46439d68d86a33ec379cded4726f9e84f07867d","9dc2e0578dc153302955faa509065c083d18c91767f762237b9a73e6d20503840732229b9661c011226e0cd92e1c02557caf7226975145b888d398bc5a9574ec","2023-12-31T22:00:00.000","2023-12-31T22:00:00.000","83","0.35",,,"76",,"4","0","0","0","4","Cash","Medallion Leasin","41.980264315","-87.913624596","POINT (-87.913624596 41.9802643146)",,,
"d8aebccbdb543d70125b6e41b4e319f6ebc3a0ce","4dc0edeb1e43bb0cd3aa52ded5fa3152242d392e17c7600d2861b98a0ab0b5837ac1bca9eedd7d6d49a84e30b5f52964bb4fb8b7902ae7733a206e750c8f5c44","2023-12-31T22:00:00.000","2023-12-31T22:15:00.000","324","0.33","17031320100","17031320100","32","32","5","0","0","2","7","Cash","Medallion Leasin","41.884987192","-87.620992913","POINT (-87.6209929134 41.8849871918)","41.884987192","-87.620992913","POINT (-87.6209929134 41.8849871918)"
"eaf99e778782ed6d1a248a771ce4f2744c1643d0","6b6dc04e7b06da4f1dc50dee727d9ef2d1c2df22a009b44ba04c006d6dc61a1dd90cf2bca0b3e86e383183d495d4e25681dd4dc5e65c952c9614cc1913f95767","2023-12-31T22:00:00.000","2023-12-31T22:15:00.000","944","3.16",,,"7","8","10.78","0","0","0","10.78","Mobile","Sun Taxi","41.922686284","-87.649488729","POINT (-87.6494887289 41.9226862843)","41.899602111","-87.633308037","POINT (-87.6333080367 41.899602111)"
"6f5170ecb1fbcea21ac0ebd150659769e90c1435","f8f44c9d76773e3c761356078d786b151d2f206685454f64f76736d54bda25d7b9b96bb2271718561132707b3d65d14afbd26f146b8e6f659013376c82989ce0","2023-12-31T22:00:00.000","2023-12-31T22:15:00.000","1440","0.8",,,"76","7","37","8.5","0","5","50.5","Credit Card","Taxi Affiliation Services","41.980264315","-87.913624596","POINT (-87.913624596 41.9802643146)","41.922686284","-87.649488729","POINT (-87.6494887289 41.9226862843)"
"d8193815368bb4667e215ba1ee133b5653aa76fd","6edf046ae368c4133e9c6e05fef38fd91caec343f4a9fbb1d6d81b61c559f3d74bf8ef717ac6dc598d81cba0dafcecb1bb233a4bacf85e073f06378d66b76ed6","2023-12-31T22:00:00.000","2023-12-31T22:15:00.000","553","4.04",,,"76",,"12.75","0","0","5.05","17.8","Cash","Medallion Leasin","41.980264315","-87.913624596","POINT (-87.913624596 41.9802643146)",,,
"99969e86e24bb8d5842cc489e97ac978c1f80076","e8d374b4e7bc344add5893f1a1ae3b611823439ac1caf06087c4bf2cb6fe114201a38c49646f2851d86f9e73c21c1e99f29903cceb84612fd1118e3224528b2b","2023-12-31T22:00:00.000","2023-12-31T22:00:00.000","0","0",,,"40","40","3.25","0","0","0","3.25","Cash","Taxi Affiliation Services","41.792357223","-87.61793138","POINT (-87.6179313803 41.7923572233)","41.792357223","-87.61793138","POINT (-87.6179313803 41.7923572233)"
"02423b48948c6a24002d5a37248cd1b49680f02e","bda723ff7d3238b616907b89512c7279801247b06581903556082767ad0e277669915c5e7a4b5f994b76aad0559230b2cee05ab633fd1ffbe84e3feed888f70d","2023-12-31T22:00:00.000","2023-12-31T22:15:00.000","841","0",,,"3","7","15.11","2.81","0","0","17.92","Mobile","Flash Cab","41.96581197","-87.655878786","POINT (-87.6558787862 41.96581197)","41.922686284","-87.649488729","POINT (-87.6494887289 41.9226862843)"
"f5c272feb583eb1097770e3722a29d4152134416","9d5707af7fd937c1c174f5a6b7ec14efed12a3c03d7e168e8b2e71af0108d8a04304d35e69cbf635884a7f822d03125fd2aa6224f41d9004543047cccbd8d37e","2023-12-31T22:00:00.000","2023-12-31T22:30:00.000","1172","2.06",,,"28","8","11.25","3.19","0","1","15.94","Credit Card","Flash Cab","41.874005383","-87.66351755","POINT (-87.6635175498 41.874005383)","41.899602111","-87.633308037","POINT (-87.6333080367 41.899602111)"
"6f248dfde34422c4c99f0f4ab6b1247af9196e3c","339c4c0e5d5ad12014ae25364c7082b3e8884bdb5e5fcefb4085170c968eaf736439ac250acd6e34a00b3d958e55766d93bf7ad86e0cb579d4fd87507936a6dd","2023-12-31T22:00:00.000","2023-12-31T22:15:00.000","707","1.69","17031281900","17031081800","28","8","9","5","0","0","14","Mobile","City Service","41.879255084","-87.642648998","POINT (-87.642648998 41.8792550844)","41.89321636","-87.63784421","POINT (-87.6378442095 41.8932163595)"
"d7d196dc80b6d7ea4bfb2167a9f7c64ff5f8cfaf","2ff4fad54ffae9d505e55587c34111c2094a0a528736959a797e3fcc724c47ab454c1f1b6fb7b1aa4d01f10cde3315cba172c7b23251beec4c3acd1ec6bfc90f","2023-12-31T22:00:00.000","2023-12-31T22:15:00.000","720","0",,,"8","8","7.5","0","0","0","7.5","Cash","Taxi Affiliation Services","41.899602111","-87.633308037","POINT (-87.6333080367 41.899602111)","41.899602111","-87.633308037","POINT (-87.6333080367 41.899602111)"
"eac8cfb551f4d4240144f0d5b8e2d8e9a27889a4","b14a5aa31a4e5843bf3a6ea4433cc6540165b844ac5bbae6054a8a68e07d9a133716f94c4c902d1b83a330c9a17771246e50b46e280495dc354c9dd4b3941464","2023-12-31T22:00:00.000","2023-12-31T22:00:00.000","306","0.66","17031081403","17031081500","8","8","5.25","0","0","1.5","6.75","Cash","City Service","41.890922026","-87.618868355","POINT (-87.6188683546 41.8909220259)","41.892507781","-87.626214906","POINT (-87.6262149064 41.8925077809)"
"65ca1fcbf0cca5b88a06e84a71a5b50ce13e8e5f","624e8f2a6af3b7f032d3c40d6f925f6fc5f0bf6a358ecc7d01503a55553689cf6b36732e7d972a664d2d55e928baadb5d5d387884a6b0cf2701453f45c14a7cf","2023-12-31T22:00:00.000","2023-12-31T22:15:00.000","480","3.8",,,"76","76","12","10","0","4","26","Credit Card","Taxicab Insurance Agency, LLC","41.980264315","-87.913624596","POINT (-87.913624596 41.9802643146)","41.980264315","-87.913624596","POINT (-87.913624596 41.9802643146)"
"5f2e66c36634c078a283a7c6155b13ea368a2b6a","0097753fe60f11c95766e0c88d0b7fc93806043ea4713c6df7e093c643fc5f2d480e06d0e97f3e0b7c96bc399176f93b7ce98629b2433fd9f32f9c6483ae9855","2023-12-31T22:00:00.000","2023-12-31T22:15:00.000","1320","1","17031980000","17031081800","76","8","42","5","0","5","52","Credit Card","Taxi Affiliation Services","41.97907082","-87.903039661","POINT (-87.9030396611 41.9790708201)","41.89321636","-87.63784421","POINT (-87.6378442095 41.8932163595)"
"f93879c7f0f2c49550e31d9477dd40bb9aba18e4","e5274d6c103515af3ce705182d0bbbea7ca077a6f23b1736254f2de8ba3e1687dd77f5fb541b7f00b1ebc24cfde54caf5a9562f046a0559acbfe1e7159e17c1a","2023-12-31T22:00:00.000","2023-12-31T22:15:00.000","539","1",,,"8","8","7.25","0","0","0","7.25","Cash","Globe Taxi","41.899602111","-87.633308037","POINT (-87.6333080367 41.899602111)","41.899602111","-87.633308037","POINT (-87.6333080367 41.899602111)"
"eace9a96ca87fc1efb1ea1e22bccae4345c97b3e","c3ebfce9cb4f64d18d29e3e416e9f64dfe671eb8226d44719da28eff8fb2204be6684d86097d4ebc3eb951e8e21977035ecbcc5d96bce6105af21c56d794322a","2023-12-31T22:00:00.000","2023-12-31T22:15:00.000","337","1.09",,,"28","28","9","1.45","1","0","11.45","Mobile","Globe Taxi","41.874005383","-87.66351755","POINT (-87.6635175498 41.874005383)","41.874005383","-87.66351755","POINT (-87.6635175498 41.874005383)"
"e15af8fca425a497714a973c124a4e841bd81467","ab172f16a0f2033e0fb3da3c21353da9704edb989c9b556a1f65300d235dd591226731858313fb551f0eb4c9bdae9fe99ef69179854413f1e566d72455778b5c","2023-12-31T22:00:00.000","2023-12-31T22:15:00.000","194","0.41","17031281900","17031839100","28","32","4.5","5","0","1","11","Credit Card","City Service","41.879255084","-87.642648998","POINT (-87.642648998 41.8792550844)","41.880994471","-87.632746489","POINT (-87.6327464887 41.8809944707)"
"b5b934b41e351235018300b9dba5b61b57a189a5","07009b8e9b32f36656567f7809b970af38e59dbb58704a3fec6ff88b4353ffa6c1dc9724ee7ca35eb7d2a4aac92ec2e735d0824fdb3356807626a5a220b773c0","2023-12-31T22:00:00.000","2023-12-31T22:30:00.000","2110","30.74",,,"49",,"75.41","0","0","0","75.41","Cash","Flash Cab","41.706587882","-87.623366512","POINT (-87.6233665115 41.7065878819)",,,
"d0f9738822b6020324f6945119644dfb29e38a8c","3618045f9110d4d88482266ade23659c1a50d32ac37f205c15614b1ada9d4ca14b171329afed5dfd81c7525bd5a05fe614cb63b2aa48d920626b519e20d9e146","2023-12-31T22:00:00.000","2023-12-31T22:15:00.000","540","2",,,"33","60","8.5","5","0","0","13.5","Credit Card","Taxi Affiliation Services","41.857183858","-87.620334624","POINT (-87.6203346241 41.8571838585)","41.836150155","-87.648787952","POINT (-87.6487879519 41.8361501547)"
"7d84b8b4103f01b716ebd9faeb0944a04e223455","8dd990653cc2793d96b80ae45e928afc9a590b21b491eea3f522f42a72a5d323e79997fb7b2aab3486de73e89a4c9ae8e8cc377056b9b0d3de37ab822ce2cf33","2023-12-31T22:00:00.000","2023-12-31T22:00:00.000","229","0.79",,,"8","8","5.25","0","0","2.5","10.75","Credit Card","Sun Taxi","41.899602111","-87.633308037","POINT (-87.6333080367 41.899602111)","41.899602111","-87.633308037","POINT (-87.6333080367 41.899602111)"
"0e64c167a0bd5396b8f40a403137d65998dee102","5a2d8508678f817213f775688e8a0dd949cc26dd393542b277a2ee908d605c4cbe49e70ba750da01112b6f87a0d69a6ec2eaa28729eea473b8d35dcb3657b6bc","2023-12-31T22:00:00.000","2023-12-31T22:15:00.000","936","10.62",,,"44","28","36.06","0","0","0","36.06","Cash","Flash Cab","41.740205756","-87.615969523","POINT (-87.6159695226 41.7402057565)","41.874005383","-87.66351755","POINT (-87.6635175498 41.874005383)"
"55481e71eb8629fcbd4835fc94734ed83fe31958","f20c9c5845dab1e51799b959d378c102763d4b31d738da7ea1f7fee763a4c830854cf6025fbe42e7c37dddab03ef2cf43bc775bdd6c5a4114d307dbf415728a5","2023-12-31T22:00:00.000","2023-12-31T22:00:00.000","287","1",,,"8","28","9","2.22","0","0","11.22","Mobile","Flash Cab","41.899602111","-87.633308037","POINT (-87.6333080367 41.899602111)","41.874005383","-87.66351755","POINT (-87.6635175498 41.874005383)"
"2f4d167fcd8e328a15c6fe7e8800434a8d18b33b","ab6d286c53a31735e3e52ee1a899c4b2b3ad5206c9e5d8d4b7585db0e6c957a2a0b21e5605eb615575feac592edfdeccea18b31157baa2a2a84c1243c9424c6b","2023-12-31T22:00:00.000","2023-12-31T22:15:00.000","1200","0",,,"76","7","39.5","8.8","0","4","52.3","Credit Card","Taxi Affiliation Services","41.980264315","-87.913624596","POINT (-87.913624596 41.9802643146)","41.922686284","-87.649488729","POINT (-87.6494887289 41.9226862843)"
"0b6c8822b2c0a9074ed4b3eed615f0dea7118f4c","3f68542d52a06c2f726a08b3888acb6e7979a3ade1b74c38c2d8d3932377185103d527e0a018b407d71e80217caa2a9335c74cc0dabf9f13141cf5875ef051b0","2023-12-31T22:00:00.000","2023-12-31T22:00:00.000","0","0.1","17031081401","17031081401","8","8","3.25","0","0","0","3.25","Cash","Taxi Affiliation Services","41.89503345","-87.619710672","POINT (-87.6197106717 41.8950334495)","41.89503345","-87.619710672","POINT (-87.6197106717 41.8950334495)"
"3a3df82fd970fff72ac5345328b8e6130cf7dfb2","2ee014517008727c09c564f78b483383c62d85e7d5f0f82bb7b8a692bca650097a8d0942bc4d898d1c650160b2fe2639a25356dcd3b95887275783d9386b1cb1","2023-12-31T22:00:00.000","2023-12-31T22:15:00.000","789","1.54","17031281900","17031081500","28","8","9","0","0","0","9","Cash","Taxicab Insurance Agency Llc","41.879255084","-87.642648998","POINT (-87.642648998 41.8792550844)","41.892507781","-87.626214906","POINT (-87.6262149064 41.8925077809)"
"ac5fe07bfc894ee6c05417a2f5494dc505ae28f9","b38cc11899e213a828f18838538613b0328a1df9062b35227c04314a51ae84ac529d3f69f825b1bda5aabadffcbd4925af3d8feae40dd3410acc392faa48ccf9","2023-12-31T22:00:00.000","2023-12-31T22:30:00.000","1800","1.3","17031980000",,"76",,"51.5","17.1","0","33.5","102.1","Credit Card","Taxi Affiliation Services","41.97907082","-87.903039661","POINT (-87.9030396611 41.9790708201)",,,
"d774376414a525b910145bf6e6cdb640d8dc2ef7","19447854f6105afc7307d18998685917b36bbbb2c8a7e59a6801448176ca7c8064ac13ac7cbf0f6858fcc28613497a7623fbffe4393fe437df465d609226c018","2023-12-31T22:00:00.000","2023-12-31T22:15:00.000","1140","0",,,"28","2","32.5","0","0","0","32.5","Unknown","Taxi Affiliation Services","41.874005383","-87.66351755","POINT (-87.6635175498 41.874005383)","42.001571027","-87.695012589","POINT (-87.6950125892 42.001571027)"
"676c6b79b60e5444835bb8298a4137fa478de3f5","d5c821e78bf25431862f40219794e4d023679198afeb74523a73a6e4e48c53331b592025b7ddcd4bcb44dbf6b059ccb1ea82bf9dcd894789f943b13267d781ca","2023-12-31T22:00:00.000","2023-12-31T22:00:00.000","542","3.26",,,"8","6","11","0","0","1.5","12.5","Cash","Sun Taxi","41.899602111","-87.633308037","POINT (-87.6333080367 41.899602111)","41.944226601","-87.655998182","POINT (-87.6559981815 41.9442266014)"
"3c6f2c86eab3060451ed4b00b4e8f2ec8454d98d","73c53bd1d015d25541aa53570b7f1dd2227cf25b2bed0c08ea9c6099486dd35610416f2bf9937bafe3519b2fbbedd051c719c7b50af95eab8079e03ae86992af","2023-12-31T22:00:00.000","2023-12-31T22:45:00.000","2340","0.6",,,"33","72","31","0","0","0","31","Unknown","Taxi Affiliation Services","41.857183858","-87.620334624","POINT (-87.6203346241 41.8571838585)","41.713148612","-87.675075312","POINT (-87.6750753124 41.713148612)"
"c45df54292c04e510974918553f5d6654317d50e","829dced7036593da33254d88a2d065c1698fc377e76c93f5401b6421fcb3c618860b632a5932a359a4893a40a0e75a5f3106811716625dd84ff683aff0dd7877","2023-12-31T22:00:00.000","2023-12-31T22:15:00.000","480","0",,,"6","6","6","0","0","0","6","Cash","Taxi Affiliation Services","41.944226601","-87.655998182","POINT (-87.6559981815 41.9442266014)","41.944226601","-87.655998182","POINT (-87.6559981815 41.9442266014)"
"978643dca3efd84310024636183c92e47da216ef","ca2e49fc5f32316d5c59cabe4993d8f7b27ee126bc505836ae638a3a60ddf28a06fd497610cc6647831d8104f0574bcd8cea05fa5a8bd124061bfee79df6c1f2","2023-12-31T22:00:00.000","2023-12-31T22:00:00.000","0","0","17031320100","17031320100","32","32","3.25","0","0","0","3.25","Cash","Taxi Affiliation Services","41.884987192","-87.620992913","POINT (-87.6209929134 41.8849871918)","41.884987192","-87.620992913","POINT (-87.6209929134 41.8849871918)"
"33aa63b042c29958960ee1efc99fd5da07d2a8c5","8c996b78641f57de21b068fa17d4224cd9f1da237ccd7862a4c2121b6794f00f733450c58ad1b950a45a14347d4694f070e16ca8effcac45a5b06a18ba46a430","2023-12-31T22:00:00.000","2023-12-31T22:30:00.000","1140","0.1",,,"32","8","11","0","0","2","13","Cash","Taxi Affiliation Services","41.878865584","-87.625192142","POINT (-87.6251921424 41.8788655841)","41.899602111","-87.633308037","POINT (-87.6333080367 41.899602111)"
"b019c8f4281c16563f8c878009cc629eac6a29af","9a423881d4046f5590943c08ec5e58d59f5ebd91fe26aa9ef49ad0dfe587e3d3a78dc5e2d214e4d42120e5296ebadeb100494177de8b0fc8ef6a1b3e5290669b","2023-12-31T22:00:00.000","2023-12-31T22:30:00.000","1380","0",,,"76","7","38.25","12.8","0","4","55.05","Credit Card","Taxi Affiliation Services","41.980264315","-87.913624596","POINT (-87.913624596 41.9802643146)","41.922686284","-87.649488729","POINT (-87.6494887289 41.9226862843)"
"95d6e06b2ac0fb86a53492b34ac12c48dad2a2fc","2199b1a70d767c998a0c058f4fa30fb26cda2bc567ce18bf1b9df84ffdb06dabfc344cc0e854aef77dc66cdf5e3445bb89e393ec6932c25712b1a512c27438a1","2023-12-31T22:00:00.000","2023-12-31T22:15:00.000","660","5.7",,,"41","33","16.75","0","0","0","16.75","Unknown","Taxi Affiliation Services","41.794090253","-87.592310855","POINT (-87.592310855 41.794090253)","41.857183858","-87.620334624","POINT (-87.6203346241 41.8571838585)"
"4aa2044c22169aa0b011a0f18b562a1d9b9b14d9","be562a9e27b1b0f1c4fb829b66a20d6865c54fcddcc1909039b49e34625e6310a060183676fb2eafb2757d8eb5cbde1c8d18b9f990047415306e49fc8a380b5d","2023-12-31T22:00:00.000","2023-12-31T22:15:00.000","566","0.47","17031320100","17031320400","32","32","6","0","0","1","7","Cash","City Service","41.884987192","-87.620992913","POINT (-87.6209929134 41.8849871918)","41.877406123","-87.621971652","POINT (-87.6219716519 41.8774061234)"
"a128cf77159ae0bb715e48a566d744a82a0d566b","51d13e9ec1a04be36d87a3746e0e4f8c68ca5ed59e6f7af9b137af2d622f0d6bb6a4d3534788bd879e6841ba52d9b8efd7d1771a6a416cd441d1640987b63ec3","2023-12-31T22:00:00.000","2023-12-31T22:15:00.000","530","2.89",,,"76","76","10.5","3","0","4","18","Credit Card","City Service","41.980264315","-87.913624596","POINT (-87.913624596 41.9802643146)","41.980264315","-87.913624596","POINT (-87.913624596 41.9802643146)"
"d642d42a780046b959615f72e2ef62ea72d8eecf","26a53f41b40ca4ec225a15ff55054c0a2d9e4a48341ce95682596f2545c380d83287eaf73f920a605cf5993f70436c69808adfc634e475da3ae8a73895f6a4c1","2023-12-31T22:00:00.000","2023-12-31T22:30:00.000","1680","12.1",,,"76","3","32","9.1","0","4","45.1","Credit Card","Taxi Affiliation Services","41.980264315","-87.913624596","POINT (-87.913624596 41.9802643146)","41.96581197","-87.655878786","POINT (-87.6558787862 41.96581197)"
"b291e9c001a81032ccef83ac699ebf87d91ac3aa","6b50c5bb5761c3cb4853a8ca215dee42e63e922c7ebb0ce74cd52a2b3076c37ed38a45d19077a78a0bd19fe39c5e2efce4ed1ad13af2f2b67cbdb049839aae41","2023-12-31T22:00:00.000","2023-12-31T22:00:00.000","0","0",,,"40","40","3.25","0","0","0","3.25","Cash","Taxi Affiliation Services","41.792357223","-87.61793138","POINT (-87.6179313803 41.7923572233)","41.792357223","-87.61793138","POINT (-87.6179313803 41.7923572233)"
"d667d88872a63b68f102dda2a74bdbd8be009fd5","fa00293f740bb9c2bdaf0b119dfc057ebbe9ea87ae533da0e97a0bc475978f80f8e91ae04c8c4b1d2729685356a8a80a368f4093a16ec62261da341d0aecc400","2023-12-31T22:00:00.000","2023-12-31T22:15:00.000","752","1.51","17031839100","17031081500","32","8","8.5","0","0","2","10.5","Cash","Medallion Leasin","41.880994471","-87.632746489","POINT (-87.6327464887 41.8809944707)","41.892507781","-87.626214906","POINT (-87.6262149064 41.8925077809)"
"4d2298423c629f16191460775154bcf45abd983e","b3d64534f81ff06a34ae1001f3f6e3831011fb0f7a6f40e56dec4ac07d1e10861c2e5cd4faef78ba995357ec822b14115eb40cbd585f4d5a73a26e14b6b3525b","2023-12-31T22:00:00.000","2023-12-31T22:15:00.000","517","1.24",,,"6","6","9","2.78","0","0","11.78","Mobile","Taxicab Insurance Agency Llc","41.944226601","-87.655998182","POINT (-87.6559981815 41.9442266014)","41.944226601","-87.655998182","POINT (-87.6559981815 41.9442266014)"
"b4ad07ee450f254b89104fe898f6e060aace7c25","71299f519d81a7d3bd0fd6bb0d0f8ebd553ea3a851d0716b354091e93567cf9b964e9fc31976baa285d14cb41ec9a10b827266f66a1261aaaac00d542b2eec81","2023-12-31T22:00:00.000","2023-12-31T22:00:00.000","300","0.9","17031081500","17031320100","8","32","5.75","0","0","1","6.75","Cash","Globe Taxi","41.892507781","-87.626214906","POINT (-87.6262149064 41.8925077809)","41.884987192","-87.620992913","POINT (-87.6209929134 41.8849871918)"
"fe3083ca3bc7471a1a679e60b2e01cb03d5ad953","6fe3a00b45ce19e32d13df6abf236857b542db5a6bfed7ae16a090dc02f8d93f269f9b2b0b39e919cfad668d506db73a37f0787b1334b335016ccbd44531f626","2023-12-31T22:00:00.000","2023-12-31T22:00:00.000","462","2.77",,,"8","7","9.75","0","0","0","9.75","Cash","Flash Cab","41.899602111","-87.633308037","POINT (-87.6333080367 41.899602111)","41.922686284","-87.649488729","POINT (-87.6494887289 41.9226862843)"
"d4c639d4d9d2705b2f4fcd1c0e399f5f97bbfba0","89ef36585d68603f58ba7a6f23998ad78fd67f1a9a9ea4f38f06167114ca6d1b1b532e0f0ca38315d09542504b488d13865e6c372900a1c3ccf4acc044376134","2023-12-31T22:00:00.000","2023-12-31T22:15:00.000","762","5.03",,,"32","22","13.29","3.12","0","0","16.41","Mobile","City Service","41.878865584","-87.625192142","POINT (-87.6251921424 41.8788655841)","41.92276062","-87.699155343","POINT (-87.6991553432 41.9227606205)"
"0179a99b555ccbc18c3e54e6aa0bf9c8b016b97f","e12d7334916f68b0a80dadea0c0ed141260197404a9a15f695e498456fcfc2250f36e891548ef1e3a5dc58eb387788f54fe3f52f53b877d7a2b355a5ff83273b","2023-12-31T22:00:00.000","2023-12-31T22:15:00.000","1020","10.7",,,"56","40","28","0","0","0","28","Unknown","Taxi Affiliation Services","41.79259236","-87.769615453","POINT (-87.7696154528 41.7925923603)","41.792357223","-87.61793138","POINT (-87.6179313803 41.7923572233)"
"666839e77fb011229a67e725fdcaedb051d14325","39c5b1afbd9856f33218efea0a669e7c7f8c186197b83e22ad2bce7b2339d83ba2bbfdb1b5ae01ddb17c64d6450f4507baeb350dbddf82e5bc4871519d9b33d8","2023-12-31T22:00:00.000","2023-12-31T22:15:00.000","807","4.61","17031081500","17031060900","8","6","14.5","2.4","0","1","18.4","Credit Card","Flash Cab","41.892507781","-87.626214906","POINT (-87.6262149064 41.8925077809)","41.949829346","-87.64396537","POINT (-87.6439653703 41.949829346)"
"e94480283113e1b801dd6951f0927ab410a842b2","340a2b2a073da248753976c9b31637b48a63d1589ae25ed60e2c80e03a72ee762253825bb5b60dbb998415aeb885eeaaa75239cc87c91cd72000db13acf413b4","2023-12-31T22:00:00.000","2023-12-31T22:15:00.000","1298","6.93",,,"6","28","17.07","1","0","0","18.07","Mobile","City Service","41.944226601","-87.655998182","POINT (-87.6559981815 41.9442266014)","41.874005383","-87.66351755","POINT (-87.6635175498 41.874005383)"
"23d6b4391df3fa9c97b23ef48bea73b6b6e90225","70bca78835e8e92b04b46d111508f56c7b847abad90561822f7c7d5ae937f7c4350d671563050ab06c16fad39727bdc8d6a79bb92a215bb14f4bb52c48f8a82d","2023-12-31T21:45:00.000","2023-12-31T21:45:00.000","169","0.87",,,"6","6","5.25","0","0","0","5.25","Cash","Flash Cab","41.944226601","-87.655998182","POINT (-87.6559981815 41.9442266014)","41.944226601","-87.655998182","POINT (-87.6559981815 41.9442266014)"
"1a38ead7612d7733b7ba9f0ab4450f3885014b4a","9d5308a039a77963ed44f4b4435abd45f28eb7c4eb76694b0c22d09934295caaad8148b755db8512520ddcbaa4ad0525a545167bf95695974204e7a3ba76f625","2023-12-31T21:45:00.000","2023-12-31T23:30:00.000","6164","14.38",,,"48","28","35.5","0","0","0","35.5","Prcard","Flash Cab","41.729676423","-87.572717134","POINT (-87.5727171342 41.7296764229)","41.874005383","-87.66351755","POINT (-87.6635175498 41.874005383)"
"9663a76f086230bd85a25ee8aa4a9de92cfed5fb","511d5a90fddd5d591ca80c1c2969c190f8ad2997c0b6e9d1776a3864f2536814f53b603888e6ca6fa11e0e8625b02db335ef976a9a36e8d35b7d714e38e55bef","2023-12-31T21:45:00.000","2023-12-31T22:00:00.000","882","12.32",,,"21","76","31","0","0","0","31","Prcard","5 Star Taxi","41.938666196","-87.711210593","POINT (-87.7112105933 41.9386661962)","41.980264315","-87.913624596","POINT (-87.913624596 41.9802643146)"
"0b0fc910e1c448a15d5c6d551e9b08df4b8df9c8","3cdbbd850dee58fd415cce1b7af4256839cd5e6523328cf5a89e616601775c6474c0dde9a028971d7d0780907f3d7d5655ae4199e5148e095392bc0f7932049f","2023-12-31T21:45:00.000","2023-12-31T22:00:00.000","1140","6.4",,,,"76","19.75","4.85","0","4","28.6","Credit Card","Taxi Affiliation Services",,,,"41.980264315","-87.913624596","POINT (-87.913624596 41.9802643146)"
"9731bbb79dfd170a45a427680ffa2a9aa8817b98","19a89fbfe54b0564c6961e347f5faa1158413d94d42ac5f92d09417a75c4362f684b96c26fa660d1171cd110800d2b4e7c059ac469868867dd4ddda0844a8672","2023-12-31T21:45:00.000","2023-12-31T22:00:00.000","543","2.04",,,"6","7","9","1.69","0","0","10.69","Mobile","Taxicab Insurance Agency Llc","41.944226601","-87.655998182","POINT (-87.6559981815 41.9442266014)","41.922686284","-87.649488729","POINT (-87.6494887289 41.9226862843)"
"bbc864edaf7b593881c568eca290a51ef9adef12","b2949139bf976ce9b80d79cfc2acd4889a2e5939dae4444360fa0e3146c41935be1c6b00b7201f19cb57e19ceee3ef4267f1a6c38d167e6ac31c06529b077fd5","2023-12-31T21:45:00.000","2023-12-31T21:45:00.000","0","0","17031320100",,"32",,"6.5","0","0","1","7.5","Cash","Taxi Affiliation Services","41.884987192","-87.620992913","POINT (-87.6209929134 41.8849871918)",,,
"16e7f9c9dc33696f071a73e47381aabe56b31fc1","75c241a8b2324240c8056df32672d4fd58a20c9c7c39e7aa2495464ebe46387030a429181a29e4b9868d8bba16fd7d1bb8b3fa0fc522c63298efd8fc01a9eb16","2023-12-31T21:45:00.000","2023-12-31T21:45:00.000","5","0",,,"8","8","20","3.08","0","0","23.58","Credit Card","Flash Cab","41.899602111","-87.633308037","POINT (-87.6333080367 41.899602111)","41.899602111","-87.633308037","POINT (-87.6333080367 41.899602111)"
"e2a635aaf9c136b28aec8b338a707f0c82382e40","354fafd255c37a15b0c8f6f67d810b3e5374f54ebbadb9ba170319e9df32e3745eb1a1f99568bede724b24a963e774e43fc04f971aebba2ae60693cb834e5e98","2023-12-31T21:45:00.000","2023-12-31T22:15:00.000","1855","14.04",,,"56","8","37.75","0","0","5","42.75","Cash","5 Star Taxi","41.79259236","-87.769615453","POINT (-87.7696154528 41.7925923603)","41.899602111","-87.633308037","POINT (-87.6333080367 41.899602111)"
"9fce82f9c6918b99655fd90287460c274cf5c9d9","76195767851c0e4807795915d7a0579a1c625c2eae552b36d989d32a60ca58318ca88fe17fcd825ceab7b45cb639e7c77d7b4a44629afa03f6f85b4e62c1d6b0","2023-12-31T21:45:00.000","2023-12-31T21:45:00.000","600","0.3",,,"76","10","16.25","5","0","4","25.25","Credit Card","Taxi Affiliation Services","41.980264315","-87.913624596","POINT (-87.913624596 41.9802643146)","41.985015101","-87.804532006","POINT (-87.8045320063 41.9850151008)"
"0476deb208cde7b63d8e3a9ee487060938e03620","38628169e76729f1997d73048677f82098e28b1b4d0d71cec5cd5d1599211c2d96bd3009a215b14b7b92a529406310fe2067060435853e9fcb939c8df3668353","2023-12-31T21:45:00.000","2023-12-31T22:00:00.000","900","1.3","17031081700","17031081700","8","8","8.75","0","0","1","9.75","Cash","Globe Taxi","41.892042136","-87.63186395","POINT (-87.6318639497 41.8920421365)","41.892042136","-87.63186395","POINT (-87.6318639497 41.8920421365)"
"7c5cd488585e6a70054f3db24f5b8841e34e6272","6f3c8bee0eb9f2eb5b7bd4c279792dbf7c2e1bd5f5c6db017087b4ee58875dc8552fb74f6345eb0e21afa044814a63c14079116be3fdd3708eea8d28d6b52f47","2023-12-31T21:45:00.000","2023-12-31T22:00:00.000","494","1.72",,,"7","8","8","0","0","0","8","Cash","Flash Cab","41.922686284","-87.649488729","POINT (-87.6494887289 41.9226862843)","41.899602111","-87.633308037","POINT (-87.6333080367 41.899602111)"
"74bf29ba58a0daa7e0ab6105cd6f26773257ca4b","e2ee1c538fd08e5d895c4d2a62d821b601034db0cebece847cee7bad31c3b479de3cda6182836fb5ef9ed360732c30bd7dbaccde463ac0a582ce1b44a941c73c","2023-12-31T21:45:00.000","2023-12-31T21:45:00.000","15","0",,,"6","6","45","5","0","0","50.5","Credit Card","Taxicab Insurance Agency Llc","41.944226601","-87.655998182","POINT (-87.6559981815 41.9442266014)","41.944226601","-87.655998182","POINT (-87.6559981815 41.9442266014)"
"0da7e21cbe595771e28bc88786857647e392c67d","259d38cfdbc9ac6f9bb01f0df740e0ddf4a631a70bbdd6525862b20b7ed0e0554dbbde64c2955b8b6f41468c8970e5507490db36348f884461783472621bda08","2023-12-31T21:45:00.000","2023-12-31T22:00:00.000","900","2.1",,,"8","32","10.5","2.75","0","0","13.25","Credit Card","Taxicab Insurance Agency, LLC","41.899602111","-87.633308037","POINT (-87.6333080367 41.899602111)","41.878865584","-87.625192142","POINT (-87.6251921424 41.8788655841)"
"f863f6650b27ae2bdf8eb65af7cbfb94c2f4b5ff","73c53bd1d015d25541aa53570b7f1dd2227cf25b2bed0c08ea9c6099486dd35610416f2bf9937bafe3519b2fbbedd051c719c7b50af95eab8079e03ae86992af","2023-12-31T21:45:00.000","2023-12-31T22:00:00.000","720","0",,,"33","33","7.75","0","0","0","7.75","Cash","Taxi Affiliation Services","41.857183858","-87.620334624","POINT (-87.6203346241 41.8571838585)","41.857183858","-87.620334624","POINT (-87.6203346241 41.8571838585)"
"1403cd51ec7c8a22a2cb9f207d283ec29635998c","2659a61c08f91c6efd9e7d7947a00006a7bc26aa518241786d51cb05c853cdd86fdd1adc4010867706a2daa9f0da856cb2d7a705c111d3c89e53f5499741247e","2023-12-31T21:45:00.000","2023-12-31T22:00:00.000","762","3.98",,,"32","24","11.68","1.38","0","0","13.06","Mobile","Globe Taxi","41.878865584","-87.625192142","POINT (-87.6251921424 41.8788655841)","41.901206994","-87.676355989","POINT (-87.6763559892 41.9012069941)"
"6273e43e12e924b4f84534914a9386aeb0a59a85","7d8179131ea9952793af4cda8635e94b56c2b92d3c376cd92517f7319ec4a3031207af4d7b8165367e1f8a185275814ab89c26ace551ac3bf96a04ea174371c1","2023-12-31T21:45:00.000","2023-12-31T22:15:00.000","1930","6.75","17031081500","17031060900","8","6","22.25","2.28","0","0","25.03","Mobile","5 Star Taxi","41.892507781","-87.626214906","POINT (-87.6262149064 41.8925077809)","41.949829346","-87.64396537","POINT (-87.6439653703 41.949829346)"
"36d364b9a756281cb8abfe01a7c19335ddfa0678","f1ed8794238deb1c8f7c3759aa096ae20e3e769cc4c9ad6b0b5622db04a03ad19f07235a1fb70f90e0402c5d563ced420495c06f0ecb27469bc95d56af5841c8","2023-12-31T21:45:00.000","2023-12-31T22:00:00.000","290","0.72",,,"28","28","9","1.67","0","0","10.67","Mobile","Flash Cab","41.874005383","-87.66351755","POINT (-87.6635175498 41.874005383)","41.874005383","-87.66351755","POINT (-87.6635175498 41.874005383)"
"c0841be6d5650b7620b3f795c52c30383f9432f4","31be1d0f5781cd789da14c7d6ad558cc03898eba376986b37fcf99ca374f385f3f557b62e778548489089f190323d42d930107aa672ebcb0417cfd8251814487","2023-12-31T21:45:00.000","2023-12-31T21:45:00.000","661","1.27",,,"32","8","8","0","0","0.5","8.5","Cash","Flash Cab","41.878865584","-87.625192142","POINT (-87.6251921424 41.8788655841)","41.899602111","-87.633308037","POINT (-87.6333080367 41.899602111)"
"486bf2244c9bb8a1c8f170feb44dcff6b4e5102f","3ae83cc261cea27eafc3d9b18bbc93100c03762e8b6971ee60ec7c34e975fde969dfaad88186def33c7205ef5aa98f5fc01f8419f70f7f30ab5b8af02663a2e3","2023-12-31T21:45:00.000","2023-12-31T22:00:00.000","600","0.2",,,"32","7","12.75","2","0","0","14.75","Credit Card","Taxi Affiliation Services","41.878865584","-87.625192142","POINT (-87.6251921424 41.8788655841)","41.922686284","-87.649488729","POINT (-87.6494887289 41.9226862843)"
"6223f3978dbf15e1c26a337cb2066fa773325bc2","14d334d4d5d6eb8415d5d0e700208f29bcef1731ad139642e999bf4cd30a8d59ce127f22ee33bee510b036ad11414480e52f42317f4a19b6019634e494585765","2023-12-31T21:45:00.000","2023-12-31T21:45:00.000","439","1.96",,,"28","24","9","2.14","0","0","11.14","Mobile","Globe Taxi","41.874005383","-87.66351755","POINT (-87.6635175498 41.874005383)","41.901206994","-87.676355989","POINT (-87.6763559892 41.9012069941)"
"f79da63125969d9f6cb3cbbdaa959e38be3b184c","644680ecf5bbb5af6329b0c9d4595c39344cd6c50fababc6e2e17811d9cfe0d67ac4a8b828340bf260428913ffd4b8b82dfaa8e1e83da0e939723ee47ae034c9","2023-12-31T21:45:00.000","2023-12-31T22:15:00.000","1505","13.53",,,"56","41","35","0","0","5","40","Cash","Sun Taxi","41.79259236","-87.769615453","POINT (-87.7696154528 41.7925923603)","41.794090253","-87.592310855","POINT (-87.592310855 41.794090253)"
"f70857607d54d187e257462ef03493e93a49ce5c","b951b7af9a405d88275b77b6a04970bc2085661297b5e62a397c8e1431d3e86ed4b7a2ae5f5818bfd16b8656bbbbbc830221458b697de216dccc749720884b0d","2023-12-31T21:45:00.000","2023-12-31T21:45:00.000","145","0.28","17031081700","17031081800","8","8","4","0","0","1","5","Cash","5 Star Taxi","41.892042136","-87.63186395","POINT (-87.6318639497 41.8920421365)","41.89321636","-87.63784421","POINT (-87.6378442095 41.8932163595)"
"257153065a66f3459923fbb0351561be2898e039","ba6d0f35891edcd565a8a422ae7dcf92468e995bee7d880a33aac2e940584d874a618bd31bd008cc1613debbb47d58fa29955594d4fc7c6e480ce52cd3783472","2023-12-31T21:45:00.000","2023-12-31T22:15:00.000","1355","9.89",,,"43","32","21.85","3.74","0","1","26.59","Mobile","Taxicab Insurance Agency Llc","41.761577908","-87.572781987","POINT (-87.5727819867 41.7615779081)","41.878865584","-87.625192142","POINT (-87.6251921424 41.8788655841)"
"975151cb9443403cfcbf89b0d3d369164843ecfb","54270f3cd6c3f5c7377ece5ea2403dcbf079610ddf47169b6c72631baab3571bff2f224d626cf61c9c0f52686bbba62f3bcf3c5cf5cbf7b30fd4b091415e9038","2023-12-31T21:45:00.000","2023-12-31T22:00:00.000","1144","10.76",,,"35","3","28.25","0","0","0","28.25","Prcard","Flash Cab","41.835117986","-87.618677767","POINT (-87.6186777673 41.8351179863)","41.96581197","-87.655878786","POINT (-87.6558787862 41.96581197)"
"7f14f398c99a29178c4e1ad86deea14ce7e77c16","924ad289d7377302678c3954095a96778a3a5b2a9a2a69d5335f59ff00e672ea71a0d95fe058ecfa5d53fb86dc1eba63a1af3e51ab33ec04e8b5a679c91f564b","2023-12-31T21:45:00.000","2023-12-31T22:00:00.000","900","0",,,"76",,"24.25","0","0","5","29.25","Cash","Taxicab Insurance Agency, LLC","41.980264315","-87.913624596","POINT (-87.913624596 41.9802643146)",,,
"0dd2038f2e33d6f8299ec0789acecd2f6e7aee1e","98a68977816db353e8cb08eaff4e3371612966c57d4afc943708d3b9ed0d1ffb269884ee5817f010e08b2a7599a91c369e43827d0d6a60a1cf6e009aaa46a375","2023-12-31T21:45:00.000","2023-12-31T22:00:00.000","660","2.9",,,"56","65","10.75","3.05","0","4","17.8","Credit Card","Chicago City Taxi Association","41.79259236","-87.769615453","POINT (-87.7696154528 41.7925923603)","41.769778059","-87.726929842","POINT (-87.7269298425 41.7697780588)"
"0a31fcfff2ef8c11ce5c650d3ccccc13d548189e","083b7260314e48be5e10a9191da36fb2c0974b91499a5445d8a895ce901d4458b2a95e4fda48ae1ab55dfac3302268fbf967709c30ef58135041ce5d7d844065","2023-12-31T21:45:00.000","2023-12-31T22:00:00.000","720","0.9",,,"8","8","7.5","3","0","1","11.5","Credit Card","Taxi Affiliation Services","41.899602111","-87.633308037","POINT (-87.6333080367 41.899602111)","41.899602111","-87.633308037","POINT (-87.6333080367 41.899602111)"
"16a8a714de4ccffd97352427b9eb60883a175c11","b7a562fe2d37014bb47274cb5baa361b97ff9263e3ba526848a1cef5749ff3589c63e8c2aa49dcaf8fce7899b1b135e3399c7a1785c24fe82f52ed729359bde8","2023-12-31T21:45:00.000","2023-12-31T22:15:00.000","960","9",,,"56","34","23.75","3","0","4","30.75","Credit Card","Taxi Affiliation Services","41.79259236","-87.769615453","POINT (-87.7696154528 41.7925923603)","41.842076117","-87.633973422","POINT (-87.6339734222 41.8420761168)"
"df67718c52e6b3b11b1ddb55f42b73806c2916e1","252ada1a45e512d3d038a61eb1832c0eec8e3c8dce58336f73d774bea49e0f203635dbc583d2135f060a5cd63c9ea7f6ac787f546ffa0b80daabd6e39eebe4f1","2023-12-31T21:45:00.000","2023-12-31T22:00:00.000","1140","16.5",,,"76",,"41","12.35","0","8","61.35","Credit Card","Taxi Affiliation Services","41.980264315","-87.913624596","POINT (-87.913624596 41.9802643146)",,,
"71753300e96e2acdb23837a0c891932f49ac2895","0e2c8a33dc327556ea419177e26876b6064be9d7ca86d9ac1e2e3430f13d4451099a3784eddbd442b6ee75775eda1d1f854691c9f781f3de1d0dea357ae29ab5","2023-12-31T21:45:00.000","2023-12-31T22:00:00.000","1097","1.79",,,"8","3","10.75","0","0","2","12.75","Cash","Blue Ribbon Taxi Association","41.899602111","-87.633308037","POINT (-87.6333080367 41.899602111)","41.96581197","-87.655878786","POINT (-87.6558787862 41.96581197)"
"0cc4a2ec804ca334d10bbf9351db32d8bcac7c6d","9ed3d450497cbb3cb1093ac395f7b7b2a9830718003318069dc3ec3eb577cd4c09d71c9c5eea370e4f9371b8e51df8f08e0e0b79407196c7dedfcfea700e2e6a","2023-12-31T21:45:00.000","2023-12-31T22:45:00.000","4282","5.2",,,"7","16","32.75","6.65","0","0","39.4","Prcard","Flash Cab","41.922686284","-87.649488729","POINT (-87.6494887289 41.9226862843)","41.953582125","-87.72345239","POINT (-87.7234523905 41.9535821253)"
"190861eefe719b63d6b26c569b8a831f4fecbe3b","268adf547f9027a7e3272f0c2ca392dba34fd3e2e1fd4adf868ba868605cb2948221a4eb23ccda3ebe05996a32f12138f82a0b981c5c7baa75f76075d7f4b975","2023-12-31T21:45:00.000","2023-12-31T22:15:00.000","1157","3.81",,,"6","6","14","2.9","0","0","17.4","Credit Card","Flash Cab","41.944226601","-87.655998182","POINT (-87.6559981815 41.9442266014)","41.944226601","-87.655998182","POINT (-87.6559981815 41.9442266014)"
"8139f60b71c7e11bdc90cb66ec45c5ad8fec0031","c3fe9312c9722befcf39d581225faa3d8dfae24c783c7443d360a6ffd567782720616e61ad54176b81d68a5611199c2fa710d69cc8427bc3d9d08bd8f9bab052","2023-12-31T21:45:00.000","2023-12-31T22:00:00.000","730","2.17",,,"7","6","9","1.68","0","0","10.68","Mobile","City Service","41.922686284","-87.649488729","POINT (-87.6494887289 41.9226862843)","41.944226601","-87.655998182","POINT (-87.6559981815 41.9442266014)"
"3c318317fbdb7c47ae1abc6fc01c436ff281d2c5","6898e40854937399e0ef25dad63740d21b20593439090721b2f747b039ab24c5e74ebda726b98515a4b4c6b7dd9f87717cfc7c1b52e3a8b4d52245214f09d229","2023-12-31T21:45:00.000","2023-12-31T22:00:00.000","528","3.01",,,"22","28","9.62","2.29","0","0","11.91","Mobile","Flash Cab","41.92276062","-87.699155343","POINT (-87.6991553432 41.9227606205)","41.874005383","-87.66351755","POINT (-87.6635175498 41.874005383)"
"f8f7d641f810ce9537f4a2cfc852d745d3ee4903","cce8f048747a1a8e42aa1ee9a448645d311ad388dbd9f1340fcbb267e82253f78d4f9e3ba1cc2934d983a74ca587224502d1fba4237fb1fb3cfa2f783398aec2","2023-12-31T21:45:00.000","2023-12-31T22:00:00.000","408","0.78",,,"8","8","6","0","0","1","7","Cash","Blue Ribbon Taxi Association","41.899602111","-87.633308037","POINT (-87.6333080367 41.899602111)","41.899602111","-87.633308037","POINT (-87.6333080367 41.899602111)"
"aa92d6e9c26fa55f105e1fa34dd154b4a936f4fa","3cf614bd7410ac2d0334dd9e1275a2d1c5a3ede41a98a5dcf8203a72226ef1387ccaf9f9b24cbb58a4d7deac95252390f81ea44107dbe33aa10157b79f80fd4b","2023-12-31T21:45:00.000","2023-12-31T22:15:00.000","1560","0.7",,,"76","6","33.5","0","0","6","39.5","Cash","Taxi Affiliation Services","41.980264315","-87.913624596","POINT (-87.913624596 41.9802643146)","41.944226601","-87.655998182","POINT (-87.6559981815 41.9442266014)"
"bbe8f0610038498d429595b462b2d51744608e3c","0881b7b36b4aad06e5ee59472465b15a6620637f694aae59e671eae69d6813cbce85e8da46949f71f5bd94b08f1db3323debbd8333302d97d22584ef366b2e10","2023-12-31T21:45:00.000","2023-12-31T21:45:00.000","360","0.6","17031081700","17031081600","8","8","5.5","25","0","0","30.5","Credit Card","Taxi Affiliation Services","41.892042136","-87.63186395","POINT (-87.6318639497 41.8920421365)","41.892072635","-87.628874157","POINT (-87.6288741572 41.8920726347)"
"9d4f59a3fdbd1e2486cca691a275defd50723520","50e6045759886233d0e834d9877f52debc185d92adbdaea09c474fdb6bb74418582eb835060c0808bf7e6f030ce38ab8a76e36e7b219e6893eec6bf6768fd3dd","2023-12-31T21:45:00.000","2023-12-31T22:15:00.000","1440","0.9",,,"56","8","36.5","0","0","4","40.5","Cash","Taxi Affiliation Services","41.79259236","-87.769615453","POINT (-87.7696154528 41.7925923603)","41.899602111","-87.633308037","POINT (-87.6333080367 41.899602111)"
"92a68217131f439d61f943152dccb71673e066b6","e67435947a69850f5a0c07e3cc52ce2e17e2e792caf483c34871b115c025380ab8b77ea61c2f0e31919a33235f8d8400eadcd2ed14d3e6fdac34795ac521e75b","2023-12-31T21:45:00.000","2023-12-31T22:00:00.000","1194","15.75",,,"69","21","64.68","0","0","0","64.68","Cash","Flash Cab","41.763246799","-87.616134111","POINT (-87.6161341112 41.7632467988)","41.938666196","-87.711210593","POINT (-87.7112105933 41.9386661962)"
"70b7faca363d38e12ee712fddfd89b661e37d3e3","32f1eebe57165cc17acba84eb8bb85d69a063ed0e5e15e108a68bc4548403834ab9c888ed3c3d474d10a0f95d498a5a9a0ef801331a61db60adec230c48e61b0","2023-12-31T21:45:00.000","2023-12-31T22:00:00.000","500","0.87","17031081500","17031081401","8","8","6.75","0","0","1.5","8.25","Cash","Chicago Independents","41.892507781","-87.626214906","POINT (-87.6262149064 41.8925077809)","41.89503345","-87.619710672","POINT (-87.6197106717 41.8950334495)"
"217d62b2931cf33ba4635e170caf9eb9ae7172bf","e8f673c7d74913eef9b2c58975502e30884a6d7c93a80264c9ef1ee7a3a44652b66f8f74348e5f7b62dc458b19ef474b8c0801463178f03b03bd08f768c42c4e","2023-12-31T21:45:00.000","2023-12-31T22:00:00.000","660","3.5","17031980000","17031770700","76",,"12","11.5","0","6","29.5","Credit Card","Taxi Affiliation Services","41.97907082","-87.903039661","POINT (-87.9030396611 41.9790708201)","41.982775009","-87.8773054","POINT (-87.8773053996 41.9827750091)"
"481e31a29e7b35d6fc7cad6dc72d2aa9998b4035","1d68f4a1c3b620f920838643bf3801e757b6791f86700abce6ca5936659e046f715635d4bda0aadcedb6df46949cf9d74003f214779efdd04138bd36adf5d9c9","2023-12-31T21:45:00.000","2024-01-01T04:00:00.000","22201","13.6",,,"22","76","151.75","0","0","0","151.75","Cash","Sun Taxi","41.92276062","-87.699155343","POINT (-87.6991553432 41.9227606205)","41.980264315","-87.913624596","POINT (-87.913624596 41.9802643146)"
"deb6ad5274b9ba09897fc4ca0f150723183866a7","e3e6b8c30a2d2b1ae95947f7c2226de681315ddfe6c7d9040703b820fbd11bb02568e2ce894f98c320a4d6be526b182a53bd6c022310937dd8d7bd7bf0e77454","2023-12-31T21:45:00.000","2023-12-31T22:15:00.000","1953","14.37","17031980000","17031060900","76","6","37.75","10.56","0","4","52.81","Credit Card","Medallion Leasin","41.97907082","-87.903039661","POINT (-87.9030396611 41.9790708201)","41.949829346","-87.64396537","POINT (-87.6439653703 41.949829346)"
"929a1c46310b5d873738b467d932e3a7912ed78b","6b50c5bb5761c3cb4853a8ca215dee42e63e922c7ebb0ce74cd52a2b3076c37ed38a45d19077a78a0bd19fe39c5e2efce4ed1ad13af2f2b67cbdb049839aae41","2023-12-31T21:45:00.000","2023-12-31T22:00:00.000","960","9.4",,,"8","40","25","0","0","0","25","Unknown","Taxi Affiliation Services","41.899602111","-87.633308037","POINT (-87.6333080367 41.899602111)","41.792357223","-87.61793138","POINT (-87.6179313803 41.7923572233)"
"d10511edb55c76e31341ec0d1c324bf96bb4ea70","6b8bec9d4caa49041a1f5d31240ff8fa2e4c571aec89212efffdb018e288409c56b8659ff555e920b65af1f26b23cffe8c63f656f9875ea1a44b393ecd40a149","2023-12-31T21:45:00.000","2023-12-31T22:00:00.000","1039","3.76",,,"6","28","12.12","2.86","0","0","14.98","Mobile","City Service","41.944226601","-87.655998182","POINT (-87.6559981815 41.9442266014)","41.874005383","-87.66351755","POINT (-87.6635175498 41.874005383)"
"0035c6204581b5b01f26bfce283760bbd715283f","46c4778c3a32454511f96752c509c608955e293da45dbf245bf9eba5bef28916b7b61295d27aa8f61e4ad63b264051057ace630bce41b8aff5bc6853585fed15","2023-12-31T21:45:00.000","2023-12-31T22:00:00.000","720","5.7",,,"76",,"16.25","5.4","0","5","26.65","Credit Card","Taxi Affiliation Services","41.980264315","-87.913624596","POINT (-87.913624596 41.9802643146)",,,
"cddd1ee1819d56ecef30025e445b6fca5d99461b","91a036e3de3c1f459f2664801ea9388870751ae14e196e5be1caa84093318244f75aad0dbecdb8f5f6d2fb9ceec9c03c57acb5309769a88c68d06a49b157dae8","2023-12-31T21:45:00.000","2023-12-31T22:00:00.000","421","0.58",,,"8","8","5.75","0","0","0","5.75","Cash","City Service","41.899602111","-87.633308037","POINT (-87.6333080367 41.899602111)","41.899602111","-87.633308037","POINT (-87.6333080367 41.899602111)"
"1a4ae6e6dcac1832e36cb7d470e00f7f2ab93f4c","1d8661cf286a18a5105e132056c2aadf0b81a551e440fe24a277bd7788b745781717403d591c77238dee781850e9d9ca17c5afb07b61cf15569d98ff41caf179","2023-12-31T21:45:00.000","2023-12-31T22:00:00.000","687","1.64",,,"28","8","9","1.89","0","0","10.89","Mobile","Chicago Independents","41.874005383","-87.66351755","POINT (-87.6635175498 41.874005383)","41.899602111","-87.633308037","POINT (-87.6333080367 41.899602111)"
"a8b2d183912c63a78a851553faaa1a0bca5d6dde","79014a1d9bac0ae75f1186aca772109bee4f98041d004dd51f6a256c96372dc38ef493577dd53d99569c1980bb775632e28fe4404f393b8ad9c98d56554a2379","2023-12-31T21:45:00.000","2023-12-31T22:00:00.000","900","0.1",,,"8","33","12.5","4","0","1","17.5","Credit Card","Chicago City Taxi Association","41.899602111","-87.633308037","POINT (-87.6333080367 41.899602111)","41.857183858","-87.620334624","POINT (-87.6203346241 41.8571838585)"
"81209bcee82e2920163952c39eede6e74f4e3d8a","b2faa1d3e1b91bb0e84ca332617afa61667a5e8d8bc09867a441a8fba87bc8b82c0e3d0be873b2a142f0fdcc94a003101cc022009d68c05d8c0a6651b8d980fa","2023-12-31T21:45:00.000","2023-12-31T21:45:00.000","369","0.84",,,"8","8","6","0","0","0","6","Cash","5 Star Taxi","41.899602111","-87.633308037","POINT (-87.6333080367 41.899602111)","41.899602111","-87.633308037","POINT (-87.6333080367 41.899602111)"
"2ea99255be551e26633d1e4c8217e751e1f0a7fe","d6e1a9e103336c396201abe9ceb00795fcd41e14ccbf548bddc575066b1624fed9b5b8f6a4da7feaac63928742dc21554af766c0e71eef4bfa910191fe8ad001","2023-12-31T21:45:00.000","2023-12-31T22:00:00.000","873","1.8",,,"32","8","9.75","0","0","3.5","15.75","Cash","Flash Cab","41.878865584","-87.625192142","POINT (-87.6251921424 41.8788655841)","41.899602111","-87.633308037","POINT (-87.6333080367 41.899602111)"
"4e26752d94c05f5ce41128000f06d90e70b9a80e","3ce163544d141c0d3d792160204b0da396d82b387fd1a84e7e0b495e2a90c4f567557048a9bcbad3ee0632571e52a1e6b0f8bdeac024329c5a4bf36fb8e66912","2023-12-31T21:45:00.000","2023-12-31T22:00:00.000","618","5.53",,,"8","3","16","0","0","0","16","Cash","Taxicab Insurance Agency Llc","41.899602111","-87.633308037","POINT (-87.6333080367 41.899602111)","41.96581197","-87.655878786","POINT (-87.6558787862 41.96581197)"
"f3df8111d98a1914e30f05e934b7c2b410c11d0f","1ea5004ae3f44bd45e15417e3f740814c9d18093801d65dfbb6acf7e7d67ef2d1a68a572d1f7459788ba66b2a0395c3738b5f3055f69f9bde7d26ac771a28f06","2023-12-31T21:45:00.000","2023-12-31T22:00:00.000","467","0.83","17031320100","17031081500","32","8","6.25","2","0","0","8.75","Credit Card","Sun Taxi","41.884987192","-87.620992913","POINT (-87.6209929134 41.8849871918)","41.892507781","-87.626214906","POINT (-87.6262149064 41.8925077809)"
"1355ae2191cbe1177d0522136d9472f5fcdb3e19","cefcf124c1b1156a94b0d3c6edd07763849c63f800638f3fc436c7fa380a3b2816da93bfb9770a3815bfb17cce670956e235f5d541d15497aa8e775e97c7ce49","2023-12-31T21:45:00.000","2023-12-31T22:15:00.000","1980","0.8",,,"76","1","40.5","0","0","5","45.5","Cash","Taxi Affiliation Services","41.980264315","-87.913624596","POINT (-87.913624596 41.9802643146)","42.009622881","-87.670166857","POINT (-87.6701668569 42.0096228806)"
"945d24f62f9958f8d4e11584c2f989ed73d441b6","d12b9e3cb8201f4c58e7d3ad3a970bb83f46788415f5d9d81a37fda3765b84dc2ce337a58cfeb7c5ba0c712460353b85799e69232f5e75cded26080cb06485a2","2023-12-31T21:45:00.000","2023-12-31T22:00:00.000","705","1.14","17031281900","17031320100","28","32","7.75","2","0","1","11.25","Credit Card","Medallion Leasin","41.879255084","-87.642648998","POINT (-87.642648998 41.8792550844)","41.884987192","-87.620992913","POINT (-87.6209929134 41.8849871918)"
"4ddf5c00d9b0fc2654db09c26b1f4d8bd61b8cbf","42560393a9c9b9ae28339f4b5aec77fd89bd49916ad54175d9ee679d69939f973c177065f2816d7990a6663a07270335a4a852190c3258497ba7978edced68c8","2023-12-31T21:45:00.000","2023-12-31T22:15:00.000","1461","13.76",,,"6","69","35.25","0","0","0","35.25","Cash","Patriot Taxi Dba Peace Taxi Associat","41.944226601","-87.655998182","POINT (-87.6559981815 41.9442266014)","41.763246799","-87.616134111","POINT (-87.6161341112 41.7632467988)"
"a7298ea0f0d51d45bf451fd6d3e914fc3a9be1d6","da344b3cd0e4fa07f30b6373fd40f9ea8456e9a799949258ec453ba9e279cc10028c4841290c311bd7b250f930166fc689069642bae8feb4e35297eca526ca9c","2023-12-31T21:45:00.000","2023-12-31T22:00:00.000","947","3.16",,,"8","24","10.77","1.28","0","0","12.05","Mobile","Taxicab Insurance Agency Llc","41.899602111","-87.633308037","POINT (-87.6333080367 41.899602111)","41.901206994","-87.676355989","POINT (-87.6763559892 41.9012069941)"
"0fd8c4733736dfb2019345df7e93c835c2ec3cab","ff214d6d48867d32b43c8caf27613acc83d3a03a290c37659d151ae353defa9fae8670e2efc03e4d81ada96ed6fdb0d3e8fbbca81595112a8e47ef8de2eb4a1c","2023-12-31T21:45:00.000","2023-12-31T22:15:00.000","1740","18.5",,,"76","31","46","0","0","4","50","Credit Card","Taxi Affiliation Services","41.980264315","-87.913624596","POINT (-87.913624596 41.9802643146)","41.850266366","-87.667569312","POINT (-87.667569312 41.8502663663)"
"7453f085e444fb05033eda163d04e1f98a96a0ea","4bb55b69e710d1792f5fd4888001f4ff0ce34040f976f8dd0307a1b5846f9a5f8855d2ab73ede4ba5167f8101c22dba1ff68f2a6d8a402ebafca9cbab923f694","2023-12-31T21:45:00.000","2023-12-31T22:00:00.000","378","1.3",,,"28","32","6.75","3","0","0","10.25","Credit Card","Medallion Leasin","41.874005383","-87.66351755","POINT (-87.6635175498 41.874005383)","41.878865584","-87.625192142","POINT (-87.6251921424 41.8788655841)"
"cf854d25d8e916a6e5bc51cbcff69ff2fffc7f4c","f68eb3233f3e33e98e337a0442bfe5eb660e6f58de5df0bf5950f92efae803e34c430d71038e2d6a0d2472595c305e4f54be0c42f946d3971af121f08734ac08","2023-12-31T21:45:00.000","2023-12-31T21:45:00.000","472","0.73","17031081201","17031081300","8","8","6.25","4","0","0","13.25","Credit Card","Sun Taxi","41.899155613","-87.626210532","POINT (-87.6262105324 41.8991556134)","41.898331794","-87.620762865","POINT (-87.6207628651 41.8983317935)"
"640c88a9a1d9503e506b352274c636aa7a96828b","6bc975b054cd112a098b45c12b9757d29fe9abd8103cc378b4b45873e0dfa0d4182cf841ae55f6f28074dcf212edef898f1fae8f952247302a42d5cd5a65e1e3","2023-12-31T21:45:00.000","2023-12-31T21:45:00.000","116","0",,,"32","32","9","2.22","0","0","11.22","Mobile","Flash Cab","41.878865584","-87.625192142","POINT (-87.6251921424 41.8788655841)","41.878865584","-87.625192142","POINT (-87.6251921424 41.8788655841)"
"6bfbf3db7108a29b70fd6876b1d7f93f9c822973","e829f46ff837c26216299fcead9868938026c1dc0e89c0a4f3d8e202395029321d21b0efe19723fc755c18b60443e96466f740ba012010e5392a344f83efa695","2023-12-31T21:45:00.000","2023-12-31T21:45:00.000","358","0.58",,,"8","8","9","2.22","0","0","11.22","Mobile","City Service","41.899602111","-87.633308037","POINT (-87.6333080367 41.899602111)","41.899602111","-87.633308037","POINT (-87.6333080367 41.899602111)"
"cba5699edec3f61e2ecf204b87cbfaba8963434b","da1f1726f4ce251e2be79a9d7062ffb2298080117049d80900116e18d9beeb6892e561a91e53af84f46d513fd509b77070b532b85d6695dede4bc1eecbaaaaf6","2023-12-31T21:45:00.000","2023-12-31T21:45:00.000","300","0.7",,,"8","8","5.25","2","0","1","8.25","Credit Card","Taxi Affiliation Services","41.899602111","-87.633308037","POINT (-87.6333080367 41.899602111)","41.899602111","-87.633308037","POINT (-87.6333080367 41.899602111)"
"fa24d6d1b76286bf7a27723984e9b7de0d8845f5","a0cdba8d4e07e8a004a922fcafc76fb8f0105e33b923470f5d4fcb5da605c8a1c260654d038e830f2f94af40f49b296e88e4754a2cf30611d17d423db46bc433","2023-12-31T21:45:00.000","2023-12-31T22:00:00.000","1300","8.57",,,"56",,"23.25","0","0","5","28.25","Cash","Taxicab Insurance Agency Llc","41.79259236","-87.769615453","POINT (-87.7696154528 41.7925923603)",,,
"09631f1485e4978dda9c478302c2f436eb6bc4e5","1a1189d1e9f4f676bbeaf49903912684b94453576a234f5d936dd20a4c68663576906b385222d8e26caaacefdad8a154d7dd0cda53857350c7ea755e7a51bcfc","2023-12-31T21:45:00.000","2023-12-31T22:00:00.000","1232","9.66",,,"76","14","26.25","0","0","5.5","31.75","Cash","Sun Taxi","41.980264315","-87.913624596","POINT (-87.913624596 41.9802643146)","41.968069","-87.721559063","POINT (-87.7215590627 41.968069)"
"d3e504a39db826d690ee4c18fcf1e3403d83c8eb","b14a5aa31a4e5843bf3a6ea4433cc6540165b844ac5bbae6054a8a68e07d9a133716f94c4c902d1b83a330c9a17771246e50b46e280495dc354c9dd4b3941464","2023-12-31T21:45:00.000","2023-12-31T22:00:00.000","417","1.01","17031081300","17031081402","8","8","6.25","0","0","1.5","7.75","Cash","City Service","41.898331794","-87.620762865","POINT (-87.6207628651 41.8983317935)","41.891971508","-87.612945414","POINT (-87.6129454143 41.8919715078)"
"bdbee1737c37772a00af911157aeaa19c9a03631","342474dd3a24c9d5b7dbc2514032a01ecb396624638be510614948e1bfbcaff802b12a713e58742d8597899edbcf1c4926ae2238b9612b4f8c10faad33621650","2023-12-31T21:45:00.000","2023-12-31T22:00:00.000","1260","11.9",,,"6","41","30.75","6.45","0","1","38.2","Credit Card","Taxi Affiliation Services","41.944226601","-87.655998182","POINT (-87.6559981815 41.9442266014)","41.794090253","-87.592310855","POINT (-87.592310855 41.794090253)"
"da4f6bda9c5746481722b7e18320de678050c1ae","ea67cf50724b1bb2aefc695753c9640903e27d2ea46cd89d87677d74fbf8e8300bc7b1b894fe430fa72bf4e3316d2e8da17ca687f8f00a0230577ea9ecbb1e8a","2023-12-31T21:45:00.000","2023-12-31T22:00:00.000","1500","17",,,"76","28","41.75","15","0","5","61.75","Credit Card","U Taxicab","41.980264315","-87.913624596","POINT (-87.913624596 41.9802643146)","41.874005383","-87.66351755","POINT (-87.6635175498 41.874005383)"
"1dbf9d454d4ce33dd7896c4eca57dee923217d68","e0f0dfba8628846b3c4022833a14ce311c40ac2408a325f76a281fc8fa2e29a9e59d0880d6e26b70e250da812cf3b2b1469dc5a0a239a901119efab1e99ac3e1","2023-12-31T21:45:00.000","2023-12-31T21:45:00.000","325","0.97",,,"8","8","9","2.22","0","0","11.22","Mobile","Sun Taxi","41.899602111","-87.633308037","POINT (-87.6333080367 41.899602111)","41.899602111","-87.633308037","POINT (-87.6333080367 41.899602111)"
"12e33c7579e24b30e7547109667044ab6b94236e","8d75a4e15682364840d85e0f9f954e98b2703f4e252e88660a601cb8b23075632ed27806eb5054190c73d478358977f9efb527f1c302198ae9c28b606c0fb0be","2023-12-31T21:45:00.000","2023-12-31T22:15:00.000","1320","14.6",,,"76",,"37.25","12.35","0","24","73.6","Credit Card","Taxi Affiliation Services","41.980264315","-87.913624596","POINT (-87.913624596 41.9802643146)",,,
"45c52aaae1a5aac9cf375f4168ab29190de8ec44","763ae7383c3fd4eb95375759ee5d926e3309fa63656a57782b9353f91183c0ca5fbe53a103713c6ae89a95523ef83c69da0c591c42ba40502edf725d4ea4f6fb","2023-12-31T21:45:00.000","2023-12-31T22:00:00.000","1200","0.7",,,"76","5","30.75","7.05","0","4","41.8","Credit Card","Taxi Affiliation Services","41.980264315","-87.913624596","POINT (-87.913624596 41.9802643146)","41.947791586","-87.683834942","POINT (-87.6838349425 41.9477915865)"
"61d53fbb2c21597823773e73e87e103ba2d9be0f","83e84e47cc9c5fb7eecc1d701cc6edc9a09d986f79413f2fb7cce808a19e6c4badffd5a19ece2e5f5dba89126b968e5eb40639821dd245107f096554929f669b","2023-12-31T21:45:00.000","2023-12-31T22:00:00.000","414","3.02",,,"76","76","10.25","0","0","5","15.75","Credit Card","Sun Taxi","41.980264315","-87.913624596","POINT (-87.913624596 41.9802643146)","41.980264315","-87.913624596","POINT (-87.913624596 41.9802643146)"
"5912c1289cca6228f8748604662340b193788865","fb0ce19e30e712c77c57cfdb6ef729c2d2ad73225d9ec3b541ddab78f8a281a073a93fd94232bb4c2397cade115fb3727045daeb602fcefd00df53cf6da9d563","2023-12-31T21:45:00.000","2023-12-31T22:15:00.000","965","0",,,"8","7","10.51","2.49","0","0","13","Mobile","Flash Cab","41.899602111","-87.633308037","POINT (-87.6333080367 41.899602111)","41.922686284","-87.649488729","POINT (-87.6494887289 41.9226862843)"
"edca6dbf6ccde3887f7bac25cc821250d82ad75c","b3ee94a13b61037620cbbfc6a4a106d2ad628a06f0988f1eba5586d5387776d3781d71244392ff9c1afd5b69e65dfec45b2a936c2d101209044ff6365121ed6f","2023-12-31T21:45:00.000","2023-12-31T22:00:00.000","540","0","17031081201","17031320100","8","32","7.25","4","0","0","11.25","Credit Card","Taxi Affiliation Services","41.899155613","-87.626210532","POINT (-87.6262105324 41.8991556134)","41.884987192","-87.620992913","POINT (-87.6209929134 41.8849871918)"
"790b7812927a3275abef796f1cf334700019226f","707bf241e39c6a1e051cc7f153487e9f2d65801042cb031cdcd693bdf0eb3d22a9e2089eef897457ea8db41a281076181af5ad2592b3257cc94edd1eb19d8c0d","2023-12-31T21:45:00.000","2023-12-31T22:00:00.000","1320","12.9",,,"52","37","33","0","0","0","33","Unknown","Taxi Affiliation Services","41.707311449","-87.534902901","POINT (-87.5349029012 41.707311449)","41.80908443","-87.632424524","POINT (-87.6324245245 41.8090844303)"
"73c5e5c7b91b52dfa1a809ed0d29f40617ab8e72","f81c929ea7d9107e6de8bd7ee335f42563b3413e967e98288480648a66455138dcdcde8b46b353ca4d6c287be49cd3087636ba13de6b7db6db3854c2ac8a157f","2023-12-31T21:45:00.000","2023-12-31T21:45:00.000","60","0","17031330100","17031330100","33","33","3.25","0","0","0","3.25","Cash","Taxi Affiliation Services","41.859349715","-87.617358006","POINT (-87.6173580061 41.859349715)","41.859349715","-87.617358006","POINT (-87.6173580061 41.859349715)"
"8853277babedcadf3ceda7684c2414c8a63f5158","10e8a565ac8829bd9caa44f57e9831fd8b4ff374e4d6667337dc4114eb4a0356ec563e55a82e248e315ebf8e938ed4c8418dda95d5a5b409e7ce9b6139215b24","2023-12-31T21:45:00.000","2023-12-31T22:00:00.000","515","1.73",,,"28","32","8","0","0","1","9","Cash","Flash Cab","41.874005383","-87.66351755","POINT (-87.6635175498 41.874005383)","41.878865584","-87.625192142","POINT (-87.6251921424 41.8788655841)"
"ebe5f36396583b19668b5944d61f1425b983bccd","0cbf5c0f6aca3628d77c7b6fe89715757ed402a70b0f8b546f175f2f0f8b051cbf2586f93f658f5b91675cbcec559ff886c7b477bf25fbc1f32c4e252f3f3435","2023-12-31T21:45:00.000","2023-12-31T22:00:00.000","431","2.68","17031980000","17031770700","76",,"10","0","0","5","15.5","Credit Card","Globe Taxi","41.97907082","-87.903039661","POINT (-87.9030396611 41.9790708201)","41.982775009","-87.8773054","POINT (-87.8773053996 41.9827750091)"
"c91c55b6d5c15ff7603f7ac89ba907e84dced315","75cf3a53aae5e5858361a7ca64f75d3407dc0a44d7bc42843fd566a614cf1adcb57d543a15db44103c4801f879ceb236261b336079807dbfd2cd7a7775f166dc","2023-12-31T21:45:00.000","2023-12-31T22:00:00.000","319","0.07",,,"28","28","3.25","0","0","0","3.25","Cash","City Service","41.874005383","-87.66351755","POINT (-87.6635175498 41.874005383)","41.874005383","-87.66351755","POINT (-87.6635175498 41.874005383)"
"157b55f1171c25cae8f30b7fc01e99968ca7b2c8","73052f4ccaf4e0fa9178722e491f8e5eda869f56e08aa4d659ef38139d36bd69df925ac00c96564af9fc30db0c616fb4c9312cb3ba36fe8c8cdd470750d4681d","2023-12-31T21:45:00.000","2023-12-31T22:15:00.000","1680","0",,,"56","3","44.5","0","0","4","48.5","Cash","Taxi Affiliation Services","41.79259236","-87.769615453","POINT (-87.7696154528 41.7925923603)","41.96581197","-87.655878786","POINT (-87.6558787862 41.96581197)"
"2464ae4638e614d2b90534818272a6f335e01669","a1b762f1aec578cc84bb53bb095eaf9dffd68e6ad0c27187418462087e8a9568a8d98ced316271f1c63b26edf81376ed74f30eb4869d06bbec089b7698205d61","2023-12-31T21:45:00.000","2023-12-31T21:45:00.000","205","0.49",,,,,"60.87","0","0","0","60.87","Cash","Flash Cab",,,,,,
"fc4c9924907eccccf182a5d3588155d3efab5d14","fc9d2d20856d6ccf05e9ad79233cf3d26a11a334ba213849fbd9d3c5a212c189ee99b93cd72a841bfb0ed0e668f34cf0e292a9d448f4b98ed6356d9d7c296c41","2023-12-31T21:45:00.000","2023-12-31T22:00:00.000","904","7.71",,,"1","8","19.09","4.44","0","0","23.53","Mobile","5 Star Taxi","42.009622881","-87.670166857","POINT (-87.6701668569 42.0096228806)","41.899602111","-87.633308037","POINT (-87.6333080367 41.899602111)"
"35c951006049b577d0f329b96f87fc1ff21d517c","4001d6fc76fe3a71893de1de252a2dc07252f72e7869580755891b07b9725dda84847dbb0cd96eba5d66194f6fa232c7de105592c5e13e107dc32ced89edd1b4","2023-12-31T21:45:00.000","2023-12-31T21:45:00.000","501","1.5","17031281900","17031081403","28","8","7.25","6","0","0","13.75","Credit Card","Sun Taxi","41.879255084","-87.642648998","POINT (-87.642648998 41.8792550844)","41.890922026","-87.618868355","POINT (-87.6188683546 41.8909220259)"
"2dc4d7fe601b746a8daf3b633d8159926ece4bb7","0cae7ec64456b1830bd58df1991f046410f5506cf28b3aa16b6d5c4940b44ff0ca069324233093161b43d212c2c5eac61536cfa6e3284117bb62ee4105e945b1","2023-12-31T21:45:00.000","2023-12-31T22:15:00.000","1800","0.6",,,"43","28","29","0","0","0","29","Unknown","Taxi Affiliation Services","41.761577908","-87.572781987","POINT (-87.5727819867 41.7615779081)","41.874005383","-87.66351755","POINT (-87.6635175498 41.874005383)"
"880a9a3c2d2399b25ecfc124fd1e5ee468a43bd9","a10539d2dd36e2367b15e1724fab054677f286a13b262d09fad85388bfc94dc70bbdb6442f0b88bf88180a26df1f54874490781f7f8e1dcd9586eedddf5cd36f","2023-12-31T21:45:00.000","2023-12-31T21:45:00.000","561","1.29","17031320100","17031081201","32","8","9","0","0","0","9","Mobile","City Service","41.884987192","-87.620992913","POINT (-87.6209929134 41.8849871918)","41.899155613","-87.626210532","POINT (-87.6262105324 41.8991556134)"
"3c84489cc03f414f363b5341ba497de2d1f0aa36","093e9e4c05ea53bf75c51763839d5f5bd5d1785c11ee5ec5e805c14bcb833c9fbfd81ab2b7874a85cba14046e54062335b2221738a0bb0bf1ddcfe83a7efa382","2023-12-31T21:45:00.000","2023-12-31T22:00:00.000","740","1.04","17031081500","17031081402","8","8","8","4","0","2","14.5","Credit Card","City Service","41.892507781","-87.626214906","POINT (-87.6262149064 41.8925077809)","41.891971508","-87.612945414","POINT (-87.6129454143 41.8919715078)"
"6e88336775c8462b8112eb1702df566eb5d72678","7fd4686df9203e2623a18cab7e0cc600a594edbabcb1aaaea45e1cb93e6d3c519aecded8763ccf09e3d3990d164f58cc104d0ab037b470a25ecbf6d57b05387b","2023-12-31T21:45:00.000","2023-12-31T21:45:00.000","2","0",,,,,"70","5","0","0","75.5","Credit Card","5 Star Taxi",,,,,,
"b42e267df8aed9e8219cb7b6344afb34aa2fae8d","5af45eaec078152b0be7971172bb74df2e875424eff12da61af867d30848554ac365fe8272ad32bcfaaa354b7ed2f726dd6eea4d20e1155dad44168d2bdd277c","2023-12-31T21:45:00.000","2023-12-31T21:45:00.000","6","0",,,"8","8","15","0","0","0","15.5","Credit Card","Chicago Independents","41.899602111","-87.633308037","POINT (-87.6333080367 41.899602111)","41.899602111","-87.633308037","POINT (-87.6333080367 41.899602111)"
"08feae260a7fc96ccf03fce5e57288e4ed6a247e","697ada6eb0299a4956ac3305adc75c5b45342ae7c7cd7fb3b1da8509193a5557f4c95197847331cf9e13b68014933a5b93701b48d01af85c3f14bad553495da1","2023-12-31T21:45:00.000","2023-12-31T22:00:00.000","780","3.6","17031081500","17031833000","8","28","12.25","2.75","0","1","16","Credit Card","Taxi Affiliation Services","41.892507781","-87.626214906","POINT (-87.6262149064 41.8925077809)","41.88528132","-87.6572332","POINT (-87.6572331997 41.8852813201)"
"89dc219f71a3eecf80ef598a26dac702f72c9e41","6c6606251e8d2b1609f34d755bf884c4d972ab44b47bd75faa7e533a102e1cc2eed88f9d8d25cda28aaf89c678a3b2d17640c226cbb20375fd3f79685b719945","2023-12-31T21:45:00.000","2023-12-31T22:00:00.000","712","0",,,"32","8","9.23","2.34","0","0","11.57","Mobile","Flash Cab","41.878865584","-87.625192142","POINT (-87.6251921424 41.8788655841)","41.899602111","-87.633308037","POINT (-87.6333080367 41.899602111)"
"414dfc10be21f34e7c79a0c5d823f64d80a64bae","11d27841ca91177af186bee8a9fdd7a2ead81b3fc96e1b95bf8b39d5aff3f56ee1c5ae2d6bd82775764d7f7ff9178c2c23a724c975614125a93bf28d13dcbc66","2023-12-31T21:45:00.000","2023-12-31T21:45:00.000","459","1.19","17031080202","17031081700","8","8","9","2","0","0","11","Mobile","Globe Taxi","41.905857769","-87.630865027","POINT (-87.6308650266 41.9058577688)","41.892042136","-87.63186395","POINT (-87.6318639497 41.8920421365)"
"c6fab6fce3d79677ffff224d53932df5a14fd78d","1ea5004ae3f44bd45e15417e3f740814c9d18093801d65dfbb6acf7e7d67ef2d1a68a572d1f7459788ba66b2a0395c3738b5f3055f69f9bde7d26ac771a28f06","2023-12-31T21:45:00.000","2023-12-31T21:45:00.000","223","0.61","17031081500","17031081403","8","8","5","1.3","0","1","7.8","Mobile","Sun Taxi","41.892507781","-87.626214906","POINT (-87.6262149064 41.8925077809)","41.890922026","-87.618868355","POINT (-87.6188683546 41.8909220259)"
"6019e372cbbd65f3bb188879aefd6de87a45f7ce","8e61957eda2e69d68b0bce4add726e0a84827e3f1ec9c9cb0c879c9feca623f74aa26949b28af9d68c95e28c81f1c33ffb01c817e95c3be913ac6b37d76f51c9","2023-12-31T21:45:00.000","2023-12-31T22:30:00.000","2213","2.9",,,"32","8","18.25","5.06","0","1.5","25.31","Credit Card","Blue Ribbon Taxi Association","41.878865584","-87.625192142","POINT (-87.6251921424 41.8788655841)","41.899602111","-87.633308037","POINT (-87.6333080367 41.899602111)"
"7d01afea65788e9bc55b0c071955fe1b22d93a18","58c784c628cc2b0b77468e6a406acea729301abbc17a6240eed68ac3b5ce5a9378deffab5b2b940db6c83e7c9553eacd8fdb8d10593e071cefffe2b388af3bd7","2023-12-31T21:45:00.000","2023-12-31T22:15:00.000","1854","6.98",,,"32","7","15.99","3.74","0","0","19.73","Mobile","Taxicab Insurance Agency Llc","41.878865584","-87.625192142","POINT (-87.6251921424 41.8788655841)","41.922686284","-87.649488729","POINT (-87.6494887289 41.9226862843)"
"85bb4a51552f135369d3a1c904709772e71a508b","275f3f891b8c0ba8f2958873f850d2a03993c99f5f79f66119f2aeecc34101d25ac74320cb8b8a6b2f078e6248a27100d8d0e5acdd79573e392c6479f6c557b0","2023-12-31T21:45:00.000","2023-12-31T22:15:00.000","1920","23.1",,,"76","41","56","15.1","0","4","75.1","Credit Card","4053 - 40193 Adwar H. Nikola","41.980264315","-87.913624596","POINT (-87.913624596 41.9802643146)","41.794090253","-87.592310855","POINT (-87.592310855 41.794090253)"
"d8b9e01a87d477bd63706ce8ccc13638ba85e073","3c8a3a5b0785d40229dd7adc5fd0d9620defca885601bf7909fe82bb3878e287a9668c49844612ad22b25b32ec168af202d109189d8e422bf93924f1cdbdc6dd","2023-12-31T21:45:00.000","2023-12-31T22:00:00.000","840","11.3",,,"73","31","29","0","0","0","29","Unknown","Taxi Affiliation Services","41.717493036","-87.648895072","POINT (-87.6488950721 41.7174930361)","41.850266366","-87.667569312","POINT (-87.667569312 41.8502663663)"
"5860c524c64a65e1d8d9798a9afbc6bf13017096","67cdd41437563bed53a4348a0a050d03bfb80df4cc25191b2408f6adcc9050322dad5f6076499235ff29110159df1b024ee0afaaf3ace3dc9af1fac4a1d368ea","2023-12-31T21:45:00.000","2023-12-31T22:15:00.000","1680","9.1",,,,,"25.5","7.75","0","5","38.25","Credit Card","Chicago City Taxi Association",,,,,,
"0d55e7ba3ee6a89340de29f88661dccdcc2fcb6a","0f90a9b7e6b934c076767338a37ff205a0cca7d51e0eae69eb5600a4cc3fa5a9d9660c42be41c30c048d822b82958835f2440870587ddfbc8ffd10ed6295726c","2023-12-31T21:45:00.000","2023-12-31T22:00:00.000","1320","10.8",,,"2",,"28.5","0","0","0","28.5","Unknown","Taxi Affiliation Services","42.001571027","-87.695012589","POINT (-87.6950125892 42.001571027)",,,
"4cdea8b5fa51d07974bea8f573b7b36bcd3624a6","86f31536149b4efca1799d06aeaab1f7d65c8461066c733b822ab950ca912af668c4967110f02a0730d02b7c13da4e7bd9c4c563bd5d8ee5861370d793c05eb8","2023-12-31T21:45:00.000","2023-12-31T22:00:00.000","400","0.46","17031839100","17031320100","32","32","5.75","0","0","1","6.75","Cash","Taxicab Insurance Agency Llc","41.880994471","-87.632746489","POINT (-87.6327464887 41.8809944707)","41.884987192","-87.620992913","POINT (-87.6209929134 41.8849871918)"
"7dff157bcff58da3c800a83eb15d7b07666453ae","2a342ab47780aec1f79d04cc913ac20c099335d24571cdf1ed325dd3ae89de9b9454d6cfd6d1fde8c019aff7ba6d310befad1bd38b53262113ec9b6a8358692a","2023-12-31T21:45:00.000","2023-12-31T22:00:00.000","639","2.36",,,"24","8","9","2.15","0","0","11.15","Mobile","Sun Taxi","41.901206994","-87.676355989","POINT (-87.6763559892 41.9012069941)","41.899602111","-87.633308037","POINT (-87.6333080367 41.899602111)"
"8d2cce11f286984f1689efe925b9fa9aaa6fe811","1e3a48e9cf98c6228b3016d217e7b600aae23da58ba4e14a098944bdd5f6ecdf314f02c51a583be206812c63e29052ac9d15aca4d46260fd47ea3d5719cfe350","2023-12-31T21:45:00.000","2023-12-31T22:15:00.000","1740","14.9",,,"76","7","37.75","10.55","0","4","52.3","Credit Card","Chicago Independents","41.980264315","-87.913624596","POINT (-87.913624596 41.9802643146)","41.922686284","-87.649488729","POINT (-87.6494887289 41.9226862843)"
"b39cdb964556e65e277d0dba8ce1ddfb817b9b4b","df7f095eceaff9d875d832c9d2f3c0958f1c098d35ac69cfe0d21dc462c44c52d17485832d48703e2abad6f09fefdb1389097a31f3fa517cc4b65bb809a35c0f","2023-12-31T21:45:00.000","2023-12-31T21:45:00.000","86","0.29",,,"22","22","4","0","0","0","4","Cash","Flash Cab","41.92276062","-87.699155343","POINT (-87.6991553432 41.9227606205)","41.92276062","-87.699155343","POINT (-87.6991553432 41.9227606205)"
"99252ad4ac83267b9f83d63055d234874d05f532","913c95ba782fa447b7c55fbfc38d040907d13e7ddf7282a75fe448d2a25082dcdab927cd930805ea14e62bc534d5288669b15f73751bd43a746cc9e3bbddb2f4","2023-12-31T21:45:00.000","2023-12-31T22:00:00.000","1103","5.56",,,"33","24","17.5","0","0","1","19","Credit Card","Flash Cab","41.857183858","-87.620334624","POINT (-87.6203346241 41.8571838585)","41.901206994","-87.676355989","POINT (-87.6763559892 41.9012069941)"
"7dc2af44c39b567cb5e27df63e6292c85c7ab692","1d71c9a7807a6c7df7e3e11383c7629d3ab54a0f43484fa103bdb8eb34666e503aa389a0dae5cd8426e58df2a323c2b912faca6c0daeafe393d85724a7cea0fe","2023-12-31T21:45:00.000","2023-12-31T22:00:00.000","384","1.08",,,"6","6","9","2.22","0","0","11.22","Mobile","Sun Taxi","41.944226601","-87.655998182","POINT (-87.6559981815 41.9442266014)","41.944226601","-87.655998182","POINT (-87.6559981815 41.9442266014)"
"318b803231080b666ed24b204f835110d5d27922","959332bea53638e6c8071e91d96cd354a101887367f38c242108b1b4ca6b2e86e93d34ea47b09669305de511cf86adaa2521292422400c99fe1e0c46f60fb6b4","2023-12-31T21:45:00.000","2023-12-31T22:30:00.000","2040","16.7",,,"76",,"42","11.28","0","8","61.28","Credit Card","Taxi Affiliation Services","41.980264315","-87.913624596","POINT (-87.913624596 41.9802643146)",,,
"14fb3cce5b18c68e210862146250a313c56ad67b","9b48ad5744e86450fb4db78e7095a6827bafc43a6a9d9a8f656aac46cc0e429d129471cdad31f8a5a97b3a45c8af5fcbc80d003c1c4839075733900786e1a5a9","2023-12-31T21:45:00.000","2023-12-31T21:45:00.000","383","1.01",,,"7","6","6.25","0","0","0","6.25","Cash","Sun Taxi","41.922686284","-87.649488729","POINT (-87.6494887289 41.9226862843)","41.944226601","-87.655998182","POINT (-87.6559981815 41.9442266014)"
"d8c1e9a37b19d7b8afcdcfb321e958bc8ab9d492","7e179f8ef66ae99ec2d1ec89224e0b7ee5469fe5627f6dc2e8b9f1843e432dc471d29f9c22edef4dcc3d22060f4818321e988f698797827307339a0953b30ed4","2023-12-31T21:45:00.000","2023-12-31T22:15:00.000","2027","9.35",,,"2","22","30","0","0","0","30","Prcard","Flash Cab","42.001571027","-87.695012589","POINT (-87.6950125892 42.001571027)","41.92276062","-87.699155343","POINT (-87.6991553432 41.9227606205)"
"77e77ed7ba580e62bc4768d94b49aef546433254","8abbb35e4243b2c590b027d424e6552a61356f54609f161ee910a3ea7435204298a60907247ed4a12c070e53455ba95d3a03424844a8bc1741806917679a7a60","2023-12-31T21:45:00.000","2023-12-31T22:15:00.000","1263","12.86",,,"56","39","33","7.5","0","4","45","Credit Card","Taxicab Insurance Agency Llc","41.79259236","-87.769615453","POINT (-87.7696154528 41.7925923603)","41.808916283","-87.596183344","POINT (-87.5961833442 41.8089162826)"
"5ba30bfc0f9c6ba5e142cf81a4056d106ccf2528","38e76b98810925c37414db66db5639e5ddf49c0dbda887da38c63d1335ad66ecd8a566c34553dddcf17fdac0c893f8768449bedf93d94b46ed8d9238fa6a4ea7","2023-12-31T21:45:00.000","2023-12-31T22:00:00.000","660","1.3",,,"32","8","8","0","0","1","9","Cash","3591 - 63480 Chuks Cab","41.878865584","-87.625192142","POINT (-87.6251921424 41.8788655841)","41.899602111","-87.633308037","POINT (-87.6333080367 41.899602111)"
"3969457b3883d0829e6daf620ddd81acff2da60b","d9587fb1393e03032cd4940b45d137b4ed22d5aa753b696b2e445fd48c72b9dcc1a08b85950acdb49cc5c948701d5c59a76aa915b1ab3b8e6dd2c871d22897cf","2023-12-31T21:45:00.000","2023-12-31T22:00:00.000","866","3.78",,,"8","6","13.75","0","0","1","14.75","Cash","Taxicab Insurance Agency Llc","41.899602111","-87.633308037","POINT (-87.6333080367 41.899602111)","41.944226601","-87.655998182","POINT (-87.6559981815 41.9442266014)"
"e9028264e35eca4c64b594ace2fa3efbb545d180","4f7fd7c1ea16af4b1aaab270f6b0d7ddb68e9edd79b1b51ddb6311c63d792d4df306c4dda5ca258afdfdaea64778a161c2a5e381684b2683cbebb7404d1eaf23","2023-12-31T21:45:00.000","2023-12-31T22:00:00.000","515","2.52",,,"7","24","9.16","2.19","0","0","11.35","Mobile","Chicago Independents","41.922686284","-87.649488729","POINT (-87.6494887289 41.9226862843)","41.901206994","-87.676355989","POINT (-87.6763559892 41.9012069941)"
"d0ae8aec9a50d9249e99b7f2f9956b8b5573f9d6","2fafc7aa7846c8562bbc8f919586ac42f20bde0c06bf147f3e3dffc3220fc6ed9b4ca7af0c9d7afc1081c7efb7d1073068dbf74aedd0193cd2aeb3ebfba85b74","2023-12-31T21:45:00.000","2023-12-31T22:15:00.000","1226","4.6",,,"3","22","14.13","3.31","0","0","17.44","Mobile","Sun Taxi","41.96581197","-87.655878786","POINT (-87.6558787862 41.96581197)","41.92276062","-87.699155343","POINT (-87.6991553432 41.9227606205)"
"6eb2ab688179afb7d9bcfa41f5e35d3110b5e44d","119db775284b2ff29c31eba3cd0166a049b0a48e4f3a6ccbfbf4ce07aa861fcf363a52f35885851d6948616b46b4f77eaba65ab72567e7ebe624d243b0c8d82e","2023-12-31T21:45:00.000","2023-12-31T22:45:00.000","3278","19.25",,,"76","8","53.25","8.81","0","5","67.56","Credit Card","Medallion Leasin","41.980264315","-87.913624596","POINT (-87.913624596 41.9802643146)","41.899602111","-87.633308037","POINT (-87.6333080367 41.899602111)"
"0b79ad5d600c6da0eb325ef986a380bfa69f5e65","8e08799f421f71f00bb9ded6011b7e5369296773e81ad078ae697fb824355684a43c4f160084e6a69d998ac44b91602d11ce5ef89ceda6fadefa2a9bfe404c3e","2023-12-31T21:45:00.000","2023-12-31T21:45:00.000","19","0",,,"8","8","3.25","0.01","0","18.75","22.51","Credit Card","Taxicab Insurance Agency Llc","41.899602111","-87.633308037","POINT (-87.6333080367 41.899602111)","41.899602111","-87.633308037","POINT (-87.6333080367 41.899602111)"
"72f6fffda59a485df0de8dfcd5de909fa5b19f34","3a9b3a469a10f36ddefefc31b6929bbd53fc72bd2228dee053966fc882aa8d64c3daadab32c67be5683cf0a3511ef9a05d6825ce3b38c8d113293fda0bc9ecce","2023-12-31T21:45:00.000","2023-12-31T22:00:00.000","1320","15.7",,,"76","24","38.5","9.6","0","9","57.1","Credit Card","Chicago Independents","41.980264315","-87.913624596","POINT (-87.913624596 41.9802643146)","41.901206994","-87.676355989","POINT (-87.6763559892 41.9012069941)"
"a1b6d11c927f609c7cb7fadeccd3d82a8134151d","4ab7a7510c1ebcc9b2e3eaa7bdd6508dbea34da7986aca2d8478bb55d1eabf707cda06384ba05783521e50bd5c027c95e6feda8af5eb623f31aceb1c9cf7c6cf","2023-12-31T21:45:00.000","2023-12-31T21:45:00.000","232","0.4","17031320100","17031320100","32","32","4.75","2","0","1","8.25","Credit Card","Sun Taxi","41.884987192","-87.620992913","POINT (-87.6209929134 41.8849871918)","41.884987192","-87.620992913","POINT (-87.6209929134 41.8849871918)"
"c4000eb9c1b500512bc6189a579d37923787dfa2","d1d88b89ceb6d753007b6e795e3c24f4bea905a51e9d475c9b555d2a82ed2a5d72eed1b7bb6107f7c0328b5b88148196b698279399dc6f305197342beb0c1167","2023-12-31T21:45:00.000","2023-12-31T22:00:00.000","373","0",,,"8","8","9","1.67","0","0","10.67","Mobile","Flash Cab","41.899602111","-87.633308037","POINT (-87.6333080367 41.899602111)","41.899602111","-87.633308037","POINT (-87.6333080367 41.899602111)"
"51331360b52b67ca79148bd3d4add95258165137","87e706ebfbc10aee566c4f7ca18ab5046dd27344c9087d8c7855cb17b31d1e08c8a4fccf381c8a1eec3d27c92c751e184805f89b97cb73199f6da0652f2f9618","2023-12-31T21:45:00.000","2023-12-31T22:15:00.000","1265","11.6",,,"56",,"50","0","0","20","70","Cash","5 Star Taxi","41.79259236","-87.769615453","POINT (-87.7696154528 41.7925923603)",,,
"6aec56cad9c34e3576b083ea6dc39436f1e4b60d","9a26991eb0f188c6b8c8ad555d4fafbd9c3419259bfbd955a6268c59e1c1870e49037ecf205e53ea82dc3770c2f0286fa356df846369d7d3783a6dcfe726304d","2023-12-31T21:45:00.000","2023-12-31T22:15:00.000","1615","18.15",,,"76","32","45","9.9","0","4","59.4","Credit Card","Sun Taxi","41.980264315","-87.913624596","POINT (-87.913624596 41.9802643146)","41.878865584","-87.625192142","POINT (-87.6251921424 41.8788655841)"
"be7f6bc377a61ce66fd82387b2dc8c9b5ee4c40b","1226e3d8b86299171525b37f43403bc64e9fa3f8aa450209dd7d40a968237353b605ae9085f43da45cc896cb43a4371c3952e92bdc2ea7600c9e95fcdd297f2c","2023-12-31T21:45:00.000","2023-12-31T22:15:00.000","1860","18.3",,,"76","8","45.5","0","0","5","50.5","Cash","Choice Taxi Association","41.980264315","-87.913624596","POINT (-87.913624596 41.9802643146)","41.899602111","-87.633308037","POINT (-87.6333080367 41.899602111)"
"1e19c881eeceb24b39448d0fc4fe99e5bef06091","27d008f238085ace4d02aea9295d2a1cccae08952fc70243472495016fd6cde7551214ef22474ef8c3d740320d70a18f715b240115306550848d23dfbdeea96d","2023-12-31T21:45:00.000","2023-12-31T22:00:00.000","773","12.36",,,"34","53","31.25","0","0","0","31.25","Prcard","Flash Cab","41.842076117","-87.633973422","POINT (-87.6339734222 41.8420761168)","41.673819904","-87.635739777","POINT (-87.6357397768 41.6738199043)"
"7a751ca1884a084fb578fc75ed5ff1c71f15fc33","1626953f5dfefe1c62e73836adb90d16258a243e46f69e3acce8d7e3ca2c283d3cffefbe5a12f7edc501101d65832fba4c1deb851c52f8652756619c56ad3bcb","2023-12-31T21:45:00.000","2023-12-31T22:00:00.000","1287","11.5",,,"28","28","30.75","0","0","0","30.75","Prcard","Globe Taxi","41.874005383","-87.66351755","POINT (-87.6635175498 41.874005383)","41.874005383","-87.66351755","POINT (-87.6635175498 41.874005383)"
"c3caa4bc46752ba57ee9fde4e68846979b873a79","2e3d5a644579e645b2f9e531459f8bc1d2c99d7312d04a6619ba199fd58f06a3f11f395dea90b0110da0ae82bbee0988cb3390b7903ba9d5c114c964a6a1b60c","2023-12-31T21:45:00.000","2023-12-31T22:15:00.000","1920","9.9",,,"1",,"27.75","0","0","0","27.75","Unknown","Taxi Affiliation Services","42.009622881","-87.670166857","POINT (-87.6701668569 42.0096228806)",,,
"053d421d5f56972f18564b7d577da6b2fbe63f46","14b8965581705a67e75b3fadeb43570909052a0f646341460336d210ecd2b5de8a71675bc3168d1763121a81d090b06ab91801a222dbeef78e72409a6fc2dcda","2023-12-31T21:45:00.000","2023-12-31T22:00:00.000","128","0.34",,,"6","6","9","2.22","0","0","11.22","Mobile","City Service","41.944226601","-87.655998182","POINT (-87.6559981815 41.9442266014)","41.944226601","-87.655998182","POINT (-87.6559981815 41.9442266014)"
"d6741ea74c0c6f61e682d1ceec1b61b3776041cf","efb464d432970a2a7a4ee8386f70c403f48c9ccd9008b7680fae247ba23e8bef93ce63707acbc5efe6c523b7b83382ecd5262b76fd1b6985e41cc17eb330f7e1","2023-12-31T21:45:00.000","2023-12-31T21:45:00.000","91","0.39",,,"3","3","4.25","0","0","0","4.25","Cash","City Service","41.96581197","-87.655878786","POINT (-87.6558787862 41.96581197)","41.96581197","-87.655878786","POINT (-87.6558787862 41.96581197)"
"abe3e729571e0f2a363e4a35bd24bb58acda39ec","2e7f98f477c93ec4c458c0f46cad563cc83e813d5ebc0dc2b60c2fb8907ff808ff6b033d283097aea82bff81f2e1d8a0494154963acca3df2bde798570693440","2023-12-31T21:45:00.000","2023-12-31T21:45:00.000","397","1.3",,,"8","8","9","2.22","0","0","11.22","Mobile","Sun Taxi","41.899602111","-87.633308037","POINT (-87.6333080367 41.899602111)","41.899602111","-87.633308037","POINT (-87.6333080367 41.899602111)"
"18c473234ad30467dd48293468348f8e12b197a9","ba106251fbb2b52177138ccbb8a1327a83c89470c240b28ff5e7fd69d037ce3364471fc062081a86123b811d24829cbc77424e33c83209fe00964b59eed1061a","2023-12-31T21:45:00.000","2023-12-31T21:45:00.000","5","0",,,"8","8","15","10","0","0","25.5","Credit Card","City Service","41.899602111","-87.633308037","POINT (-87.6333080367 41.899602111)","41.899602111","-87.633308037","POINT (-87.6333080367 41.899602111)"
"8dce98414a7e5ce9ea319009b52a68cf30a28305","2d5970d2ce86bb2ea404275fbdd5fce016b817e71997614162a332641f9f7ab200a73fc14415ef76efa5eaf9877158da4da6f88a4f789c48710c1a23d6774602","2023-12-31T21:45:00.000","2023-12-31T22:00:00.000","714","0",,,"5","6","11.81","1.48","0","0","13.29","Mobile","Flash Cab","41.947791586","-87.683834942","POINT (-87.6838349425 41.9477915865)","41.944226601","-87.655998182","POINT (-87.6559981815 41.9442266014)"
"f39030a801d9159c9ccebca0f336aad1315d2b2e","13016372e777da1289d557edbe4ce2be8a68e77bc64768acaf5e0539b10be2ca089238dc27408b49b17899014e6e178e17c3ba455812fd84024f93e266324439","2023-12-31T21:45:00.000","2023-12-31T21:45:00.000","561","2.2",,,"8","33","9","2.26","0","0","11.26","Mobile","Taxicab Insurance Agency Llc","41.899602111","-87.633308037","POINT (-87.6333080367 41.899602111)","41.857183858","-87.620334624","POINT (-87.6203346241 41.8571838585)"
"ff141f4a253a7e8e1ad66221456ad838007a9847","3e5af3b3cc4163e517f1e511970533751db25e2dd44471e37ae45f0764a31282184d580cda8d031efa8ab14f4a87bf171e40b638fb0cd0bb524ddd07c62a2beb","2023-12-31T21:30:00.000","2023-12-31T21:30:00.000","18","0.07",,,"3","3","3.25","0","0","0","3.25","Cash","Chicago Independents","41.96581197","-87.655878786","POINT (-87.6558787862 41.96581197)","41.96581197","-87.655878786","POINT (-87.6558787862 41.96581197)"
"5af09b2e80177bfbf69979b2efbc876a164e4d5b","f509c57d2f0b196f54d9b751ce2a1b6e956f378841b1e88b178bed2240a6aa347b50ef81087dff1f91efb1a52f5580848cd8467316b6eb4d02f2642814b8996e","2023-12-31T21:30:00.000","2023-12-31T21:30:00.000","62","0","17031838200","17031838200","28","28","3.5","0","0","0","3.5","Cash","City Service","41.870415","-87.675085621","POINT (-87.6750856208 41.8704150003)","41.870415","-87.675085621","POINT (-87.6750856208 41.8704150003)"
"ff18097a2c3ba72b16eb391b619623c844b1c627","c17582be31089967bcc79faa83fe8c0f7521a55e172fa83398c78255eeace47b45af0bbbd241d68db5b8c6e139c93c5e39be80db33402a1a37a22657c74475cf","2023-12-31T21:30:00.000","2023-12-31T21:45:00.000","689","3.89",,,"6","77","11.14","3.5","0","0","14.64","Mobile","Medallion Leasin","41.944226601","-87.655998182","POINT (-87.6559981815 41.9442266014)","41.9867118","-87.663416405","POINT (-87.6634164054 41.9867117999)"
"ff9fafa91021a3e58e7946a88a636ac01d707672","52c3ffa685a3b5ced3d16461deec5a0326086bee3d8f6a3699460f1c2c1dae0b239fbbb9b9cece5401785fcf9b4a378ff9675f32598bb94fb26898c1cc2289bc","2023-12-31T21:30:00.000","2023-12-31T21:45:00.000","681","5.37",,,"76",,"15.75","4.65","0","7","27.9","Credit Card","Sun Taxi","41.980264315","-87.913624596","POINT (-87.913624596 41.9802643146)",,,
"a0622fa18e0fe691f261d62fe2ffb56f06e1180e","b43f5c22a5bd9406749cbc99e5aad0313370b5ef6eae2c4b46e0d6a57436a36dff377af58d38a28d54558b671cbb56e9a5ad5813cd41de4bc19749117ce25494","2023-12-31T21:30:00.000","2023-12-31T22:00:00.000","1584","11.93",,,"42","32","31.25","0","0","0","31.25","Prcard","Flash Cab","41.77887686","-87.594925439","POINT (-87.5949254391 41.7788768603)","41.878865584","-87.625192142","POINT (-87.6251921424 41.8788655841)"
"97121ee6045647c4dad35ecf734bd4e74638bdb8","561fbb8af15689fe33fb11b96905cfb95d11ac44700c1a476e474b9b19d4dc24fec8cbfe3df913dc2ee78f919bd0b1cb416be0bc3b0a431d4335bfae2df63278","2023-12-31T21:30:00.000","2023-12-31T22:00:00.000","976","6.22",,,"8","3","17.07","3.98","0","0","21.05","Mobile","Flash Cab","41.899602111","-87.633308037","POINT (-87.6333080367 41.899602111)","41.96581197","-87.655878786","POINT (-87.6558787862 41.96581197)"
"d50b265d3e45aab3b1e924dc58af8f2a557509fc","511d5a90fddd5d591ca80c1c2969c190f8ad2997c0b6e9d1776a3864f2536814f53b603888e6ca6fa11e0e8625b02db335ef976a9a36e8d35b7d714e38e55bef","2023-12-31T21:30:00.000","2023-12-31T21:45:00.000","796","12.28",,,"68","21","31","0","0","0","31","Prcard","5 Star Taxi","41.777196255","-87.642497527","POINT (-87.6424975271 41.7771962546)","41.938666196","-87.711210593","POINT (-87.7112105933 41.9386661962)"
"6e41ecfc7b14162b21e92c11ef2ab9aec45bb89c","2e9532b31632bc0f91611dd090a2ae6d4447eece8adade3c8e786f0e8aebdb6a5d6086f5fbcfe19fe00fef9a5c86e84df55433ac0db349f5c2085a51c8dc57c3","2023-12-31T21:30:00.000","2023-12-31T21:30:00.000","310","0.59",,,"8","8","9","1.67","0","0","10.67","Mobile","Taxicab Insurance Agency Llc","41.899602111","-87.633308037","POINT (-87.6333080367 41.899602111)","41.899602111","-87.633308037","POINT (-87.6333080367 41.899602111)"
"6613a2834e9106e27d601ec35a560d84777dd876","6b5cf0e16cc46e2482a5670756fcae44d43fd9f9b6c25200ae0fcf145e0b8c0417fd83b5b20e9712dff9ec3adcd32e59672ab64f47db0b44e68134966c956d28","2023-12-31T21:30:00.000","2023-12-31T22:00:00.000","1759","2.18","17031081500","17031081402","8","8","14.25","3.15","0","1","18.9","Credit Card","Flash Cab","41.892507781","-87.626214906","POINT (-87.6262149064 41.8925077809)","41.891971508","-87.612945414","POINT (-87.6129454143 41.8919715078)"
"62f30216c32158e0eac940b54b20e01064ff7caf","1aa7696cf1ac4c5d9e302177fdb918829d2ddcd9d420a3557defecc167a2bc332bc8a4ee0ae70d314ebaf1f66ff1e4cc53aca83691dd0cbfdfca39c7190c4945","2023-12-31T21:30:00.000","2023-12-31T21:45:00.000","1015","3.59",,,"6","8","13","5","0","0","18.5","Credit Card","Flash Cab","41.944226601","-87.655998182","POINT (-87.6559981815 41.9442266014)","41.899602111","-87.633308037","POINT (-87.6333080367 41.899602111)"
"550fd2e8c031496eac483c6cb445678d5df5d96d","3c2a8736d7be1396beb9d0e34807d4065e49a3d4bc122973cb57c0fc17f368bf67257d13b361990468de3dce22d71f660701dffdc49011226e2cbb815601b69f","2023-12-31T21:30:00.000","2023-12-31T22:00:00.000","1668","8.78",,,"35","46","26","0","0","0","26","Prcard","Flash Cab","41.835117986","-87.618677767","POINT (-87.6186777673 41.8351179863)","41.741242728","-87.551428197","POINT (-87.551428197 41.7412427285)"
"d42261f374982afe715940ba2a23c7cf6f2140c0","3f68542d52a06c2f726a08b3888acb6e7979a3ade1b74c38c2d8d3932377185103d527e0a018b407d71e80217caa2a9335c74cc0dabf9f13141cf5875ef051b0","2023-12-31T21:30:00.000","2023-12-31T21:45:00.000","1200","8.7","17031834600","17031081201","68","8","24.75","0","0","0","24.75","Unknown","Taxi Affiliation Services","41.787278878","-87.634341781","POINT (-87.6343417807 41.7872788781)","41.899155613","-87.626210532","POINT (-87.6262105324 41.8991556134)"
"437539b171ed0f6880f74c9c6178dc465bf82b79","a4d3ebdb843bb0ff2eeca8acc59adae88cf333e9efb25d9c319292178636382c054c8a929e9ef9b91cedd34b667b45a961251050017e4a740913911667dd3b5d","2023-12-31T21:30:00.000","2023-12-31T22:00:00.000","1762","17.63","17031980000","17031320100","76","32","44.5","0","0","4","49","Credit Card","5 Star Taxi","41.97907082","-87.903039661","POINT (-87.9030396611 41.9790708201)","41.884987192","-87.620992913","POINT (-87.6209929134 41.8849871918)"
"62f9e27691e56a5e18afd84e26f0a92887e987c8","313633e0f2ff40d75b88da6f4f7e0fa1febf4dd8c834eaac540f9ef87e718056d2e1144d84f4f6b3f67add78b94fa901d991fbfe43dd225e7e78b14cd3d61ac4","2023-12-31T21:30:00.000","2023-12-31T22:00:00.000","1139","9.8",,,"56","33","26.5","0","0","5.5","32","Cash","City Service","41.79259236","-87.769615453","POINT (-87.7696154528 41.7925923603)","41.857183858","-87.620334624","POINT (-87.6203346241 41.8571838585)"
"26e2bf6588860e3a0513ab92f2e8464a22ffeab4","5067aae3d9e1474101b1df5c6b7fe79389e429ea7d820315b964dade113f9db00fd09bdaae86c17e22b9e197059dbc86b2c7e36ce25358737993f757f0b26e94","2023-12-31T21:30:00.000","2023-12-31T21:45:00.000","894","4.41",,,"6","8","14.5","0","0","0","14.5","Cash","Flash Cab","41.944226601","-87.655998182","POINT (-87.6559981815 41.9442266014)","41.899602111","-87.633308037","POINT (-87.6333080367 41.899602111)"
"d52569ecce731524b16eaeaae3eb652654363329","3f68542d52a06c2f726a08b3888acb6e7979a3ade1b74c38c2d8d3932377185103d527e0a018b407d71e80217caa2a9335c74cc0dabf9f13141cf5875ef051b0","2023-12-31T21:30:00.000","2023-12-31T21:30:00.000","60","0",,,"68","68","3.25","0","0","0","3.25","Cash","Taxi Affiliation Services","41.777196255","-87.642497527","POINT (-87.6424975271 41.7771962546)","41.777196255","-87.642497527","POINT (-87.6424975271 41.7771962546)"
"0e06ac65c5a7e90e313e2752c4816ca65a5f9aec","390210c789e65184cf389dd3484688acf1956ab0c6618362f43f2f60da01b8b3a2afb54349a98fa29c22d66ef23d7dd607493da0c78794b18893cc57b8af4799","2023-12-31T21:30:00.000","2023-12-31T22:00:00.000","1440","0.8",,,"76","6","33.75","9.8","0","5","48.55","Credit Card","Taxi Affiliation Services","41.980264315","-87.913624596","POINT (-87.913624596 41.9802643146)","41.944226601","-87.655998182","POINT (-87.6559981815 41.9442266014)"
"658b78fe38640d0d80138053d7dd943dfcc2e75a","3c3adc53bf9361a6e6a8a08a70ac6303921220efb83a30c7589b0169c2f8bbd4f2e7e8f5f05be624f132ce6bae55577356109350764823f36b42566dd407924c","2023-12-31T21:30:00.000","2023-12-31T21:45:00.000","540","1.3","17031833000","17031081800","28","8","7","0","0","1","8","Cash","Taxi Affiliation Services","41.88528132","-87.6572332","POINT (-87.6572331997 41.8852813201)","41.89321636","-87.63784421","POINT (-87.6378442095 41.8932163595)"
"005003572aa48a21c4ec8b450ce0dfef7182523f","a62df4e9bfec5f3babb7922b1346263cce5c3116fa5fa3465e4845b94774ef86b30bb243f80f396cf2211d7e3309028193f159567ee341b44d39dc3a1f5495f9","2023-12-31T21:30:00.000","2023-12-31T21:45:00.000","999","3.19",,,"24","6","10.62","2.52","0","0","13.14","Mobile","Medallion Leasin","41.901206994","-87.676355989","POINT (-87.6763559892 41.9012069941)","41.944226601","-87.655998182","POINT (-87.6559981815 41.9442266014)"
"56de0e0abd5479e72437f2c13186e5123901e635","99b1203df31b26f1c372e57926d731514ae839dbb485f31550d6d8132420f3bc51bd4d0d0f67871bb66a02360097dd0040b364ce63b812af76d0207b796840ef","2023-12-31T21:30:00.000","2023-12-31T22:00:00.000","1200","13.2",,,"76","7","33.5","3.9","0","5","42.4","Credit Card","Chicago City Taxi Association","41.980264315","-87.913624596","POINT (-87.913624596 41.9802643146)","41.922686284","-87.649488729","POINT (-87.6494887289 41.9226862843)"
"f46c7ff46e0f8585abf82bc1314be18363748bf1","b77a2dcc078698ea493d4d703014076e4272dc7d8b420e0517a7ad98d347f212120e0bcc215c8e84df2c589171b9590d4aa3352d21e519a35afad2ed1b42841b","2023-12-31T21:30:00.000","2023-12-31T22:00:00.000","1320","13.4","17031980000",,"76",,"33.5","11.8","0","25","70.3","Credit Card","Taxi Affiliation Services","41.97907082","-87.903039661","POINT (-87.9030396611 41.9790708201)",,,
"35bb992deea3f12691caff9331d2b4a85ddfb5d0","f438d3a93b6c4cdaf258d31d8ae0d94df9bbc9873f99efa769f5885b3ae1be517887bf0e42cb3502688468b30d18dbb2062515b53c99a15a4fc8360c8dc63745","2023-12-31T21:30:00.000","2023-12-31T21:30:00.000","306","1","17031080100","17031081300","8","8","6","0","0","0","6","Cash","5 Star Taxi","41.907520075","-87.6266589","POINT (-87.6266589003 41.9075200747)","41.898331794","-87.620762865","POINT (-87.6207628651 41.8983317935)"
"ada8a2452e73c3bcd525ac8111d8ec9e4387869a","d899402f96aeec3adabbee95f3a99aba9ade0e0b5c1d9375fade5d3f588cf54b8ecaaba08da5979724cc81ff64f102696373883acd65b6c2fdf20fe50a09b542","2023-12-31T21:30:00.000","2023-12-31T21:30:00.000","154","0.57",,,"28","24","9","4","0","0","13","Mobile","City Service","41.874005383","-87.66351755","POINT (-87.6635175498 41.874005383)","41.901206994","-87.676355989","POINT (-87.6763559892 41.9012069941)"
"00281b242f3d6c7c6b9fc823dfaba6c58b3c8700","91d5288487e87c5917b813ba6f75ab1c3a9749af906a2d6b51a0e7ac2529660286c8b161f8e7f6cc840555bd20d9a06d42d6010bbca25631c6df20d41bea3b03","2023-12-31T21:30:00.000","2023-12-31T21:30:00.000","491","1.32","17031081100","17031081402","8","8","7.5","0","0","0","7.5","Cash","Flash Cab","41.900221297","-87.629105186","POINT (-87.6291051864 41.9002212967)","41.891971508","-87.612945414","POINT (-87.6129454143 41.8919715078)"
"632051b6c4328737882da70675164ee8b700e53c","1bc0391a5e3b377e86845d25f91b73ea1b2d281a279323da8840d8b97e07708de8733e31e778da72564a185ee5c8f00aabafc36efb90a933ced852437628d881","2023-12-31T21:30:00.000","2023-12-31T21:45:00.000","1380","4.5",,,"76",,"17.5","0","0","5","22.5","Cash","Taxi Affiliation Services","41.980264315","-87.913624596","POINT (-87.913624596 41.9802643146)",,,
"36cc4638627397a1137e0dd1dea292c8f79d1b85","083b7260314e48be5e10a9191da36fb2c0974b91499a5445d8a895ce901d4458b2a95e4fda48ae1ab55dfac3302268fbf967709c30ef58135041ce5d7d844065","2023-12-31T21:30:00.000","2023-12-31T21:30:00.000","0","0.1","17031833000","17031833000","28","28","3.25","0","0","0","3.25","Cash","Taxi Affiliation Services","41.88528132","-87.6572332","POINT (-87.6572331997 41.8852813201)","41.88528132","-87.6572332","POINT (-87.6572331997 41.8852813201)"
"beb5b825858acfa6acfd695b08b3857e74c959d7","c0d525ee45b1b77f1fcc69c7c56ff91661795d15482cc46a75ca8164ea25736a32169b1ba73fb5eee3ee98e629942c90ed23a5998f29bfe050afd3a08608a9a9","2023-12-31T21:30:00.000","2023-12-31T21:45:00.000","480","0",,,"32","8","6.75","0","0","0","6.75","Cash","Taxi Affiliation Services","41.878865584","-87.625192142","POINT (-87.6251921424 41.8788655841)","41.899602111","-87.633308037","POINT (-87.6333080367 41.899602111)"
"f721be27e91a3cf5fc35aaee26e23cb9d5a2b5c8","f7782da531b08c6ce5a1e16a8c2998f6f4f7943f29ab53713949ec17f3b4d7f8b4cd8a84da2fe7c4b0a17f1fc3439e376d3bfec25d83652dfa4468342e25f6b1","2023-12-31T21:30:00.000","2023-12-31T21:45:00.000","890","2.04","17031081500","17031081403","8","8","10.25","2.55","0","2","15.3","Credit Card","Taxicab Insurance Agency Llc","41.892507781","-87.626214906","POINT (-87.6262149064 41.8925077809)","41.890922026","-87.618868355","POINT (-87.6188683546 41.8909220259)"
"9eab40b0ec0148921b3ad1619a06abb697ca3d18","38f6145c9a2b848dc1baa16fd91087e606b12bcb8757a9eb003dfab2c031fcaeb931c1ae6b486fab5f1c21037f33a187d1cb97080f4334a63f7ce0713d0f47b4","2023-12-31T21:30:00.000","2023-12-31T22:00:00.000","1500","11.6",,,"7","10","31.5","0","0","0","31.5","Unknown","Taxi Affiliation Services","41.922686284","-87.649488729","POINT (-87.6494887289 41.9226862843)","41.985015101","-87.804532006","POINT (-87.8045320063 41.9850151008)"
"f6a32c85bad80bfb5b05353b24685047f34f9b28","d4578429775c32e03fb5139e1d132b91be7e27af9675e7f85ce275a01ac4f7f7c7c93b5b965fb15e31c2a8ad5eb448c2d188a39e8e443ad920b1c96381782214","2023-12-31T21:30:00.000","2023-12-31T21:45:00.000","434","0.77","17031081402","17031081403","8","8","6","0","0","2","8","Cash","Taxicab Insurance Agency Llc","41.891971508","-87.612945414","POINT (-87.6129454143 41.8919715078)","41.890922026","-87.618868355","POINT (-87.6188683546 41.8909220259)"
"4801939db49e277200e23a3911e48451060c9542","f78d14baa2d1f80febaa17d73381c2eadb406cf4537522e111615ca2ccc9854f515cf1bb9dc9a9f48c4fdbf3e4e3adac120d6c6cc00dcd2aa715276b28bed0ad","2023-12-31T21:30:00.000","2023-12-31T22:00:00.000","1620","15.8",,,"76","7","40.25","9.15","0","5","54.4","Credit Card","Choice Taxi Association","41.980264315","-87.913624596","POINT (-87.913624596 41.9802643146)","41.922686284","-87.649488729","POINT (-87.6494887289 41.9226862843)"
"895a93112e881b124596e2d4cc7ab5fe4bc83407","32f1eebe57165cc17acba84eb8bb85d69a063ed0e5e15e108a68bc4548403834ab9c888ed3c3d474d10a0f95d498a5a9a0ef801331a61db60adec230c48e61b0","2023-12-31T21:30:00.000","2023-12-31T21:45:00.000","868","1.34",,,"8","8","9","0","0","1","10","Cash","Chicago Independents","41.899602111","-87.633308037","POINT (-87.6333080367 41.899602111)","41.899602111","-87.633308037","POINT (-87.6333080367 41.899602111)"
"f68bf20a7c8721deea731a674c5b9759d1f1705f","b9a58663518c48b09e83f462ca25ee0d702a2e4bc1219953870a648afd6aa986be592200ee3b694e9f9f2795a9d2d376e95fb9c6d2ef441a27e27a80e085b74a","2023-12-31T21:30:00.000","2023-12-31T21:45:00.000","1215","15.02",,,"76","24","84","16.9","0","0","101.4","Credit Card","City Service","41.980264315","-87.913624596","POINT (-87.913624596 41.9802643146)","41.901206994","-87.676355989","POINT (-87.6763559892 41.9012069941)"
"6d5533d58e0b35aca428223bd13ea67a1b9e2307","90075a115851ba1b84cb1d85599c04c4d412d0afde53339a8bb785682af230c312e01ae9cbb56c30654d6c0e0137252d71b1914940cbe2495ad29d4efe35b60c","2023-12-31T21:30:00.000","2023-12-31T21:45:00.000","965","9.47",,,"76",,"25.25","0","0","6","31.25","Cash","Taxicab Insurance Agency Llc","41.980264315","-87.913624596","POINT (-87.913624596 41.9802643146)",,,
"f62e34c2c23a00ddef3ec3f78ab479b21c54ef56","8d4a87f9c4150448fa72263beee9f6166bbbb39812be81ea983c70bc9b973d64f40650751b2820249222aa26ae738b3d1d5487535204a705defd90c507ccd185","2023-12-31T21:30:00.000","2023-12-31T21:45:00.000","1468","10.99",,,"76","2","29.5","0","0","8","38","Credit Card","Taxicab Insurance Agency Llc","41.980264315","-87.913624596","POINT (-87.913624596 41.9802643146)","42.001571027","-87.695012589","POINT (-87.6950125892 42.001571027)"
"8a751758d3c5c663545b4a6ba05c3ae80f6a338f","d4e172502a18df80190c19176a06c0d9344f71abdbe521e964ad99caae1c73860f3f1f7cc96e1dcac410fbe9aba385af639ef03c028b0453429bbfb67e78010b","2023-12-31T21:30:00.000","2023-12-31T21:45:00.000","248","0.66",,,"8","8","5","2","0","1","8.5","Credit Card","Globe Taxi","41.899602111","-87.633308037","POINT (-87.6333080367 41.899602111)","41.899602111","-87.633308037","POINT (-87.6333080367 41.899602111)"
"36b0818cceb74450598a58f362c0634aa3afa291","f509c57d2f0b196f54d9b751ce2a1b6e956f378841b1e88b178bed2240a6aa347b50ef81087dff1f91efb1a52f5580848cd8467316b6eb4d02f2642814b8996e","2023-12-31T21:30:00.000","2023-12-31T21:45:00.000","1089","11.98",,,"28","43","31","0","0","0","31","Prcard","City Service","41.874005383","-87.66351755","POINT (-87.6635175498 41.874005383)","41.761577908","-87.572781987","POINT (-87.5727819867 41.7615779081)"
"aa36673bf25577daac60c2054d4b4b84b1e01388","524bfb96fdc1b3d414cade414c1dbc14c16402eb60137fe97a06902a4930db9a1c5f7e4dfef9eb3d861524fefbd4a89688a870ddcedf3532f37477da5b23ffd0","2023-12-31T21:30:00.000","2023-12-31T21:30:00.000","420","0",,,,,"7","2","0","0","9","Credit Card","Taxi Affiliation Services",,,,,,
"e0d54cc16e02344cb3fd87134af5f434cd53b93b","94be4a2e8fd951a6a5f4d99f882ebc5f06bd48eb5e337ff9a488799b5781497cc8fe1282348e460681a68c6328ddf79d9b6b75a9d27970c8300413070d952605","2023-12-31T21:30:00.000","2023-12-31T21:30:00.000","278","0.93",,,"6","6","9","2.22","0","0","11.22","Mobile","Sun Taxi","41.944226601","-87.655998182","POINT (-87.6559981815 41.9442266014)","41.944226601","-87.655998182","POINT (-87.6559981815 41.9442266014)"
"37dac58f485cfe83d2a589bf321be1740c379f55","f5b5de5c0c42601f6878d82eeb1984d06c977aab60cb0d5b8d43bda03e10446f74011ce03de186ce73ffce10190ee946e0038ab34f1e134adddf264dfa810bbd","2023-12-31T21:30:00.000","2023-12-31T22:00:00.000","2100","1.6","17031980000",,"76",,"62.5","0","0","43.5","106","Cash","Taxi Affiliation Services","41.97907082","-87.903039661","POINT (-87.9030396611 41.9790708201)",,,
"ded4a727964577ab409bb496e57f98b68d28f826","8d039e9f6b9db22587073fa73c6dfa3b61d0747464987690e40ec85b2324c38c00b4abba4c0403aacf5fade759ce7c818902a4d4846d34c6c646372f8273b014","2023-12-31T21:30:00.000","2023-12-31T21:45:00.000","129","0.26","17031320100","17031320100","32","32","4","0","0","1","5","Cash","Chicago Independents","41.884987192","-87.620992913","POINT (-87.6209929134 41.8849871918)","41.884987192","-87.620992913","POINT (-87.6209929134 41.8849871918)"
"f8cae553d3e9056cab1f2f87c6d8c42151c360df","e8d374b4e7bc344add5893f1a1ae3b611823439ac1caf06087c4bf2cb6fe114201a38c49646f2851d86f9e73c21c1e99f29903cceb84612fd1118e3224528b2b","2023-12-31T21:30:00.000","2023-12-31T22:00:00.000","1140","5.1",,,"71","40","16.75","0","0","0","16.75","Unknown","Taxi Affiliation Services","41.744205146","-87.656305986","POINT (-87.6563059862 41.7442051463)","41.792357223","-87.61793138","POINT (-87.6179313803 41.7923572233)"
"45ff19d94d84aac909f6cc2f4ef64db90123ffa6","13016372e777da1289d557edbe4ce2be8a68e77bc64768acaf5e0539b10be2ca089238dc27408b49b17899014e6e178e17c3ba455812fd84024f93e266324439","2023-12-31T21:30:00.000","2023-12-31T21:30:00.000","363","0.82","17031081201","17031081500","8","8","6","5","0","0","11.5","Credit Card","Taxicab Insurance Agency Llc","41.899155613","-87.626210532","POINT (-87.6262105324 41.8991556134)","41.892507781","-87.626214906","POINT (-87.6262149064 41.8925077809)"
"6479e1ef7d4eaae4fdaa7c55c775e4bff99e6df5","96a96f52dbf30dc4376ecdb36a6bb955e242a3e2a281c110db95c47f337c786fd92e66121defe5c40dbcec5761ce728718165477882bd09821bd385072ca755c","2023-12-31T21:30:00.000","2023-12-31T22:00:00.000","1200","0.8",,,"28","76","35.75","0","0","0","35.75","Unknown","Taxi Affiliation Services","41.874005383","-87.66351755","POINT (-87.6635175498 41.874005383)","41.980264315","-87.913624596","POINT (-87.913624596 41.9802643146)"
"1056bb8dfc39221920ad4847753e4c90e5d105ba","294ae9e2f433bb460731f9199b1837de3cf88ad987a42b317534002023a9a4db6589aabb5bd0140538959513966436143f06a32f795c5167ef73c4006d7c7e75","2023-12-31T21:30:00.000","2023-12-31T21:45:00.000","1380","17.4",,,"76",,"42.75","14.75","0","30.5","88","Credit Card","Taxi Affiliation Services","41.980264315","-87.913624596","POINT (-87.913624596 41.9802643146)",,,
"0c82e4b674a5e2ce1d78a2b4254732c94a411bb3","7555f3aecc6ed3619f5e16fb9836afa9df7ee98d7ec261f5be88fb44ab81dff83f9292792a65316ab6a3a92764c8944ea4a56c9649bc4673c0f621b5549a3d96","2023-12-31T21:30:00.000","2023-12-31T22:00:00.000","1500","17.3","17031980000","17031320100","76","32","43","7","0","4","54","Credit Card","U Taxicab","41.97907082","-87.903039661","POINT (-87.9030396611 41.9790708201)","41.884987192","-87.620992913","POINT (-87.6209929134 41.8849871918)"
"f3b362655d092d68c38c9d11137f796493457876","de8e8659ceb9eb0da842a46b60c0a5207098ac69fc23ab1d6308a50a42e719c1b9d233d3b57a3591ee5789f9cc7e22e81496194980774e8035033e0788ec2633","2023-12-31T21:30:00.000","2023-12-31T21:45:00.000","591","1.75",,,"32","28","9","1.11","0","0","10.11","Mobile","Sun Taxi","41.878865584","-87.625192142","POINT (-87.6251921424 41.8788655841)","41.874005383","-87.66351755","POINT (-87.6635175498 41.874005383)"
"70c9afbfa4baf69626d01589c8036bb619901353","e2d8418fcdb061eee0a4318fba0a6a1200aaff0143feb0a74c7175a02ec7afca09f8c24de278cd0dee124d29dbfb2796407d069b90dfc13353d5d4ed02ecb0d5","2023-12-31T21:30:00.000","2023-12-31T21:45:00.000","710","0.9",,,"8","8","7.75","3","0","0","11.25","Credit Card","Chicago Independents","41.899602111","-87.633308037","POINT (-87.6333080367 41.899602111)","41.899602111","-87.633308037","POINT (-87.6333080367 41.899602111)"
"ddd660af509ab5d7e8ddec8756c356c6ed9cb202","6f45c05aa231c9dd389ebdb65ca751cd82ef7634766017a1240d6554bf91840a924cf3cd16564a1ca643c9b1880db706d977ab5164f4b0bd030e0fff21cb3934","2023-12-31T21:30:00.000","2023-12-31T21:45:00.000","668","2.12","17031071400","17031081700","7","8","9","1.59","0","0","10.59","Mobile","Flash Cab","41.922082541","-87.634156093","POINT (-87.6341560931 41.922082541)","41.892042136","-87.63186395","POINT (-87.6318639497 41.8920421365)"
"a907cc1b30ed3c4c845970314d7a46963c09c40b","00f4b381570486f8575cbaa57ed41f116ed2e1f9d85f73bb2f6dba13a72541761d2ad4cb1727990d97795a2b0bdd99f0e4a8826245c81dac443cebb1c19b26fb","2023-12-31T21:30:00.000","2023-12-31T21:45:00.000","1620","1.1","17031980000","17031330100","76","33","45.25","4","0","6","55.25","Credit Card","Taxi Affiliation Services","41.97907082","-87.903039661","POINT (-87.9030396611 41.9790708201)","41.859349715","-87.617358006","POINT (-87.6173580061 41.859349715)"
"cd1ba4969d7f9be6d1c3170e7984c58f72bc9028","141074afe6aae95a4613cde037b5ed73011d4d19017b59d970600d380294700d5ef4a72d0e7b050b68e1138a6e7ab1ebd82768c68b4d18bcb116d3990afecab0","2023-12-31T21:30:00.000","2023-12-31T21:45:00.000","1620","15.6",,,"76","7","39.75","8.8","0","4","52.55","Credit Card","Taxi Affiliation Services","41.980264315","-87.913624596","POINT (-87.913624596 41.9802643146)","41.922686284","-87.649488729","POINT (-87.6494887289 41.9226862843)"
"6840276b75b58eb748d0a4313f8e98ba4458c7e0","53c712575d7763eef95e1bd0c056f1d6c55b65bc3a2161458eb806b8e5d6581a310bf1d7172a4d2ed09e4678a315fafd058a3647928f79beb42e64c498e2836a","2023-12-31T21:30:00.000","2023-12-31T22:15:00.000","1860","0",,,"76",,"62","21.1","0","43","126.1","Credit Card","Taxi Affiliation Services","41.980264315","-87.913624596","POINT (-87.913624596 41.9802643146)",,,
"e5179fd8cf37b6a5446c4fd1e6d092c2f1c53706","842c6b006fcddcc1eb059c64c6129ed5edd0971d8943943075301b1845f3acafa4d74c84ac1a114a3c5e1534f081126e0012aaa85350643e7b5bdb97bbada08d","2023-12-31T21:30:00.000","2023-12-31T21:30:00.000","6","0",,,"31","31","20","5.12","0","0","25.62","Credit Card","Flash Cab","41.850266366","-87.667569312","POINT (-87.667569312 41.8502663663)","41.850266366","-87.667569312","POINT (-87.667569312 41.8502663663)"
"95f04e676b7bd975a35989bc7bc3b1e899bcb39d","5af45eaec078152b0be7971172bb74df2e875424eff12da61af867d30848554ac365fe8272ad32bcfaaa354b7ed2f726dd6eea4d20e1155dad44168d2bdd277c","2023-12-31T21:30:00.000","2023-12-31T21:30:00.000","529","1.87","17031071400","17031081700","7","8","8.5","0","0","1.5","10","Cash","Chicago Independents","41.922082541","-87.634156093","POINT (-87.6341560931 41.922082541)","41.892042136","-87.63186395","POINT (-87.6318639497 41.8920421365)"
"0317549d64d332401fa15fe69688da3f1422dbbd","f8f44c9d76773e3c761356078d786b151d2f206685454f64f76736d54bda25d7b9b96bb2271718561132707b3d65d14afbd26f146b8e6f659013376c82989ce0","2023-12-31T21:30:00.000","2023-12-31T21:45:00.000","720","0.3",,,"76",,"17.25","5.9","0","6","29.15","Credit Card","Taxi Affiliation Services","41.980264315","-87.913624596","POINT (-87.913624596 41.9802643146)",,,
"645de73b6449e513d01f5ba4a69b09708f9d53f6","64f59b7a01c1221ff4d8b829f37f54b6f6151a394c87332c81d475385bdbc9db985293bc87d969ab58f44e50d4d5205e47a5e39df8c38f10b034168b76cfbc7f","2023-12-31T21:30:00.000","2023-12-31T21:45:00.000","1043","4.42",,,"56",,"15.75","0","0","0","15.75","Cash","Taxicab Insurance Agency Llc","41.79259236","-87.769615453","POINT (-87.7696154528 41.7925923603)",,,
"9b9bce2f21e3f809992d51f3020cc2993e29e8ca","d133de68d7dfb2069cd26b91cc2e0a934b2e3d125f7ce76dcbe456015776df5e688727e0abdd8b0016cdff2072ef3f65f6e10b7694560473c0bea15f75d1d562","2023-12-31T21:30:00.000","2023-12-31T21:30:00.000","804","4.56",,,"3","22","13.44","3.36","0","1","17.8","Mobile","Taxicab Insurance Agency Llc","41.96581197","-87.655878786","POINT (-87.6558787862 41.96581197)","41.92276062","-87.699155343","POINT (-87.6991553432 41.9227606205)"
"b8f41e748f6554770384545edb6f7d0efeca7379","5d853881bf4f0ce73fc83652879af526b3cbe52d02c00898e01ccd026326725a9ad29b746b039ccf3210466409cea4dc93850ecd168db56341a920aa49840daa","2023-12-31T21:30:00.000","2023-12-31T21:45:00.000","594","0",,,"24","28","9","2.29","0","0","11.29","Mobile","Flash Cab","41.901206994","-87.676355989","POINT (-87.6763559892 41.9012069941)","41.874005383","-87.66351755","POINT (-87.6635175498 41.874005383)"
"cbe5c36ebbcab949ad6c87add95139350ac0cd10","0ccfc1f0f221ef68515db37020162334fcf99e9a7ccde2327823c9b43d09033020d1d4627af68268781594424c020042f5e95ca16acccf25aaf13281e8eefe75","2023-12-31T21:30:00.000","2023-12-31T21:45:00.000","900","8.2",,,"76",,"22.25","5.75","2","4","34","Credit Card","Choice Taxi Association","41.980264315","-87.913624596","POINT (-87.913624596 41.9802643146)",,,
"6c8195ab27c23a81faedb3dddca99d05186024ab","a62c69900a839836b3a663a20124f35e40a4b825bf0dae596af65e16fb3c569574db86ae50d38782c77003a6a07da82c3d150eaf30de9feadbad6c37edff63da","2023-12-31T21:30:00.000","2023-12-31T22:00:00.000","1695","16.19",,,"56","6","40.75","11.31","0","4","56.56","Credit Card","Taxicab Insurance Agency Llc","41.79259236","-87.769615453","POINT (-87.7696154528 41.7925923603)","41.944226601","-87.655998182","POINT (-87.6559981815 41.9442266014)"
"79c0edd07ab7a0ed32b3a23993c34a2b5fe8430c","6898e40854937399e0ef25dad63740d21b20593439090721b2f747b039ab24c5e74ebda726b98515a4b4c6b7dd9f87717cfc7c1b52e3a8b4d52245214f09d229","2023-12-31T21:30:00.000","2023-12-31T21:30:00.000","171","0.56","17031839100","17031280100","32","28","23.5","0","0","0","23.5","Cash","Flash Cab","41.880994471","-87.632746489","POINT (-87.6327464887 41.8809944707)","41.885300022","-87.642808466","POINT (-87.6428084655 41.8853000224)"
"3cac618aeafbe3685b2e4919d87e494d5eb8f86a","a908810e453517a999fae93d2e872dba6ba87bb4e6ea2ead982ad8ceb43d22508c25c5e75371dc57ac301708b43171fa3031bd92f75a304525103d0db749c9ad","2023-12-31T21:30:00.000","2023-12-31T22:00:00.000","1800","14.7",,,"76",,"37.5","6","0","4","47.5","Credit Card","Taxi Affiliation Services","41.980264315","-87.913624596","POINT (-87.913624596 41.9802643146)",,,
"b8c0a35a422887e13bbe3b22d20884686394e11d","eb45a5cf86f97931ee27a489ee764c997bcfdf01b5f21b30824e01d1129dca4da9898de875aaa1a4ceb2d23264d76ce5fe21441e7190d3b6eea3cf76f493e199","2023-12-31T21:30:00.000","2023-12-31T21:30:00.000","131","0.17","17031081201","17031081201","8","8","4","0","0","1","5","Cash","Taxicab Insurance Agency Llc","41.899155613","-87.626210532","POINT (-87.6262105324 41.8991556134)","41.899155613","-87.626210532","POINT (-87.6262105324 41.8991556134)"
"56104852096de9fef95a464a1efc031a97540496","63d6f8cde6f0de8a4cf504adc40f8c49c00358506766a65dba0031887a7a464eccfcc1083c3dde417f97abbc0de38eb0d4b4f2081d83de1301fc1ac0e5f4d43c","2023-12-31T21:30:00.000","2023-12-31T21:45:00.000","1620","0.8",,,"76","6","34.75","4","0","6","44.75","Credit Card","Taxi Affiliation Services","41.980264315","-87.913624596","POINT (-87.913624596 41.9802643146)","41.944226601","-87.655998182","POINT (-87.6559981815 41.9442266014)"
"b7fa464ec9e2d4675a9dbfcbe991ff22e7958c48","7cf0f8fb498ea690cb01cd0b0a67b48b518441a492b024fc8d87c2890b7e2c1c13e2fd4c5fe5952a2a90d47aca7f48013d6a0678308a5e537efa0dc326c3d40b","2023-12-31T21:30:00.000","2023-12-31T22:00:00.000","1642","10.26",,,"28","39","30","0","0","0","30","Prcard","Flash Cab","41.874005383","-87.66351755","POINT (-87.6635175498 41.874005383)","41.808916283","-87.596183344","POINT (-87.5961833442 41.8089162826)"
"805169962db8d3dc8fddeb7774d07b9855ccda66","b3ee94a13b61037620cbbfc6a4a106d2ad628a06f0988f1eba5586d5387776d3781d71244392ff9c1afd5b69e65dfec45b2a936c2d101209044ff6365121ed6f","2023-12-31T21:30:00.000","2023-12-31T21:45:00.000","300","0","17031081500","17031081300","8","8","5.5","0","0","2","7.5","Cash","Taxi Affiliation Services","41.892507781","-87.626214906","POINT (-87.6262149064 41.8925077809)","41.898331794","-87.620762865","POINT (-87.6207628651 41.8983317935)"
"225e020ee56903ab075a16077c75f185602eeae8","7b6db2bfb6f570dc013061147b1fbe93975a5d556c6666912aac0b5c1cfa3e8f50cffa16fa56e8e9b1b4c032d7cd6b494bc5174a4e85cd18fff68ff16091bff1","2023-12-31T21:30:00.000","2023-12-31T21:45:00.000","283","1.03",,,"32","33","6","0","0","0","6","Cash","Medallion Leasin","41.878865584","-87.625192142","POINT (-87.6251921424 41.8788655841)","41.857183858","-87.620334624","POINT (-87.6203346241 41.8571838585)"
"803006a44109722828d442ddf3235595e3bbfd1f","ae708f295169b3a30fb94aaaf518cd93baae96390a510818b099c3683ab683ffc707c14e395ba3a482d73d03e3ef7b075cb46723930374f2c56c9cc15d9d324f","2023-12-31T21:30:00.000","2023-12-31T21:45:00.000","660","1.26",,,"8","8","7.5","0","0","0","7.5","Cash","Blue Ribbon Taxi Association","41.899602111","-87.633308037","POINT (-87.6333080367 41.899602111)","41.899602111","-87.633308037","POINT (-87.6333080367 41.899602111)"
"880714f1b26a1983d0cb0f07e320363ef4261cae","3618045f9110d4d88482266ade23659c1a50d32ac37f205c15614b1ada9d4ca14b171329afed5dfd81c7525bd5a05fe614cb63b2aa48d920626b519e20d9e146","2023-12-31T21:30:00.000","2023-12-31T21:45:00.000","720","3.8",,,"28","8","12.75","0","0","1","13.75","Cash","Taxi Affiliation Services","41.874005383","-87.66351755","POINT (-87.6635175498 41.874005383)","41.899602111","-87.633308037","POINT (-87.6333080367 41.899602111)"
"26785cc19d30703139f5a53d59571c522fad684c","f6db72e04ae8ef4d6fd82c21bacd9599a3487e7ba5b829bda6ea839de54142e2ec85d280a49af6305aa413dce1e87b5cc097acf6650b85f16efee35a7b054a7d","2023-12-31T21:30:00.000","2023-12-31T21:30:00.000","520","1.49",,,"8","7","7.75","0","0","0","7.75","Cash","Flash Cab","41.899602111","-87.633308037","POINT (-87.6333080367 41.899602111)","41.922686284","-87.649488729","POINT (-87.6494887289 41.9226862843)"
"7088880f551dddf292496c4148e07494e65ea9c3","335c61713b446303eb964d3aa88629948d888393be601ee82b0b619cec0c7e778839471cad460d6d5aeb0195f651894beeb4b4f2f7ffa1c4dd10fd35dfb076b5","2023-12-31T21:30:00.000","2023-12-31T21:45:00.000","858","3.93",,,"8","33","30","0","0","0","30","Cash","Sun Taxi","41.899602111","-87.633308037","POINT (-87.6333080367 41.899602111)","41.857183858","-87.620334624","POINT (-87.6203346241 41.8571838585)"
"6fd087579e5047736c6930cb82539c178ae7519e","196d0cab116da01f1cb8685842d0ce1052d6e0b368d7d5cd560154f6d7a7f0b94903fbd090629f3172f2103f9b3eaf359d0024e4c29007ab571c961ee2241f67","2023-12-31T21:30:00.000","2023-12-31T22:00:00.000","1500","0",,,"76",,"29.75","0","0","6","35.75","Cash","Taxi Affiliation Services","41.980264315","-87.913624596","POINT (-87.913624596 41.9802643146)",,,
"00d4ab91c7b7e508b1ea43156980fec2e3420703","be562a9e27b1b0f1c4fb829b66a20d6865c54fcddcc1909039b49e34625e6310a060183676fb2eafb2757d8eb5cbde1c8d18b9f990047415306e49fc8a380b5d","2023-12-31T21:30:00.000","2023-12-31T21:45:00.000","1111","2.53","17031081402","17031330100","8","33","12.75","3.31","0","0","16.56","Credit Card","City Service","41.891971508","-87.612945414","POINT (-87.6129454143 41.8919715078)","41.859349715","-87.617358006","POINT (-87.6173580061 41.859349715)"
"7f918e66d1022887b2add85a887799266119b3eb","6bc975b054cd112a098b45c12b9757d29fe9abd8103cc378b4b45873e0dfa0d4182cf841ae55f6f28074dcf212edef898f1fae8f952247302a42d5cd5a65e1e3","2023-12-31T21:30:00.000","2023-12-31T21:30:00.000","395","0.75","17031081700","17031839100","8","32","6","1.6","0","1.5","9.6","Mobile","Flash Cab","41.892042136","-87.63186395","POINT (-87.6318639497 41.8920421365)","41.880994471","-87.632746489","POINT (-87.6327464887 41.8809944707)"
"1305474c05b6ce39b185fda572cb724b54fce676","f509c57d2f0b196f54d9b751ce2a1b6e956f378841b1e88b178bed2240a6aa347b50ef81087dff1f91efb1a52f5580848cd8467316b6eb4d02f2642814b8996e","2023-12-31T21:30:00.000","2023-12-31T21:30:00.000","60","0","17031838200","17031838200","28","28","3.5","0","0","0","3.5","Cash","City Service","41.870415","-87.675085621","POINT (-87.6750856208 41.8704150003)","41.870415","-87.675085621","POINT (-87.6750856208 41.8704150003)"
"1da7c83256d3c76e0a0bd77c3350ba86f3a2e833","a43d80513b519b01df933c10ec09d170add6868927049271ede3901739783685886f72063188ffb0614533e067fff866dc025119e3128dfd7fe5889f436ef3b8","2023-12-31T21:30:00.000","2023-12-31T22:00:00.000","1655","1.05","17031839100","17031081402","32","8","13","0","0","2","15","Cash","Taxicab Insurance Agency Llc","41.880994471","-87.632746489","POINT (-87.6327464887 41.8809944707)","41.891971508","-87.612945414","POINT (-87.6129454143 41.8919715078)"
"0930e1a183735fcd6fc9cdf650d1fc3b8a4a8c3e","15ebaceb1f5e522414ecc2fb3af8775a525ccbb8427e69e5d58364f166a9f2bb11ad29b537e2363c505dec29d069e10ea10d6e836077ce25883c5d8fa0dad189","2023-12-31T21:30:00.000","2023-12-31T21:45:00.000","518","0",,,"8","24","9","0","0","0","9","Mobile","5 Star Taxi","41.899602111","-87.633308037","POINT (-87.6333080367 41.899602111)","41.901206994","-87.676355989","POINT (-87.6763559892 41.9012069941)"
"327d55110b1af0d1b3d087e645e74bedb9343d9d","4c44c95be8b37539aff5ca9e7840cd7951ebf1fa73d62ed3d6b10ec6d2d989ea511d9093cbb739d708c85294f87e9ee27112d5b717c0685fab080f43458a38f4","2023-12-31T21:30:00.000","2023-12-31T21:45:00.000","846","2.09","17031833000","17031320100","28","32","9","1.71","0","0","10.71","Mobile","Taxicab Insurance Agency Llc","41.88528132","-87.6572332","POINT (-87.6572331997 41.8852813201)","41.884987192","-87.620992913","POINT (-87.6209929134 41.8849871918)"
"da420d8540997c75dcd82a7073c50d3d3ae8a3f9","780424fddffb94d4d8541780c7ad1a953ef87d12a20defd8dc6acf00a5d72b2ec302bd09117e3d4bbbbf9efcd6918f3f0ea7a46b98a4f009b380ce17e46df7a6","2023-12-31T21:30:00.000","2023-12-31T22:00:00.000","1957","13.94",,,"56","8","37.25","8.75","0","6","52.5","Credit Card","Globe Taxi","41.79259236","-87.769615453","POINT (-87.7696154528 41.7925923603)","41.899602111","-87.633308037","POINT (-87.6333080367 41.899602111)"
"39f3b2448883d0f1d9879492f6b5441167f10828","11c21d0290e089e5de4a3c49612642df5cd364c7fd1bf8b7ef0fda5f780373cb3173b46bb77ab2c0f6d8eae6293f67c83a1e2fb918f682d8781b86fc2bee6d73","2023-12-31T21:30:00.000","2023-12-31T22:00:00.000","1526","17.01",,,"76","8","43","4","0","5","52.5","Credit Card","Star North Taxi Management Llc","41.980264315","-87.913624596","POINT (-87.913624596 41.9802643146)","41.899602111","-87.633308037","POINT (-87.6333080367 41.899602111)"
"04e0f9f287edc6439f0498710d62d2083de84bb5","093e9e4c05ea53bf75c51763839d5f5bd5d1785c11ee5ec5e805c14bcb833c9fbfd81ab2b7874a85cba14046e54062335b2221738a0bb0bf1ddcfe83a7efa382","2023-12-31T21:30:00.000","2023-12-31T21:30:00.000","617","1.37","17031320100","17031081700","32","8","7.75","0","0","1.5","9.25","Cash","City Service","41.884987192","-87.620992913","POINT (-87.6209929134 41.8849871918)","41.892042136","-87.63186395","POINT (-87.6318639497 41.8920421365)"
"0238146533a64358463a638190f7e100620a053d","42574f4a000f78c9ccbf2cfc282f31617096a9fea4a0d58dad337de31ecbad3a0c484e1d6912e31ab083f741aa522b743a23a95033eab5f3d68ed4bc63926768","2023-12-31T21:30:00.000","2023-12-31T22:00:00.000","1200","0.9",,,"76","24","38.5","5","0","5","48.5","Credit Card","Taxi Affiliation Services","41.980264315","-87.913624596","POINT (-87.913624596 41.9802643146)","41.901206994","-87.676355989","POINT (-87.6763559892 41.9012069941)"
"8e7d525d4dd877ecebc9ea08c5cfeef1c4710b19","e4af2b2e69721524f8a3c3130f9a0a185666892a933040a6dbb8df75ba4a0d51c09f3db3babd9fae1cb0d6202421caf5ae8be505490e7e9fb715214349daddda","2023-12-31T21:30:00.000","2023-12-31T21:45:00.000","878","0.98",,,"8","8","9","0","0","1","10","Cash","Taxicab Insurance Agency Llc","41.899602111","-87.633308037","POINT (-87.6333080367 41.899602111)","41.899602111","-87.633308037","POINT (-87.6333080367 41.899602111)"
"051aceeb0ee76706fa1b34a29ff0747776bff117","beb0579501b2745e10d12af72f99864d506abb7c5de1ebad3505133ac3bfb207ffff4cb70c00072aa1895c9f657b9535457108289825085a790991d82994f854","2023-12-31T21:30:00.000","2023-12-31T22:00:00.000","1800","18.1",,,"76",,"45.5","0","0","5","50.5","Cash","Taxi Affiliation Services","41.980264315","-87.913624596","POINT (-87.913624596 41.9802643146)",,,
"862dc8153c62aefb14afd6945f8271233a86efeb","84c1b73a53716992bb15f3ebdef723af162153556c14312408a3ff41dd5e13168351fee9aaf0ad1aa537540c771aafdc3f21feb227c881d906946839dcc48c37","2023-12-31T21:30:00.000","2023-12-31T21:45:00.000","744","1.41",,,"32","8","8.5","0","0","0","8.5","Cash","Medallion Leasin","41.878865584","-87.625192142","POINT (-87.6251921424 41.8788655841)","41.899602111","-87.633308037","POINT (-87.6333080367 41.899602111)"
"05eb5928f57c3cc6474c51661915d30a82d87526","05e98fcdd5101fb75c828458c6af3370de5f0ffcf07892bc18424ea3b2682621dbc981d8be1f2f634479d1004e37e56bda7bc8c5e41aac1689718987981c2e29","2023-12-31T21:30:00.000","2023-12-31T22:15:00.000","2820","40.4","17031980000",,"76",,"94","0","0","55","149","Credit Card","Taxi Affiliation Services","41.97907082","-87.903039661","POINT (-87.9030396611 41.9790708201)",,,
"588e57da7f496d71282572ae1c90cd17869ae47f","f8885a88420906f7a1f6859d9951b4df65c56c52e9ad0bd395a43efb7ed2a264130b01b70984e914e6a4c12c5dcbe18189ad0770a34e7ff2f05d8dd6f5b32642","2023-12-31T21:30:00.000","2023-12-31T21:30:00.000","529","1.5",,,"8","24","7","0","0","1","8","Cash","Chicago Independents","41.899602111","-87.633308037","POINT (-87.6333080367 41.899602111)","41.901206994","-87.676355989","POINT (-87.6763559892 41.9012069941)"
"0bc00d7a294489532609ef0996e74539854f1178","c85b14c46a0a7fc5391cdfbf0a516073a276dca0cf6a985e8796935fafbe8376fb4b6d81af836a64a2b5324cbeb8e13cc73d5be94eee3529e0d83a91af265a77","2023-12-31T21:30:00.000","2023-12-31T21:45:00.000","600","0",,,"76",,"29.89","5","0","0","34.89","Credit Card","Chicago Independents","41.980264315","-87.913624596","POINT (-87.913624596 41.9802643146)",,,
"6eef712efa49f131b0d2f51f640b202870aaf168","83a03e93bf25ce653700ec8360c79b5f393ab5c9167f31f9151dd36c7f91538049c1e558bcda79475f8858037ab10446b5ad23997ffea791fe87fc56304eff34","2023-12-31T21:30:00.000","2023-12-31T22:00:00.000","1920","10.9",,,"76",,"30.75","7.35","0","5.5","43.6","Credit Card","Taxi Affiliation Services","41.980264315","-87.913624596","POINT (-87.913624596 41.9802643146)",,,
"6b4780552c9ae74aa8c4b32ef9840697f2298aad","6c1e4e8e25a1b47575b359c5a0844cf23c50e540a86ecd0716fcd41f8c69995471259465f9936a4f3f80ba88d9ef7a2f9f02c40102f1c5c21b8f23f77ef48d84","2023-12-31T21:30:00.000","2023-12-31T21:45:00.000","722","2.04","17031081100","17031833000","8","28","9.25","0","0","1","10.25","Cash","Flash Cab","41.900221297","-87.629105186","POINT (-87.6291051864 41.9002212967)","41.88528132","-87.6572332","POINT (-87.6572331997 41.8852813201)"
"c6f06584d7e65cb936cc621ce51c81535bb5466c","4628ef9dfa973bdfe877c5aa9d9738f9dc1204e54f2f1a4cc18141f37e2e66d080533f82510a96d1525b28eee833696f7e1337e9999a38f2fd5babf71585a344","2023-12-31T21:30:00.000","2023-12-31T21:45:00.000","885","3.01",,,"7","24","10.1","2.4","0","0","12.5","Mobile","Chicago Independents","41.922686284","-87.649488729","POINT (-87.6494887289 41.9226862843)","41.901206994","-87.676355989","POINT (-87.6763559892 41.9012069941)"
"99d55c66414105b754334228c0177af1bbe3001e","8dd990653cc2793d96b80ae45e928afc9a590b21b491eea3f522f42a72a5d323e79997fb7b2aab3486de73e89a4c9ae8e8cc377056b9b0d3de37ab822ce2cf33","2023-12-31T21:30:00.000","2023-12-31T22:00:00.000","1395","1.65","17031081500","17031081402","8","8","9","0","0","2","11","Mobile","Sun Taxi","41.892507781","-87.626214906","POINT (-87.6262149064 41.8925077809)","41.891971508","-87.612945414","POINT (-87.6129454143 41.8919715078)"
"021afb9f4ce164c3fc4a98ab68769454f529cf85","31d18c12a75eaeb647e36a502a0c3e548fe4e08ed6f7f46a19c5aa1323e963e9d5d6277727d4a41f4f15077fb84bac332fd855f62f0f4013d1853e4f061b4d6a","2023-12-31T21:30:00.000","2023-12-31T21:45:00.000","1221","11.11",,,"28",,"30.5","0","0","0","30.5","Prcard","5 Star Taxi","41.874005383","-87.66351755","POINT (-87.6635175498 41.874005383)",,,
"41c5b41fc2bf7b6775fdd4826803de82ec53ab67","f1ed8794238deb1c8f7c3759aa096ae20e3e769cc4c9ad6b0b5622db04a03ad19f07235a1fb70f90e0402c5d563ced420495c06f0ecb27469bc95d56af5841c8","2023-12-31T21:30:00.000","2023-12-31T21:30:00.000","545","3.38",,,"60","32","15.24","3.34","0","0","18.58","Mobile","Flash Cab","41.836150155","-87.648787952","POINT (-87.6487879519 41.8361501547)","41.878865584","-87.625192142","POINT (-87.6251921424 41.8788655841)"
"8d55c769a73519a558a4753ffbbb8a2cb3b419ae","9400757c30cc4592f54bcd4d10f8cb2a5db5bd507f285fd365de4e15488c0949522b140dddf750a438bba104b1d5a04129d8c9c9a0fc0e4690b582d5a51390f8","2023-12-31T21:30:00.000","2023-12-31T21:45:00.000","911","1.24",,,"8","8","9.25","2","0","0","11.25","Mobile","Flash Cab","41.899602111","-87.633308037","POINT (-87.6333080367 41.899602111)","41.899602111","-87.633308037","POINT (-87.6333080367 41.899602111)"
"07548a9429833a5ce9cd6cd726f8d88eaf6cc741","35b81d25f9e3f38374fc15fd3f76084311a7ab45e64ab70820bd570b6fedb05f275401926a3d47e640849a0161683668e04bc198a45bdc07fdd7afe96b28d518","2023-12-31T21:30:00.000","2023-12-31T21:45:00.000","903","3.8",,,"76",,"13.25","0","0","4.5","17.75","Cash","Chicago Independents","41.980264315","-87.913624596","POINT (-87.913624596 41.9802643146)",,,
"d7a425930982ef5a36987d19500fda5e857e3a7b","df7f095eceaff9d875d832c9d2f3c0958f1c098d35ac69cfe0d21dc462c44c52d17485832d48703e2abad6f09fefdb1389097a31f3fa517cc4b65bb809a35c0f","2023-12-31T21:30:00.000","2023-12-31T21:45:00.000","1030","12.89",,,"76","22","32.5","7.4","0","4","44.4","Credit Card","Flash Cab","41.980264315","-87.913624596","POINT (-87.913624596 41.9802643146)","41.92276062","-87.699155343","POINT (-87.6991553432 41.9227606205)"
"c664e50dd6d303408722f9eef74a64d473da5680","fb0ce19e30e712c77c57cfdb6ef729c2d2ad73225d9ec3b541ddab78f8a281a073a93fd94232bb4c2397cade115fb3727045daeb602fcefd00df53cf6da9d563","2023-12-31T21:30:00.000","2023-12-31T21:45:00.000","791","1.17","17031081500","17031081403","8","8","8","0","0","1.5","9.5","Cash","Flash Cab","41.892507781","-87.626214906","POINT (-87.6262149064 41.8925077809)","41.890922026","-87.618868355","POINT (-87.6188683546 41.8909220259)"
"01e074213f852fe8c142e68cdd778625a44ed068","73671d8d04e67d4eabdbbab93357ea36c3aa7afd6e6a2881cf21f258b52f43882fc07437fedb05acc79f872e8592d804fcb992f289567500f15606511eb70745","2023-12-31T21:30:00.000","2023-12-31T21:45:00.000","479","1.5",,,"8","7","7.5","0","0","0","7.5","Cash","Blue Ribbon Taxi Association","41.899602111","-87.633308037","POINT (-87.6333080367 41.899602111)","41.922686284","-87.649488729","POINT (-87.6494887289 41.9226862843)"
"a3013967101953b4f371574eb725bc29201fa1dc","80dfad24d2431332619d27e7cc7d874a2a3ae2e6dc00f7f62b873c39b0196397cde05c516ca57de730999bac78e27c33fed120d7bcd45ffefce39e97b30c85f0","2023-12-31T21:30:00.000","2023-12-31T22:00:00.000","1296","4.12",,,"8","24","14.17","3.32","0","0","17.49","Mobile","City Service","41.899602111","-87.633308037","POINT (-87.6333080367 41.899602111)","41.901206994","-87.676355989","POINT (-87.6763559892 41.9012069941)"
"ebaecd0fff55343ce3a8f6b3e36bdb0022db63bb","3835dded237bfc6b12d2181ec37148bd8385590f81597f643e6775df78ed87f2624ed43201cf94fdccdad7080da7a78290ff20e3c218834cc073389ebb82fb3c","2023-12-31T21:30:00.000","2023-12-31T21:30:00.000","611","1.7",,,"8","24","8.25","2","0","1","11.75","Credit Card","Blue Ribbon Taxi Association","41.899602111","-87.633308037","POINT (-87.6333080367 41.899602111)","41.901206994","-87.676355989","POINT (-87.6763559892 41.9012069941)"
"a2cf2736cf31adca07200576a919cac76ce180eb","4477f5eda3c0c9379d7526db1b5029184a7d75a2adcad3b338b20c83f351865360b02546bc50125c663edc0ed86b206261dc50f7f002199e4d0880802c51311d","2023-12-31T21:30:00.000","2023-12-31T21:45:00.000","692","2.53",,,"7","28","10.25","0","0","0","10.25","Cash","Medallion Leasin","41.922686284","-87.649488729","POINT (-87.6494887289 41.9226862843)","41.874005383","-87.66351755","POINT (-87.6635175498 41.874005383)"
"0ecda543b8b4ccb8f5ca37a5fec2a2addf304679","4a991432c3e0600b9c919a01148b17b866d29a41751b95a72fa71486c1927c3e9233ede6837d7860faca81e668aa83d07543f50253040e70a6507b10590381ec","2023-12-31T21:30:00.000","2023-12-31T21:45:00.000","720","0","17031839100","17031081800","32","8","8.5","0","0","0","8.5","Credit Card","Taxi Affiliation Services","41.880994471","-87.632746489","POINT (-87.6327464887 41.8809944707)","41.89321636","-87.63784421","POINT (-87.6378442095 41.8932163595)"
"cb68fc4ec5dce1c7dd6541d16c9c26e1210c0423","6898e40854937399e0ef25dad63740d21b20593439090721b2f747b039ab24c5e74ebda726b98515a4b4c6b7dd9f87717cfc7c1b52e3a8b4d52245214f09d229","2023-12-31T21:30:00.000","2023-12-31T21:45:00.000","454","2.95",,,"24","7","23.5","4.8","0","0","28.8","Credit Card","Flash Cab","41.901206994","-87.676355989","POINT (-87.6763559892 41.9012069941)","41.922686284","-87.649488729","POINT (-87.6494887289 41.9226862843)"
"e8d1439119c66ea23a9af21b43de903cddfffb2c","e0f0dfba8628846b3c4022833a14ce311c40ac2408a325f76a281fc8fa2e29a9e59d0880d6e26b70e250da812cf3b2b1469dc5a0a239a901119efab1e99ac3e1","2023-12-31T21:30:00.000","2023-12-31T21:30:00.000","460","1.92",,,"7","8","9","2","0","0","11","Mobile","Sun Taxi","41.922686284","-87.649488729","POINT (-87.6494887289 41.9226862843)","41.899602111","-87.633308037","POINT (-87.6333080367 41.899602111)"
"d46d6c1a1e6f43656fe4e00acb3cfeaa1562fdbe","3b95cedc13d4a99243e1974616a6a25267c25878336faa586d4372370c847c3618753718dca887e3713efb476a5af11bc5f5a86c9785c9f749ca45f3f8be4764","2023-12-31T21:30:00.000","2023-12-31T21:45:00.000","1020","0.5",,,"56",,"24.75","4","0","16.5","45.25","Credit Card","Taxi Affiliation Services","41.79259236","-87.769615453","POINT (-87.7696154528 41.7925923603)",,,
"e7e75e4c9234089283fd4df1c4e056e8fb3eef39","fa00293f740bb9c2bdaf0b119dfc057ebbe9ea87ae533da0e97a0bc475978f80f8e91ae04c8c4b1d2729685356a8a80a368f4093a16ec62261da341d0aecc400","2023-12-31T21:30:00.000","2023-12-31T21:30:00.000","282","0.62",,,"28","28","5.25","2","0","2","9.75","Credit Card","Medallion Leasin","41.874005383","-87.66351755","POINT (-87.6635175498 41.874005383)","41.874005383","-87.66351755","POINT (-87.6635175498 41.874005383)"
"3e0adb45c1f97a6d24b03f2ec3f58d81c0f546df","b2faa1d3e1b91bb0e84ca332617afa61667a5e8d8bc09867a441a8fba87bc8b82c0e3d0be873b2a142f0fdcc94a003101cc022009d68c05d8c0a6651b8d980fa","2023-12-31T21:30:00.000","2023-12-31T21:45:00.000","868","1.26","17031081201","17031081300","8","8","9","3","0","0","12.5","Credit Card","5 Star Taxi","41.899155613","-87.626210532","POINT (-87.6262105324 41.8991556134)","41.898331794","-87.620762865","POINT (-87.6207628651 41.8983317935)"
"5533b137ae64aa07b14fd80bf67882febfb08959","ad4b1730fcbfdb84e41313179a688924012db322823f487d70ffcdbf1fa0e9ec11c35045af7e7cf561db41f5a46939ab7ea0565dc6fa26a0d14f68f6f568b92e","2023-12-31T21:30:00.000","2023-12-31T21:30:00.000","387","1.34",,,"3","6","7","4","0","3","14.5","Credit Card","5 Star Taxi","41.96581197","-87.655878786","POINT (-87.6558787862 41.96581197)","41.944226601","-87.655998182","POINT (-87.6559981815 41.9442266014)"
"989a221404994c1b0048a1c8cd06743ee1c04a83","1cbeb81c014454ffb50758bd2968302bb9a443b3df98897b83f1b07a93feab7f3d96782a5c1058000b31c3ef6754e8b8bee29fa86df395bf794bd81a52d380fe","2023-12-31T21:30:00.000","2023-12-31T21:45:00.000","1260","11","17031980100","17031330100","56","33","29.25","5.98","0","4","39.23","Credit Card","Chicago City Taxi Association","41.785998518","-87.750934289","POINT (-87.7509342894 41.785998518)","41.859349715","-87.617358006","POINT (-87.6173580061 41.859349715)"
"4e1536e429fab6393f9f0cb23817dafa115559a8","20f934fdbdc9a49b1c77a16499683727101bc8c3184739476513e131faebd5d84541834ef672ee50968f139dc7b8d0c4628d6c7a91ce1c54bd58588dcada9e87","2023-12-31T21:30:00.000","2023-12-31T21:30:00.000","571","0.76","17031081700","17031081500","8","8","6.25","0","0","0","6.25","Cash","Chicago Independents","41.892042136","-87.63186395","POINT (-87.6318639497 41.8920421365)","41.892507781","-87.626214906","POINT (-87.6262149064 41.8925077809)"
"ddbfd347b3255803225e94e82c31087959ad7473","ad3406bedb9f10f12fbb5e1f1f7236e883379fd7b58c64c41fbefce5326dc357532f077507a751d62f5121698539f7f7afcafac1256233b917dfaf0baa78cd8f","2023-12-31T21:30:00.000","2023-12-31T21:30:00.000","417","1.53",,,"77","1","7.5","0","0","0","7.5","Cash","Flash Cab","41.9867118","-87.663416405","POINT (-87.6634164054 41.9867117999)","42.009622881","-87.670166857","POINT (-87.6701668569 42.0096228806)"
"9c899f66b2945fbf74fb8f23d63aec5948f9550a","4e04293a1ab799479725ae45fabd3c04bb33c9e46ad0de3d23c6d077663bed16a4e0f9e3ceb87af3395a629618b17d38dea49b6468bd88f9dee683481fe4944a","2023-12-31T21:30:00.000","2023-12-31T22:00:00.000","1693","7.96",,,"32","77","19.35","4.5","0","0","23.85","Mobile","Star North Taxi Management Llc","41.878865584","-87.625192142","POINT (-87.6251921424 41.8788655841)","41.9867118","-87.663416405","POINT (-87.6634164054 41.9867117999)"
"1ae305325fa92b40eea59394cb47cd57cd489013","27d008f238085ace4d02aea9295d2a1cccae08952fc70243472495016fd6cde7551214ef22474ef8c3d740320d70a18f715b240115306550848d23dfbdeea96d","2023-12-31T21:30:00.000","2023-12-31T21:30:00.000","295","0.64",,,"8","8","5.25","0","0","1","6.25","Cash","Flash Cab","41.899602111","-87.633308037","POINT (-87.6333080367 41.899602111)","41.899602111","-87.633308037","POINT (-87.6333080367 41.899602111)"
"64726374c817080d3bad10b055331b05d1910862","dec67a4fc6ba6a0b279c4f8ebaba8c9c160e469d03cb20e8749fdf40156ee90ad9521f01f9c869699e9e2e5e097f6457aab89a88e76b33785fb1f585ca30835f","2023-12-31T21:30:00.000","2023-12-31T21:45:00.000","514","0",,,"28","28","9","2.22","0","0","11.22","Mobile","Flash Cab","41.874005383","-87.66351755","POINT (-87.6635175498 41.874005383)","41.874005383","-87.66351755","POINT (-87.6635175498 41.874005383)"
"6c3419934f1389fad3788df74b66fe0d3edf964d","a8107c5481ea5eed4d6fa93cd1648f3f69c6822a6fff49ffd923bb75143c36a7f99d7a4af12ec68d9a85591a64671de48d14ba70d22501698b01747effc01cb1","2023-12-31T21:30:00.000","2023-12-31T21:30:00.000","548","2.32",,,"8","7","9","2.66","0","0","11.66","Mobile","Chicago Independents","41.899602111","-87.633308037","POINT (-87.6333080367 41.899602111)","41.922686284","-87.649488729","POINT (-87.6494887289 41.9226862843)"
"410d2141396b6b89a27d5bf76f4df82350bae996","d461dc72b7a599bfba3f33fae867f5530e0c5aa5c200d89b4a5cbd270da1eba6488b76e3ce70a8371b8242f3529dd35a1230f16dc7e7bf2626243840f6261b97","2023-12-31T21:30:00.000","2023-12-31T21:45:00.000","760","7.24",,,"8","39","31.36","6.66","0","0","38.02","Mobile","Taxicab Insurance Agency Llc","41.899602111","-87.633308037","POINT (-87.6333080367 41.899602111)","41.808916283","-87.596183344","POINT (-87.5961833442 41.8089162826)"
"a8446f7817bf1e6847872f21cb7721865cf2bca6","1d71c9a7807a6c7df7e3e11383c7629d3ab54a0f43484fa103bdb8eb34666e503aa389a0dae5cd8426e58df2a323c2b912faca6c0daeafe393d85724a7cea0fe","2023-12-31T21:30:00.000","2023-12-31T21:45:00.000","318","2.38",,,"8","7","8.75","0","0","1","9.75","Cash","Sun Taxi","41.899602111","-87.633308037","POINT (-87.6333080367 41.899602111)","41.922686284","-87.649488729","POINT (-87.6494887289 41.9226862843)"
"08bd58afc40a963eb905fe10cf923a5a78a68390","829dced7036593da33254d88a2d065c1698fc377e76c93f5401b6421fcb3c618860b632a5932a359a4893a40a0e75a5f3106811716625dd84ff683aff0dd7877","2023-12-31T21:30:00.000","2023-12-31T21:45:00.000","1260","0",,,"33","7","18","5.5","0","0","23.5","Credit Card","Taxi Affiliation Services","41.857183858","-87.620334624","POINT (-87.6203346241 41.8571838585)","41.922686284","-87.649488729","POINT (-87.6494887289 41.9226862843)"
"76ef95599cfa2a6c3caa2342f6f08ef6eb5a5d66","6fe3a00b45ce19e32d13df6abf236857b542db5a6bfed7ae16a090dc02f8d93f269f9b2b0b39e919cfad668d506db73a37f0787b1334b335016ccbd44531f626","2023-12-31T21:15:00.000","2023-12-31T21:30:00.000","618","1",,,"8","32","7.5","0","0","1.5","11.5","Cash","Flash Cab","41.899602111","-87.633308037","POINT (-87.6333080367 41.899602111)","41.878865584","-87.625192142","POINT (-87.6251921424 41.8788655841)"
"feebe51427c4fa25718bcc4d1b29f882c12b27af","10a3a3db038a616cf1e784ef0c6bb9dd6e3d2cfb94f50e927e704d66ceb6313a1cc7b6bf620e40eeb4082ef0447c141bef6e0c8845682a91eae882021b75bc74","2023-12-31T21:15:00.000","2023-12-31T21:30:00.000","407","0.57","17031839100","17031081700","32","8","5.75","0","0","0","5.75","Cash","Sun Taxi","41.880994471","-87.632746489","POINT (-87.6327464887 41.8809944707)","41.892042136","-87.63186395","POINT (-87.6318639497 41.8920421365)"
"46b19fc1bd7d95d97ef640e8bbabc2b06b645f1d","b93891115fae950e569cac0f2348202c6de7235082a3504f7078ef4504d17325692a9511543c8f23777451dc4f1f013c6001c6a09f42aee9ebd46b53bd4214fe","2023-12-31T21:15:00.000","2023-12-31T21:45:00.000","1619","11.03",,,"25","6","29.5","0","0","0","29.5","Cash","Flash Cab","41.890608853","-87.756046711","POINT (-87.7560467111 41.8906088526)","41.944226601","-87.655998182","POINT (-87.6559981815 41.9442266014)"
"4a7474d2fb2fab7acd25431482cd4cf00d54eb91","da1f1726f4ce251e2be79a9d7062ffb2298080117049d80900116e18d9beeb6892e561a91e53af84f46d513fd509b77070b532b85d6695dede4bc1eecbaaaaf6","2023-12-31T21:15:00.000","2023-12-31T21:15:00.000","540","1.8",,,"7","8","8.75","0","0","1","9.75","Cash","Taxi Affiliation Services","41.922686284","-87.649488729","POINT (-87.6494887289 41.9226862843)","41.899602111","-87.633308037","POINT (-87.6333080367 41.899602111)"
"e4a2318afbbb744c3a43e66b77e1061ff9f6fe86","4399985da5ca143d850858bc197bf4a744366cfc19bb86db009acacf2c15ee12944e1647c09ad85dc966eff4a0f2cb5540ac336fd895743f5bd7cf144e4a190b","2023-12-31T21:15:00.000","2023-12-31T21:45:00.000","1794","16.2",,,"76",,"40.75","0","0","6","46.75","Cash","5 Star Taxi","41.980264315","-87.913624596","POINT (-87.913624596 41.9802643146)",,,
"fe540a0f10e6f20ee116dcb7d639ee4e6de64606","e1cf6c401b0eff9128dad27435a344db33ed69d2be0a63a302a476bc9e332e10fbb4351f7bdb0db10288b691e1375e5f1aae4859451d3d65a68eac5bbce01e61","2023-12-31T21:15:00.000","2023-12-31T21:30:00.000","547","1.66",,,"24","8","9","2.28","0","0","11.28","Mobile","5 Star Taxi","41.901206994","-87.676355989","POINT (-87.6763559892 41.9012069941)","41.899602111","-87.633308037","POINT (-87.6333080367 41.899602111)"
"fc65213577630e6ec9809c171564c736fb324f92","6dcd43a953f0c1bdfc49fe8260b9504af2cc45eefdfc2266ae6b2e6f977abe8676fd0ce732e377706422d51583eda869a841f93e70d0833eed4705f4bd5e9eb2","2023-12-31T21:15:00.000","2023-12-31T21:30:00.000","489","1.48",,,"6","7","7.5","3","0","1","12","Credit Card","5 Star Taxi","41.944226601","-87.655998182","POINT (-87.6559981815 41.9442266014)","41.922686284","-87.649488729","POINT (-87.6494887289 41.9226862843)"
"c22a01512032f51c23f642601406f486d767aa29","435c3f0bb3774c35800330140eb6a9027c7f72033f0a60666b5ebf0b1ff751b19d89a5b0bd0ec0d1e5a5fec9022588d731cff99ee163e14200fc3a9cef16db3f","2023-12-31T21:15:00.000","2023-12-31T21:30:00.000","600","0.1",,,"32","28","11","0","0","2","13","Cash","Taxi Affiliation Services","41.878865584","-87.625192142","POINT (-87.6251921424 41.8788655841)","41.874005383","-87.66351755","POINT (-87.6635175498 41.874005383)"
"8b8f2a2f60b380152845c6caec8532be02ec97aa","75cf3a53aae5e5858361a7ca64f75d3407dc0a44d7bc42843fd566a614cf1adcb57d543a15db44103c4801f879ceb236261b336079807dbfd2cd7a7775f166dc","2023-12-31T21:15:00.000","2023-12-31T21:30:00.000","1033","0.36",,,"28","28","4","0","0","0","4","Cash","City Service","41.874005383","-87.66351755","POINT (-87.6635175498 41.874005383)","41.874005383","-87.66351755","POINT (-87.6635175498 41.874005383)"
"8b56514bcc9a3d1623a6e4c4ef1dc0a9ff307cc1","13016372e777da1289d557edbe4ce2be8a68e77bc64768acaf5e0539b10be2ca089238dc27408b49b17899014e6e178e17c3ba455812fd84024f93e266324439","2023-12-31T21:15:00.000","2023-12-31T21:30:00.000","159","0.35","17031081201","17031081201","8","8","4.25","0","0","1.5","5.75","Cash","Taxicab Insurance Agency Llc","41.899155613","-87.626210532","POINT (-87.6262105324 41.8991556134)","41.899155613","-87.626210532","POINT (-87.6262105324 41.8991556134)"
"e3b8c5ab2ddd65021cde0210888fd841ba2d6fee","924ad289d7377302678c3954095a96778a3a5b2a9a2a69d5335f59ff00e672ea71a0d95fe058ecfa5d53fb86dc1eba63a1af3e51ab33ec04e8b5a679c91f564b","2023-12-31T21:15:00.000","2023-12-31T21:30:00.000","840","0",,,"76",,"15.75","0","0","5","20.75","Cash","Taxicab Insurance Agency, LLC","41.980264315","-87.913624596","POINT (-87.913624596 41.9802643146)",,,
"0df3dbdbc8d6cd79fba8fb9c3ffd1d44846ba21e","9b48ad5744e86450fb4db78e7095a6827bafc43a6a9d9a8f656aac46cc0e429d129471cdad31f8a5a97b3a45c8af5fcbc80d003c1c4839075733900786e1a5a9","2023-12-31T21:15:00.000","2023-12-31T21:45:00.000","1765","3.46",,,"8","7","15.25","0","0","0","15.25","Cash","Sun Taxi","41.899602111","-87.633308037","POINT (-87.6333080367 41.899602111)","41.922686284","-87.649488729","POINT (-87.6494887289 41.9226862843)"
"71d440bf06eeb99466a34ec9ebb4b0be9995e54d","0cae7ec64456b1830bd58df1991f046410f5506cf28b3aa16b6d5c4940b44ff0ca069324233093161b43d212c2c5eac61536cfa6e3284117bb62ee4105e945b1","2023-12-31T21:15:00.000","2023-12-31T21:30:00.000","1140","0.5",,,"33","42","22.25","0","0","0","22.25","Unknown","Taxi Affiliation Services","41.857183858","-87.620334624","POINT (-87.6203346241 41.8571838585)","41.77887686","-87.594925439","POINT (-87.5949254391 41.7788768603)"
"b25a26f70ac74ef4c7ac1f2eb6be16463d584da7","8bb72e3ef6a7494b80eb3bbf7777b467d4195a1ee71b354c155a51c027ddb2b559c97343fd83fc45cdf24c196d0fa14d4dd987657b08e8061ec38ae9e462944d","2023-12-31T21:15:00.000","2023-12-31T21:30:00.000","1145","7.61",,,"8","14","21.5","5.5","0","0","27.5","Mobile","City Service","41.899602111","-87.633308037","POINT (-87.6333080367 41.899602111)","41.968069","-87.721559063","POINT (-87.7215590627 41.968069)"
"fa1e0b2a6ab836f62ec3a7a285a6d00c6707a33f","42560393a9c9b9ae28339f4b5aec77fd89bd49916ad54175d9ee679d69939f973c177065f2816d7990a6663a07270335a4a852190c3258497ba7978edced68c8","2023-12-31T21:15:00.000","2023-12-31T21:30:00.000","739","0",,,"7","6","9","1.12","0","0","10.12","Mobile","Patriot Taxi Dba Peace Taxi Associat","41.922686284","-87.649488729","POINT (-87.6494887289 41.9226862843)","41.944226601","-87.655998182","POINT (-87.6559981815 41.9442266014)"
"757c3ce53902badede9181fa5d6074bf05fcf17a","04c44d1bf8cc741f86f8ccdee5b64b65e5a6631d743450a231aa5efbd6f3cde831cf7b983a65bd9b22563c53f4f0deca843c689ba3db19124a48e6fb05f23b61","2023-12-31T21:15:00.000","2023-12-31T21:15:00.000","320","0",,,"8","8","9","1.67","0","0","10.67","Mobile","Flash Cab","41.899602111","-87.633308037","POINT (-87.6333080367 41.899602111)","41.899602111","-87.633308037","POINT (-87.6333080367 41.899602111)"
"af8cfe266874017fbb89199561f1fd33ee3eb86e","7da8dfbf5db7bed94dd92856d29697c070590f703b0b291173e02e6dbfa7a3810577d571f1be9d482a5470f61e14dbd022e8a7743e32295ec59d18cb9b203f53","2023-12-31T21:15:00.000","2023-12-31T21:45:00.000","1724","6.51",,,"23","6","20.75","0","0","0","20.75","Prcard","Sun Taxi","41.900069603","-87.720918238","POINT (-87.7209182385 41.9000696026)","41.944226601","-87.655998182","POINT (-87.6559981815 41.9442266014)"
"04c92ccec0d0df9412609c47b3b8f0f8f01506a7","c53dba6f2d4174b792e113023de74f54e5af52ba87cf1a0610f9ce669032e3ed9eea4c9b7a1c6185cbdfc3e98163e38a151c4807a4a1db9bd977043f3bb836f4","2023-12-31T21:15:00.000","2023-12-31T21:45:00.000","1535","11.67",,,"10",,"30.75","0","0","0","30.75","Prcard","Flash Cab","41.985015101","-87.804532006","POINT (-87.8045320063 41.9850151008)",,,
"57116d270341d50f5aae1a1f367466622ac2a373","2e39270dfbbd3e522e303548f2153f6dabb4c1876d61f5ea9a30560c58171da372c51c8dffc393360f2d65e2e401af07fed10a86d2aa7da74c538bece8a4ada5","2023-12-31T21:15:00.000","2023-12-31T21:30:00.000","827","7.43",,,"8","77","18.24","4.25","0","0","22.49","Mobile","City Service","41.899602111","-87.633308037","POINT (-87.6333080367 41.899602111)","41.9867118","-87.663416405","POINT (-87.6634164054 41.9867117999)"
"f8b69a6daa0425b6a546dc66a1b5ac0f3d9adcd0","4c44c95be8b37539aff5ca9e7840cd7951ebf1fa73d62ed3d6b10ec6d2d989ea511d9093cbb739d708c85294f87e9ee27112d5b717c0685fab080f43458a38f4","2023-12-31T21:15:00.000","2023-12-31T21:15:00.000","160","0.62",,,"24","28","9","2.22","0","0","11.22","Mobile","Taxicab Insurance Agency Llc","41.901206994","-87.676355989","POINT (-87.6763559892 41.9012069941)","41.874005383","-87.66351755","POINT (-87.6635175498 41.874005383)"
"450bc909d7e52ad081553a39903e71874db67edf","b52493d43f7de565ab5eaaa0b1238709ac2073a9cdd626a411f99151188aa290435bada1d7c0119f6423891cbc9c3ce5c9ddd4ed068bca8e8aaf75cedacb9f0d","2023-12-31T21:15:00.000","2023-12-31T21:30:00.000","1320","15.9","17031980000","17031081800","76","8","39.5","11.25","0","5","55.75","Credit Card","Taxi Affiliation Services","41.97907082","-87.903039661","POINT (-87.9030396611 41.9790708201)","41.89321636","-87.63784421","POINT (-87.6378442095 41.8932163595)"
"1a4997eb9b1275b69ef221ce4246f53e49593415","cea7a9702e82637b2250c3f993e1eab21b2674a4ccea3068c09e27006ba33e4f988e6f418663baf1f013adb57af97701ab769f08eb3f9f1e44da5f1e618a32fe","2023-12-31T21:15:00.000","2023-12-31T21:45:00.000","1335","10.59",,,"76",,"28.5","11.4","0","9","49.4","Credit Card","Taxicab Insurance Agency Llc","41.980264315","-87.913624596","POINT (-87.913624596 41.9802643146)",,,
"84075eee0bbf98b7fd037ab71dcf4468e77dd36e","e12d7334916f68b0a80dadea0c0ed141260197404a9a15f695e498456fcfc2250f36e891548ef1e3a5dc58eb387788f54fe3f52f53b877d7a2b355a5ff83273b","2023-12-31T21:15:00.000","2023-12-31T21:15:00.000","0","0",,,"38","38","3.25","0","0","0","3.25","Cash","Taxi Affiliation Services","41.812948939","-87.617859676","POINT (-87.6178596758 41.8129489392)","41.812948939","-87.617859676","POINT (-87.6178596758 41.8129489392)"
"16fa393e7be03a17baab0a09177087c19dbd8a56","a0a66f6e978125e040111831d60457ff2551356865bd690a9febf774a9f8f3b2126a13dc0f3309a86d84d15921009289dce39a03b89b2b952f6ca1aef1d94e0a","2023-12-31T21:15:00.000","2023-12-31T21:45:00.000","1795","15.83",,,"76","6","39.75","8.85","0","4","53.1","Credit Card","Medallion Leasin","41.980264315","-87.913624596","POINT (-87.913624596 41.9802643146)","41.944226601","-87.655998182","POINT (-87.6559981815 41.9442266014)"
"8316c5c91e33ceb8575d522ed4718254907110f7","643bb93d2492e6eda6e928f41ec8e1cb906c3d8bf0dbd9ce7fde2198df5f74ad6159ef5666261e8ebb11e028a0c6f237ca96cccb30ef17857338822abb5f4bf7","2023-12-31T21:15:00.000","2023-12-31T21:45:00.000","1513","13.09",,,"32","69","34","0","0","0","34.5","Credit Card","Sun Taxi","41.878865584","-87.625192142","POINT (-87.6251921424 41.8788655841)","41.763246799","-87.616134111","POINT (-87.6161341112 41.7632467988)"
"69bcc3878c5e123c6297fafb02f53c8d8cc2aafa","e637e1afe0dab0e2d04c635335602caf1045d43e3741c21eaea2a3507318a6a054a2ed9eb0a60db6bfd31b749a6fce3994639813662c25cf663ed4614cab4ec0","2023-12-31T21:15:00.000","2023-12-31T21:45:00.000","1440","1",,,"76","32","41.5","10","0","4","55.5","Credit Card","Taxi Affiliation Services","41.980264315","-87.913624596","POINT (-87.913624596 41.9802643146)","41.878865584","-87.625192142","POINT (-87.6251921424 41.8788655841)"
"2b329c05c1689ac000f750172f701b83d6defa8f","5d853881bf4f0ce73fc83652879af526b3cbe52d02c00898e01ccd026326725a9ad29b746b039ccf3210466409cea4dc93850ecd168db56341a920aa49840daa","2023-12-31T21:15:00.000","2023-12-31T21:15:00.000","773","0",,,"8","24","9.45","2.25","0","0","11.7","Mobile","Flash Cab","41.899602111","-87.633308037","POINT (-87.6333080367 41.899602111)","41.901206994","-87.676355989","POINT (-87.6763559892 41.9012069941)"
"0b36ded2534030f08c2f60034af3ae4ec5d521d2","2c6ef81b0ba1f2bbe58cb63f171b872e9e3f53d4c34a3cea273685a97da3bf5e7711767303f028d68f735c5a7acf04d94965ffc332e389515d91ec77cd5ab6dc","2023-12-31T21:15:00.000","2023-12-31T21:45:00.000","1680","15.2",,,"76","76","39","11.1","0","5","55.1","Credit Card","Taxicab Insurance Agency, LLC","41.980264315","-87.913624596","POINT (-87.913624596 41.9802643146)","41.980264315","-87.913624596","POINT (-87.913624596 41.9802643146)"
"d3649ed4893a49ef774e3929431244672265f901","7f9a6d676afea5d94d661cacb40cefdd6b22f62663754236d997eb86e59a7ac8238eef593c6a4f9ed765cf644a7d1e64b946c935824fb5295bc604d6f0af8bb2","2023-12-31T21:15:00.000","2023-12-31T21:30:00.000","786","1.74","17031320600","17031280100","32","28","9.25","3","0","1","13.75","Credit Card","Globe Taxi","41.870607372","-87.622172937","POINT (-87.6221729369 41.8706073724)","41.885300022","-87.642808466","POINT (-87.6428084655 41.8853000224)"
"0d8c79aa767ce151917ae917aa23718a7bf5381f","c55c7bdda5396af54fec98ebc976a0cbc1122339bceb8ddfd937b4728cce951449cb7aaba8bd1f2fd353da1b31fd655e28b15109db84326593a1be55f2664912","2023-12-31T21:15:00.000","2023-12-31T21:45:00.000","1320","10.8",,,"76",,"28.25","6","0","6","40.25","Credit Card","Taxicab Insurance Agency, LLC","41.980264315","-87.913624596","POINT (-87.913624596 41.9802643146)",,,
"70a5a29398c2a2e2d774633d8726026d27e7b5c9","91a036e3de3c1f459f2664801ea9388870751ae14e196e5be1caa84093318244f75aad0dbecdb8f5f6d2fb9ceec9c03c57acb5309769a88c68d06a49b157dae8","2023-12-31T21:15:00.000","2023-12-31T21:30:00.000","904","3.37",,,"28","7","12.5","0","0","0","12.5","Cash","City Service","41.874005383","-87.66351755","POINT (-87.6635175498 41.874005383)","41.922686284","-87.649488729","POINT (-87.6494887289 41.9226862843)"
"4801a29de8a7e456b6e1e950fea7f624b98423eb","2a342ab47780aec1f79d04cc913ac20c099335d24571cdf1ed325dd3ae89de9b9454d6cfd6d1fde8c019aff7ba6d310befad1bd38b53262113ec9b6a8358692a","2023-12-31T21:15:00.000","2023-12-31T21:30:00.000","638","3.24",,,"8","6","11.5","3","0","0","15","Credit Card","Sun Taxi","41.899602111","-87.633308037","POINT (-87.6333080367 41.899602111)","41.944226601","-87.655998182","POINT (-87.6559981815 41.9442266014)"
"d0399e36cef7a20335cab21e6a529e61582aebc3","a5af44e477d4a113284fc380e77366cecd26cf2d5dcf668a27be74b6eb2b50ad4c73271ffb06bbd4e7d22b1369bcaf63e6b416ee94ea20d07a8328674eb9be91","2023-12-31T21:15:00.000","2023-12-31T21:30:00.000","638","0",,,"8","8","9","0","0","0","9","Mobile","5 Star Taxi","41.899602111","-87.633308037","POINT (-87.6333080367 41.899602111)","41.899602111","-87.633308037","POINT (-87.6333080367 41.899602111)"
"e0d8c67a0c0dcb8cfb05c46123a3b1a888795745","c531f081cad817a366cbae2254ce7a3bb370394b3b0f1399dfc8781333c3565ca188035bbff4d1d7652181b79712c103d01ab168cb6ca2580f2da4b324cb00a5","2023-12-31T21:15:00.000","2023-12-31T21:30:00.000","788","2.78",,,"8","6","11","0","0","1","12","Cash","Flash Cab","41.899602111","-87.633308037","POINT (-87.6333080367 41.899602111)","41.944226601","-87.655998182","POINT (-87.6559981815 41.9442266014)"
"519683979f09bde16fb7a63623a2f9a0fc402a07","3e322894ca5260db491dcaa83bfe35f75b16a6a785ff509cf9b18dd9c593bb9adc533c0049dadd9e78ca84faeeeeb427ca3d526c4f1fda2f5151b6818a6889bf","2023-12-31T21:15:00.000","2023-12-31T21:30:00.000","430","2.68","17031980000","17031770700","76",,"9.75","0","0","4","14.25","Credit Card","Flash Cab","41.97907082","-87.903039661","POINT (-87.9030396611 41.9790708201)","41.982775009","-87.8773054","POINT (-87.8773053996 41.9827750091)"
"94e0cee871781a972b13cfcaf0061ea63f86b917","7f9134f3f8ee8c217f4fc14b7beb8d56af92f9faf4d8495d0d8ee689f071d136b84816414fd0d043fbb7249da2828f22131ae00c0cda728fabaa61f42ca79572","2023-12-31T21:15:00.000","2023-12-31T21:45:00.000","2052","17.93","17031980000","17031320100","76","32","46.25","0","0","4.5","50.75","Cash","Flash Cab","41.97907082","-87.903039661","POINT (-87.9030396611 41.9790708201)","41.884987192","-87.620992913","POINT (-87.6209929134 41.8849871918)"
"88f4bedddc3c725810d416526b8f23b894c6122f","a8107c5481ea5eed4d6fa93cd1648f3f69c6822a6fff49ffd923bb75143c36a7f99d7a4af12ec68d9a85591a64671de48d14ba70d22501698b01747effc01cb1","2023-12-31T21:15:00.000","2023-12-31T21:15:00.000","363","1.27",,,"6","6","9","1.67","0","0","10.67","Mobile","Chicago Independents","41.944226601","-87.655998182","POINT (-87.6559981815 41.9442266014)","41.944226601","-87.655998182","POINT (-87.6559981815 41.9442266014)"
"be72ed36621df06fafbfe0f1dde2e1d35381e614","2d72c5e6313ad93f663008a55045cad0c76164b057dcb756f23448dcfc082f616d8626020794704f296e6ad06f65837ff799930aa961729096167c5ef8612663","2023-12-31T21:15:00.000","2023-12-31T21:30:00.000","1273","15.87","17031980000",,"76",,"40","0","0","0","40","Cash","City Service","41.97907082","-87.903039661","POINT (-87.9030396611 41.9790708201)",,,
"7b976ea6827846e74705d792798cc929371043b4","8be2c5887fd81a4918e0464359436d6fc5ed1dbbe4f5b0317403a4ead72c95b37979d3534c5ede73a29ceace53bdc820f692587ba4a88f651de93b329e4cf2f8","2023-12-31T21:15:00.000","2023-12-31T21:30:00.000","1020","11",,,"76","21","28.25","5","0","5","38.25","Credit Card","Taxi Affiliation Services","41.980264315","-87.913624596","POINT (-87.913624596 41.9802643146)","41.938666196","-87.711210593","POINT (-87.7112105933 41.9386661962)"
"817f1985870097b427139694b8cc028aa8698be1","0881b7b36b4aad06e5ee59472465b15a6620637f694aae59e671eae69d6813cbce85e8da46949f71f5bd94b08f1db3323debbd8333302d97d22584ef366b2e10","2023-12-31T21:15:00.000","2023-12-31T21:30:00.000","720","1.3","17031081500","17031081402","8","8","8","0","0","1.5","9.5","Cash","Taxi Affiliation Services","41.892507781","-87.626214906","POINT (-87.6262149064 41.8925077809)","41.891971508","-87.612945414","POINT (-87.6129454143 41.8919715078)"
"6514868b6484b32aea604bb6d4a9a3deeb412088","253812852c69e45c1e67580db8752b943958e86ef3608782ba482066751586ec757321c039920844f7812aada604f1ac042b7eaf030b6b4ef483b96be9c7fe41","2023-12-31T21:15:00.000","2023-12-31T21:30:00.000","1105","5.6",,,"3","24","15.62","3.65","0","0","19.27","Mobile","Taxicab Insurance Agency Llc","41.96581197","-87.655878786","POINT (-87.6558787862 41.96581197)","41.901206994","-87.676355989","POINT (-87.6763559892 41.9012069941)"
"51ab4dc6ddee672e4ed8b1a1434309fe74aacbb8","19bdccbc936f2f02882b69fd9e71ad97b9e783ba96a8c3b7a9d74a663cb1cd5f074aeab77e616155a3d5e642c1a665289f25b4fd1639ab153f98c864b782d8ff","2023-12-31T21:15:00.000","2023-12-31T21:30:00.000","302","0.7","17031081500","17031081201","8","8","9","1.67","0","0","10.67","Mobile","Flash Cab","41.892507781","-87.626214906","POINT (-87.6262149064 41.8925077809)","41.899155613","-87.626210532","POINT (-87.6262105324 41.8991556134)"
"df66319f01fc78147777a6ce04c518e7536d33f7","e8cbf008dae18ec626f3c9d8c0af36f837b6d0abd244a0b4a91bf02c45e753eb661bc2aa770966fbe8001dc263a2795d900ce39a920d08174287134f054e2792","2023-12-31T21:15:00.000","2023-12-31T21:15:00.000","612","1.68",,,"7","8","8.5","0","0","2","10.5","Cash","Flash Cab","41.922686284","-87.649488729","POINT (-87.6494887289 41.9226862843)","41.899602111","-87.633308037","POINT (-87.6333080367 41.899602111)"
"5a703023705293056737e57063a9a542614e3735","82bc059c3b13e97341f941d60f772ae9f83687498e91f7c399644ec42449cced734834174cb0a29955229b910c3c9810dc67997226ce38a8600bf7f24d149423","2023-12-31T21:15:00.000","2023-12-31T21:30:00.000","363","0.64","17031081401","17031081700","8","8","5.5","4","0","1","11","Credit Card","5 Star Taxi","41.89503345","-87.619710672","POINT (-87.6197106717 41.8950334495)","41.892042136","-87.63186395","POINT (-87.6318639497 41.8920421365)"
"9333e8e9ce3ec4defd49f37285e5c4f38236e052","cfaf3ec1344ffc1a207c1cbe3b1a89ab060081a60450d15c127bd3501a7b57853486451ee1ce220f4c60d8616f2f10be022b3d76796a42c67a7d52a4a8fa1623","2023-12-31T21:15:00.000","2023-12-31T21:45:00.000","1412","8.11",,,"56",,"22.75","0","0","5.5","28.75","Mobile","Taxicab Insurance Agency Llc","41.79259236","-87.769615453","POINT (-87.7696154528 41.7925923603)",,,
"9e14c487d49aa9dcdc5e455e52d86a3bcd200af2","7d8179131ea9952793af4cda8635e94b56c2b92d3c376cd92517f7319ec4a3031207af4d7b8165367e1f8a185275814ab89c26ace551ac3bf96a04ea174371c1","2023-12-31T21:15:00.000","2023-12-31T21:15:00.000","338","0.46",,,"8","32","5.25","0","0","1","6.25","Cash","5 Star Taxi","41.899602111","-87.633308037","POINT (-87.6333080367 41.899602111)","41.878865584","-87.625192142","POINT (-87.6251921424 41.8788655841)"
"cebe3f086cc15a9e0a11241c45a6db08c2387413","77c7e7dc3fdd00c2c474a025551a3a459b8f748d6d27a2c3295d12fa8a38d71e04656c0ee8394f9cd68641aa08867039af4d6eb77f99e53afd158833314348a9","2023-12-31T21:15:00.000","2023-12-31T21:45:00.000","1380","18.8",,,"76",,"45.5","0","0","5","50.5","Cash","Taxi Affiliation Services","41.980264315","-87.913624596","POINT (-87.913624596 41.9802643146)",,,
"92be1324882f01f37936cebc239902f34057ea09","2ff4fad54ffae9d505e55587c34111c2094a0a528736959a797e3fcc724c47ab454c1f1b6fb7b1aa4d01f10cde3315cba172c7b23251beec4c3acd1ec6bfc90f","2023-12-31T21:15:00.000","2023-12-31T21:15:00.000","0","0",,,"7","7","3.25","0","0","0","3.25","Cash","Taxi Affiliation Services","41.922686284","-87.649488729","POINT (-87.6494887289 41.9226862843)","41.922686284","-87.649488729","POINT (-87.6494887289 41.9226862843)"
"92d2b298a17b2cb630b5cf79ac2a3df215c21e1b","8d4a87f9c4150448fa72263beee9f6166bbbb39812be81ea983c70bc9b973d64f40650751b2820249222aa26ae738b3d1d5487535204a705defd90c507ccd185","2023-12-31T21:15:00.000","2023-12-31T21:15:00.000","275","0.92","17031980000","17031980000","76","76","25","0","0","0","25","Cash","Taxicab Insurance Agency Llc","41.97907082","-87.903039661","POINT (-87.9030396611 41.9790708201)","41.97907082","-87.903039661","POINT (-87.9030396611 41.9790708201)"
"8863c4636952bab17d4c193bf354a34933c19701","adb1cb74113851b651b474182fbe95a9663783779db8cca0fdc3ff7ac82cc8fe5d864b7f86a995c64e405fa6c89cd87d00b458108ebe0c62bc23c4c79e61da46","2023-12-31T21:15:00.000","2023-12-31T21:15:00.000","309","0",,,"8","28","8.79","5","0","0","13.79","Mobile","5 Star Taxi","41.899602111","-87.633308037","POINT (-87.6333080367 41.899602111)","41.874005383","-87.66351755","POINT (-87.6635175498 41.874005383)"
"fb499a5e941dc10a320b03c006fdfa74523d4eb1","9ac243b4bb4548e7214a248a491aa3ddddf391820e6c7b930ef83dfbbe1b5c7949124f32e696a68797f685661ee880b9be65fb3bf65c18c558a697dde86ba460","2023-12-31T21:15:00.000","2023-12-31T21:45:00.000","1306","10.39",,,"69","28","27.5","0","0","0","27.5","Prcard","Medallion Leasin","41.763246799","-87.616134111","POINT (-87.6161341112 41.7632467988)","41.874005383","-87.66351755","POINT (-87.6635175498 41.874005383)"
"8881746b7c18655c2860ab1f46cf8f3ae2c1ffc8","22b403ba1c4de25cb19049e9c08b6d1339a9eea3ec06f9bad7bca4f17a7ce1b237f980cc925abad84ec75963637c6c4c517ef5319e0db76ad7046e28f43ff9cf","2023-12-31T21:15:00.000","2023-12-31T21:15:00.000","149","0.27",,,"8","8","4.25","0","0","1","5.25","Cash","Flash Cab","41.899602111","-87.633308037","POINT (-87.6333080367 41.899602111)","41.899602111","-87.633308037","POINT (-87.6333080367 41.899602111)"
"2a8039ab88e9c9fcff2e90a51bb59ee87eef266c","ad0ad3b00e143317e02602396f16dde8fd30faefd491d66e881187018dcbef8cb9dd58578b8fec9d59bdcac28267ff05e21d0891794b5bad5603eef67d287820","2023-12-31T21:15:00.000","2023-12-31T21:15:00.000","7","0","17031081403","17031081403","8","8","59","8","0","0","67.5","Credit Card","City Service","41.890922026","-87.618868355","POINT (-87.6188683546 41.8909220259)","41.890922026","-87.618868355","POINT (-87.6188683546 41.8909220259)"
"ce79f0432b38033bc6d204186581559f022fc606","f6aac57dbd69c58200d6fb22bbffe1343ca6ea5eece073d452f97009803408626e6357e405c35bffde1495f078c83419ca0378e26d8dca04c6b81644638cefc9","2023-12-31T21:15:00.000","2023-12-31T21:15:00.000","480","0","17031081401","17031320400","8","32","6.75","0","0","0","6.75","Cash","Taxi Affiliation Services","41.89503345","-87.619710672","POINT (-87.6197106717 41.8950334495)","41.877406123","-87.621971652","POINT (-87.6219716519 41.8774061234)"
"4625abf18ab25412db5c1644b47827f82bbfbf56","8f97e4651008e654e9adcc9b242245e8813c067d6f2559a0b824e387073358dc33c6d6c020e92b3f92d20473145b80c8324c91439b9258dea4c4bd5a92f22cbf","2023-12-31T21:15:00.000","2023-12-31T21:45:00.000","1151","9.06",,,"12","28","25.75","0","0","0","25.75","Cash","Blue Ribbon Taxi Association","41.993930128","-87.758353588","POINT (-87.7583535876 41.9939301285)","41.874005383","-87.66351755","POINT (-87.6635175498 41.874005383)"
"7ae74d9f4b5c96609c85dcf8633d058305d43f4a","5e6ba3d77c1e1597624402bd204e81b4acbc3bdb1037418884ad89e78cc8a0a73e0b418ec0f3269cfc9b2d7e890623a4e2c31bb2e8ab42e5421e2632243cf73b","2023-12-31T21:15:00.000","2023-12-31T22:00:00.000","2220","15.9",,,"76",,"42","0","0","6","48","Cash","Taxi Affiliation Services","41.980264315","-87.913624596","POINT (-87.913624596 41.9802643146)",,,
"a9f0ee09ee86573fbb82e7d525d7a6b5c9c39b52","342474dd3a24c9d5b7dbc2514032a01ecb396624638be510614948e1bfbcaff802b12a713e58742d8597899edbcf1c4926ae2238b9612b4f8c10faad33621650","2023-12-31T21:15:00.000","2023-12-31T21:30:00.000","600","1.7",,,"6","6","7.75","0","0","1","8.75","Cash","Taxi Affiliation Services","41.944226601","-87.655998182","POINT (-87.6559981815 41.9442266014)","41.944226601","-87.655998182","POINT (-87.6559981815 41.9442266014)"
"cd252d867b89ad2bfa65b19333d9aff50efee079","1de191ccc486f8d0e0e6b25a03d592e58ed4511cfed79e912c895802cb808ea9a2d609cc77a536d7ad6431160a92d39dc6b79ec88381059d540f95215364582e","2023-12-31T21:15:00.000","2023-12-31T21:45:00.000","2040","15",,,"76",,"39.25","0","0","4","43.25","Cash","Taxi Affiliation Services","41.980264315","-87.913624596","POINT (-87.913624596 41.9802643146)",,,
"6550341b3728b648e8dd8ea98a67ebb6adc18c95","00752524a4118a162dce62ff49c0eb0f79530d9e0ecb5a9b0d23deae98ef2ab2bc84831d2191950da25620e550ad69840e1d02f69d49ab1d9b2b4387e31c2af1","2023-12-31T21:15:00.000","2023-12-31T21:45:00.000","1860","16.6",,,"56","6","41.5","10","0","4","55.5","Credit Card","Taxi Affiliation Services","41.79259236","-87.769615453","POINT (-87.7696154528 41.7925923603)","41.944226601","-87.655998182","POINT (-87.6559981815 41.9442266014)"
"3a4875781c0523c5bba1763d9b5cbc346078d5fa","efb119502916bdc421157a7449b89ebb6009871e6a5a7baaf3a7f614ea0b7caf6beb020e5f0fd693a5608c2c5f99684f4a9c30ce30424263f0526fab10c337f1","2023-12-31T21:15:00.000","2023-12-31T21:30:00.000","1061","7.24",,,"76",,"21.5","0","0","4","25.5","Cash","5 Star Taxi","41.980264315","-87.913624596","POINT (-87.913624596 41.9802643146)",,,
"0436ec3892b214fb152643634a2af960b4a93937","5cdd2d4d4569963769a97b41f95f3ff40187cacea8311bb22519b4ab89faaf688a2208c2bb41e2ff3adb1fe76e05e3f064d8a3e18d654c6786f5a5d127c22095","2023-12-31T21:15:00.000","2023-12-31T21:15:00.000","660","1.3",,,"41","39","7","0","0","0","7","Cash","Taxi Affiliation Services","41.794090253","-87.592310855","POINT (-87.592310855 41.794090253)","41.808916283","-87.596183344","POINT (-87.5961833442 41.8089162826)"
"932e6e48d659e270e56b51d4d12b69840bad8683","6b00c6e07523bf0964046af1bf69575f25c6ea393f288d2281759c946d60bef81af019a8bfb1a8636702b2afb9821a246e39f74c99bb42bed302b5484129f72a","2023-12-31T21:15:00.000","2023-12-31T21:45:00.000","1721","18.02","17031980000","17031081201","76","8","45.5","10.3","0","5.5","61.8","Credit Card","Flash Cab","41.97907082","-87.903039661","POINT (-87.9030396611 41.9790708201)","41.899155613","-87.626210532","POINT (-87.6262105324 41.8991556134)"
"7bf8f5bf0e22c334de64583ef7c1b485dbc133b6","6436b1ea087d8dd1c5b6393c8c3331353195b37673bfa29193e13df48096dee0d000a539e29ae747b828e217e5332d50473ff67e4f8ec5fbae89504eaf36e1f2","2023-12-31T21:15:00.000","2023-12-31T21:15:00.000","20","0.24",,,,,"16.98","0","0","0","16.98","Cash","Flash Cab",,,,,,
"f82623efbdb50169b7197654782b718d32591bb0","2780ead18beaa862cc67315ddabd9d1acaadcd6da82eba38b064d7d6f4acc260b68ef1ae3ce06dad845178107940b3493fa99640f0f70c25d15cf57336ab7b8f","2023-12-31T21:15:00.000","2023-12-31T21:30:00.000","770","3.13",,,"8","24","11.5","0","0","0","11.5","Cash","Flash Cab","41.899602111","-87.633308037","POINT (-87.6333080367 41.899602111)","41.901206994","-87.676355989","POINT (-87.6763559892 41.9012069941)"
"2769e736b917df00b7d0589544330b3bbecc405f","38e76b98810925c37414db66db5639e5ddf49c0dbda887da38c63d1335ad66ecd8a566c34553dddcf17fdac0c893f8768449bedf93d94b46ed8d9238fa6a4ea7","2023-12-31T21:15:00.000","2023-12-31T21:30:00.000","900","1.7",,,"8","32","9.5","2.2","0","1","12.7","Credit Card","3591 - 63480 Chuks Cab","41.899602111","-87.633308037","POINT (-87.6333080367 41.899602111)","41.878865584","-87.625192142","POINT (-87.6251921424 41.8788655841)"
"69780247aae24eacfb9e178ce2fa99849fab0df6","6b50c5bb5761c3cb4853a8ca215dee42e63e922c7ebb0ce74cd52a2b3076c37ed38a45d19077a78a0bd19fe39c5e2efce4ed1ad13af2f2b67cbdb049839aae41","2023-12-31T21:15:00.000","2023-12-31T21:30:00.000","960","6.1",,,"39","8","18","0","0","0","18","Unknown","Taxi Affiliation Services","41.808916283","-87.596183344","POINT (-87.5961833442 41.8089162826)","41.899602111","-87.633308037","POINT (-87.6333080367 41.899602111)"
"06c43cbc009bd608ea73d883a4d41aa5598c9d96","a31d2ea87ea4f5a4793c30f84f000b0c6aad4cd956f6ea73b5628ebd509d47a7d051a0b7ccd201a550c236c42ed6e19ce5efbd4caa4bf2d1fcd77827b64b39f9","2023-12-31T21:15:00.000","2023-12-31T21:30:00.000","285","0.58","17031081300","17031081403","8","8","5.25","0","0","1","6.25","Cash","Flash Cab","41.898331794","-87.620762865","POINT (-87.6207628651 41.8983317935)","41.890922026","-87.618868355","POINT (-87.6188683546 41.8909220259)"
"49aba296260dca9ae7b9698c08399ac4ba968b89","913c95ba782fa447b7c55fbfc38d040907d13e7ddf7282a75fe448d2a25082dcdab927cd930805ea14e62bc534d5288669b15f73751bd43a746cc9e3bbddb2f4","2023-12-31T21:15:00.000","2023-12-31T21:30:00.000","1288","9.76",,,"69","35","26","0","0","0","26","Prcard","Flash Cab","41.763246799","-87.616134111","POINT (-87.6161341112 41.7632467988)","41.835117986","-87.618677767","POINT (-87.6186777673 41.8351179863)"
"5415cc744a956432450cf0d47b14942bbb322bcc","3e8e02e0a183c006abf03917a5312fe3255a88d95ac45470475993f1fa92368e2903a1925e5a82ad3d2844d6790017b993616b8b4e8c8cd8e76dcad0d276f21e","2023-12-31T21:15:00.000","2023-12-31T21:30:00.000","420","0",,,"39","39","5.5","0","0","0","5.5","Unknown","Taxi Affiliation Services","41.808916283","-87.596183344","POINT (-87.5961833442 41.8089162826)","41.808916283","-87.596183344","POINT (-87.5961833442 41.8089162826)"
"611eb900aa16ca12d971929db698b271c60cf26e","a10539d2dd36e2367b15e1724fab054677f286a13b262d09fad85388bfc94dc70bbdb6442f0b88bf88180a26df1f54874490781f7f8e1dcd9586eedddf5cd36f","2023-12-31T21:15:00.000","2023-12-31T21:15:00.000","258","0.58","17031320100","17031081500","32","8","5","4","0","1","10.5","Credit Card","City Service","41.884987192","-87.620992913","POINT (-87.6209929134 41.8849871918)","41.892507781","-87.626214906","POINT (-87.6262149064 41.8925077809)"
"7a4574856b0cc0ca31833286eb9dc68b27a25f89","d1b8521ed4784a33ed7be8ad0a17310131286279504140fd1517dc45a73929267c2abf09d773e863c0f13cdbb5d70462c7de0bbaca3d9dc41fff96c6d7232f9a","2023-12-31T21:15:00.000","2023-12-31T21:45:00.000","1883","13.68",,,"76","1","36.25","6.26","0","5","48.01","Credit Card","5 Star Taxi","41.980264315","-87.913624596","POINT (-87.913624596 41.9802643146)","42.009622881","-87.670166857","POINT (-87.6701668569 42.0096228806)"
"474c724626ac1eaee466f9a9dfcb7b60735e6e0d","340a2b2a073da248753976c9b31637b48a63d1589ae25ed60e2c80e03a72ee762253825bb5b60dbb998415aeb885eeaaa75239cc87c91cd72000db13acf413b4","2023-12-31T21:15:00.000","2023-12-31T21:30:00.000","1426","13.47",,,"76","6","34.75","7.85","0","4","47.1","Mobile","City Service","41.980264315","-87.913624596","POINT (-87.913624596 41.9802643146)","41.944226601","-87.655998182","POINT (-87.6559981815 41.9442266014)"
"9c526f7cf9360534fb75a924869375fb40c275ac","362dbe26e2730f8c392d5dc3e48fe2dfdebfa8e15dd52ffbc5ae278fcf6f9be46d7e6e7ab65257f757396285d56ff53193008182813465dbdf580aa24165e908","2023-12-31T21:15:00.000","2023-12-31T21:15:00.000","347","1.61","17031320100","17031280100","32","28","7.5","0","0","3","10.5","Cash","5 Star Taxi","41.884987192","-87.620992913","POINT (-87.6209929134 41.8849871918)","41.885300022","-87.642808466","POINT (-87.6428084655 41.8853000224)"
"cc8af8d9ee2b40332b27af2fda479cabb16b09a8","9ff81eeb8fa79b5e37af20fb6a6d52d6bfed9edecd4e667e6dbb78a46366f869d5ac3d5413db0d31a9506b00aba92ddcadcae3d724f690ec42315d211123e5a0","2023-12-31T21:15:00.000","2023-12-31T21:45:00.000","1800","1.3","17031980000",,"76",,"52.25","0","0","34","86.25","Cash","Taxi Affiliation Services","41.97907082","-87.903039661","POINT (-87.9030396611 41.9790708201)",,,
"09d193db9813fa93169c4bf88b9ebf9c1abc97c2","a1b762f1aec578cc84bb53bb095eaf9dffd68e6ad0c27187418462087e8a9568a8d98ced316271f1c63b26edf81376ed74f30eb4869d06bbec089b7698205d61","2023-12-31T21:15:00.000","2023-12-31T21:15:00.000","240","4.32",,,"76",,"60.87","0","0","0","60.87","Cash","Flash Cab","41.980264315","-87.913624596","POINT (-87.913624596 41.9802643146)",,,
"ae5bb3c7ceb4c48230490c212b99a7087d69ec68","19447854f6105afc7307d18998685917b36bbbb2c8a7e59a6801448176ca7c8064ac13ac7cbf0f6858fcc28613497a7623fbffe4393fe437df465d609226c018","2023-12-31T21:15:00.000","2023-12-31T21:30:00.000","480","0",,,"28","28","7","4","0","0","11","Credit Card","Taxi Affiliation Services","41.874005383","-87.66351755","POINT (-87.6635175498 41.874005383)","41.874005383","-87.66351755","POINT (-87.6635175498 41.874005383)"
"a716fadd1d481ebba7cfc2ecc2f2fce503f6c46a","667b6c6c56d5ae56fc1adbc8f7a40c8ed2820ba98ecef617b81044092e38f6e0f32ac1616659bafae6628e82195d5ca786d05262e53c935b1cfbdb5586f6d2f8","2023-12-31T21:15:00.000","2023-12-31T21:30:00.000","1105","12.24",,,"76",,"31.75","0","0","21","53.25","Credit Card","City Service","41.980264315","-87.913624596","POINT (-87.913624596 41.9802643146)",,,
"a7fdabda2f96d8c8777145254904f79727f13d6a","545ac2dfd5b722e0f0d884cc68ec27d5b0537410edd8bf8cc9b5a5678e04ce29f61294267fb5abdc2a3f7732167469a04bedb5fdc972527bb29597947d2d0abd","2023-12-31T21:15:00.000","2023-12-31T21:30:00.000","600","0.1","17031081401","17031839100","8","32","8.5","0","0","0","8.5","Cash","Taxi Affiliation Services","41.89503345","-87.619710672","POINT (-87.6197106717 41.8950334495)","41.880994471","-87.632746489","POINT (-87.6327464887 41.8809944707)"
"bb4afcf2b16d0dea7c2e70cdb3a51bd269d4fdab","7b6db2bfb6f570dc013061147b1fbe93975a5d556c6666912aac0b5c1cfa3e8f50cffa16fa56e8e9b1b4c032d7cd6b494bc5174a4e85cd18fff68ff16091bff1","2023-12-31T21:15:00.000","2023-12-31T21:30:00.000","747","1.27","17031081201","17031320100","8","32","9","3.02","0","0","12.02","Mobile","Medallion Leasin","41.899155613","-87.626210532","POINT (-87.6262105324 41.8991556134)","41.884987192","-87.620992913","POINT (-87.6209929134 41.8849871918)"
"53efb242631db7b3da848e0c14314d9acb91cd10","1d68f4a1c3b620f920838643bf3801e757b6791f86700abce6ca5936659e046f715635d4bda0aadcedb6df46949cf9d74003f214779efdd04138bd36adf5d9c9","2023-12-31T21:15:00.000","2023-12-31T21:30:00.000","1282","15.65",,,"76","8","38.75","8.65","0","4","51.9","Credit Card","Sun Taxi","41.980264315","-87.913624596","POINT (-87.913624596 41.9802643146)","41.899602111","-87.633308037","POINT (-87.6333080367 41.899602111)"
"b82f6754b80b75d86adde2bd8e84abb9fa97d954","7ec17a8416dca01eef674860959ae50b91aeecb1b417b0fd7581851cf7e8a3e84d61f95d616b364ddeb9c0a9bb44b160c5b9319390d85c16552fbc2a513dca78","2023-12-31T21:15:00.000","2023-12-31T21:45:00.000","1680","12.41",,,"76","2","33","9.38","0","4","46.88","Credit Card","Taxicab Insurance Agency Llc","41.980264315","-87.913624596","POINT (-87.913624596 41.9802643146)","42.001571027","-87.695012589","POINT (-87.6950125892 42.001571027)"
"3cdf0980492d6292db410a22caae58f3a606faf2","8f4cde3f6d55c38289233d1679f415c6442273549398887146c6322c8410b29bb3b72514e950e4f7fd080c47f88a53fa8454f8662ae92f84de30fb3da315fa89","2023-12-31T21:15:00.000","2023-12-31T21:15:00.000","8","0","17031081403","17031081403","8","8","15","3.1","0","0","18.6","Credit Card","Chicago Independents","41.890922026","-87.618868355","POINT (-87.6188683546 41.8909220259)","41.890922026","-87.618868355","POINT (-87.6188683546 41.8909220259)"
"a6f843f1f5fc09db094f39c78ecdf2dc6f0abdd6","4cebb9edbffeb3a0eace8cccef967730a62f5a978869e216e7855270c48891c6ba7575d0ffe0fc7e5347a411f4b4149a76bb8d65812d6c0607ff975eb7c7f566","2023-12-31T21:15:00.000","2023-12-31T21:30:00.000","603","1.96",,,"6","22","8.5","0","0","0","8.5","Prcard","5 Star Taxi","41.944226601","-87.655998182","POINT (-87.6559981815 41.9442266014)","41.92276062","-87.699155343","POINT (-87.6991553432 41.9227606205)"
"dc526dd119a1aa044a2fbc963617b454e9a155bf","1256eb4e5549b851c530f8c69b19f6bede51d6cc604a38ac0148532435b53e5a001cbf9959b443ff74a92e7bef354574f08dd5bb54576d1d09047caf6a32dff8","2023-12-31T21:15:00.000","2023-12-31T21:45:00.000","1525","9.22",,,"2","8","26.25","0","0","0","26.75","Credit Card","Flash Cab","42.001571027","-87.695012589","POINT (-87.6950125892 42.001571027)","41.899602111","-87.633308037","POINT (-87.6333080367 41.899602111)"
"c14226412ab27efbead91ebb8e1f4626542b9aca","cf278f6c67e799170264672cf78527e136318d96aefd5ffab162492680b651feb5f54fd4e7a4bd924fc2022c08393d8e505a3aa7a2aff639969976a2a3493b92","2023-12-31T21:15:00.000","2023-12-31T21:30:00.000","1479","17.03","17031980000","17031081700","76","8","42","5","0","4","51.5","Credit Card","Taxicab Insurance Agency Llc","41.97907082","-87.903039661","POINT (-87.9030396611 41.9790708201)","41.892042136","-87.63186395","POINT (-87.6318639497 41.8920421365)"
"cac3ff62871d3fa5ff7893368483d102c24311e6","b337fc4c965d7a157aabdd4b4d9fecb81dd86de85ac4886cf3017696fc37ed5edb8efb2403d452270d08bbdabe8c61536dbe5dfb88b4deac8ce10809f2a8e526","2023-12-31T21:15:00.000","2023-12-31T21:30:00.000","899","0.9","17031081401","17031081402","8","8","9","2.22","0","0","11.22","Mobile","City Service","41.89503345","-87.619710672","POINT (-87.6197106717 41.8950334495)","41.891971508","-87.612945414","POINT (-87.6129454143 41.8919715078)"
"79669f9087c7e194ceb84d426098c8a4a28f0a1a","5f88daef22c65f61d051338809a96d6bc7f471c4e2cd73a6a5cb0058dd3affb03f82eb2a344695f5cfb9da95399827a5fb8bcdcbdfedda9612bee3fd71b1537c","2023-12-31T21:15:00.000","2023-12-31T21:30:00.000","480","1.4","17031320100","17031081201","32","8","7.25","0","0","0","7.25","Cash","U Taxicab","41.884987192","-87.620992913","POINT (-87.6209929134 41.8849871918)","41.899155613","-87.626210532","POINT (-87.6262105324 41.8991556134)"
"3a25b190cb9159289c2f5a59992e1f2be22e9269","40c2ee15a52c7c390c11a77871240593956d41a7946bb33e37f517b1ffe5cc9af4b640fa3cb331378829a69c2a714d322aa88736a3e9def79dd66b14f3616801","2023-12-31T21:15:00.000","2023-12-31T21:15:00.000","381","1.24",,,"8","8","9","1.58","0","0","10.58","Mobile","5 Star Taxi","41.899602111","-87.633308037","POINT (-87.6333080367 41.899602111)","41.899602111","-87.633308037","POINT (-87.6333080367 41.899602111)"
"366e01d5188dd10db5ce1ebd86e236ae1387fd2f","56a1119c6ca57e39525cf06829f9ecff553cf4b5ac24821259d086c8ab30406ec45ae77335c646417897d2f4916479c3ed8b6313c2ccb9fb3fc248a4c3387800","2023-12-31T21:15:00.000","2023-12-31T21:45:00.000","1756","0",,,"8","8","13","0","0","0","13","Cash","Medallion Leasin","41.899602111","-87.633308037","POINT (-87.6333080367 41.899602111)","41.899602111","-87.633308037","POINT (-87.6333080367 41.899602111)"
"295655d0ea89df2f8e1d579b118ee0357db1cfc2","2130bc5fd239a4e3b304662424fb4cc7db0ca7abf78cc548f0ca8a6cee8fc3cb2e029cbd0db9a48b47c50cbb864ec1b70fd438dde4b789123292c8f4cbcf166f","2023-12-31T21:15:00.000","2023-12-31T21:45:00.000","1200","9.1",,,"76",,"24.5","0","0","5","29.5","Cash","Taxi Affiliation Services","41.980264315","-87.913624596","POINT (-87.913624596 41.9802643146)",,,
"4731068748ffc6d2f1a81d30258a9397640f138a","d0064cc51efe8a612a5e3052111818dd7278a35d8a6bdef5748bcc0710cc5952d948982783c5a60f3d6a6607877e67889bd1667685e9556bc69854e51517f12d","2023-12-31T21:15:00.000","2023-12-31T21:45:00.000","1380","1",,,"76","28","40.75","0","0","7","47.75","Cash","Taxi Affiliation Services","41.980264315","-87.913624596","POINT (-87.913624596 41.9802643146)","41.874005383","-87.66351755","POINT (-87.6635175498 41.874005383)"
"ece6c648d4af58db688eefd4982d15cde20268c9","63d895bf335c522af83a8f2c608e31bb46a5d78cde4df21dbed059b4c61798625c7eb0591a46fd6224d257d5eae6519b621fb341a45510bced64a821f81b7fa6","2023-12-31T21:15:00.000","2023-12-31T21:45:00.000","1717","18.93",,,"76","32","46.75","0","0","5","51.75","Cash","Blue Ribbon Taxi Association","41.980264315","-87.913624596","POINT (-87.913624596 41.9802643146)","41.878865584","-87.625192142","POINT (-87.6251921424 41.8788655841)"
"0a7aee783d5c879f1eb63a463bc8b5122fcac3f2","0f831bff43d83f396f2e4950126c6137dcdb60fb4c8580ffe860203747a83a789b22f2f9e4fbdd0dd8ed8c310366d8935228ddbcadf708fb9691ca5dd1b6c802","2023-12-31T21:15:00.000","2023-12-31T21:30:00.000","1367","10.22",,,"76",,"27.75","15.98","0","25","69.23","Credit Card","Sun Taxi","41.980264315","-87.913624596","POINT (-87.913624596 41.9802643146)",,,
"6faf9913e6e470c229140116e4f5c2b5cd87068f","c7a0a182e884af18d25c22584df83f14df5b044b900930885d55b2a2a5c0ddb23d2d3eadbb652b2e15b4167609d461a8af488b075a458d2ed19647feac570602","2023-12-31T21:15:00.000","2023-12-31T21:45:00.000","1519","12.19",,,"76","3","32","7.3","0","4","43.8","Credit Card","Flash Cab","41.980264315","-87.913624596","POINT (-87.913624596 41.9802643146)","41.96581197","-87.655878786","POINT (-87.6558787862 41.96581197)"
"67425cbaed3c8ee34924de910ac42101b1d5728d","f54b11bc86d1ab32945f60547e15cbdc14a3b017b2a0ee92fcf22f9e378c5ed919e3d8aca21c82570c0d3562f9d87efc3db6b319a8c2b7ceb722043ebdefb769","2023-12-31T21:15:00.000","2023-12-31T21:30:00.000","1533","20.4",,,"76",,"49.5","0","0","34","83.5","Cash","Blue Ribbon Taxi Association","41.980264315","-87.913624596","POINT (-87.913624596 41.9802643146)",,,
"4b83aa78b03e7a0795f0dad4692d60b513a0eeed","bc9f0521b68daec76fdff578445175b5afccf1701a34b0c54013555c56a1a42982fb8fdc2a5ad0e8cabbe067601a20f8df18f64883efddca7d1b686169f16e72","2023-12-31T21:15:00.000","2023-12-31T21:45:00.000","1275","17.36","17031980000","17031833000","76","28","42.5","12","0","5","60","Credit Card","Taxicab Insurance Agency Llc","41.97907082","-87.903039661","POINT (-87.9030396611 41.9790708201)","41.88528132","-87.6572332","POINT (-87.6572331997 41.8852813201)"
"2e52e08ed74134f0d534937c3c0b305b6c00cc75","78893d83a12762723e5a8ef770b3fb541e9b2cd8d4316d708a441760143a4ef1e313205a8801abec9e7a152b970f673d3f9b990c228de3a6499b933d7e9aedc9","2023-12-31T21:15:00.000","2023-12-31T21:45:00.000","1620","11.2",,,"3","6","30","0","0","0","30","Unknown","Choice Taxi Association","41.96581197","-87.655878786","POINT (-87.6558787862 41.96581197)","41.944226601","-87.655998182","POINT (-87.6559981815 41.9442266014)"
"f374249218ca70e732a5da89b4221ef6ff69e168","8f4cde3f6d55c38289233d1679f415c6442273549398887146c6322c8410b29bb3b72514e950e4f7fd080c47f88a53fa8454f8662ae92f84de30fb3da315fa89","2023-12-31T21:15:00.000","2023-12-31T21:30:00.000","557","1.03","17031320100","17031839100","32","32","6.5","0","0","0","6.5","Cash","Chicago Independents","41.884987192","-87.620992913","POINT (-87.6209929134 41.8849871918)","41.880994471","-87.632746489","POINT (-87.6327464887 41.8809944707)"
"05f29e7fd843987f312940777d0465bdf56be7f6","e6273fc2eb55a7a2dd38add91f0fc21ab1f8bb8640e886afcc37279113bbe296b71f04e7e101507dad671a82e310627b166b596f5ed5d46af547721d80433b75","2023-12-31T21:15:00.000","2023-12-31T21:15:00.000","92","0",,,"6","6","3.25","5.15","0","22","30.9","Credit Card","Chicago Independents","41.944226601","-87.655998182","POINT (-87.6559981815 41.9442266014)","41.944226601","-87.655998182","POINT (-87.6559981815 41.9442266014)"
"2b207961225421d0e303ee2170591a92af6aa356","70bca78835e8e92b04b46d111508f56c7b847abad90561822f7c7d5ae937f7c4350d671563050ab06c16fad39727bdc8d6a79bb92a215bb14f4bb52c48f8a82d","2023-12-31T21:15:00.000","2023-12-31T21:30:00.000","950","3.59",,,"6","21","12.75","0","0","0","12.75","Cash","Flash Cab","41.944226601","-87.655998182","POINT (-87.6559981815 41.9442266014)","41.938666196","-87.711210593","POINT (-87.7112105933 41.9386661962)"
"76f5afa521981a752f9d108f390fd1628871c19f","b14a5aa31a4e5843bf3a6ea4433cc6540165b844ac5bbae6054a8a68e07d9a133716f94c4c902d1b83a330c9a17771246e50b46e280495dc354c9dd4b3941464","2023-12-31T21:15:00.000","2023-12-31T21:30:00.000","715","1.77","17031320600","17031081403","32","8","9","0","0","2","11","Cash","City Service","41.870607372","-87.622172937","POINT (-87.6221729369 41.8706073724)","41.890922026","-87.618868355","POINT (-87.6188683546 41.8909220259)"
"2df63378eac131310d936fef3b8876c3bb39cabb","92a268bbd40ab9939136f48ebcc1aa86dacb1f53b2fb17344cadb0025e20b1533336b3cbfa2601b0379f77e492a9d4b557f7023731bb4495c9af48fedb464778","2023-12-31T21:15:00.000","2023-12-31T21:45:00.000","2047","16.64",,,"76",,"42","11.62","0","4","58.12","Credit Card","Sun Taxi","41.980264315","-87.913624596","POINT (-87.913624596 41.9802643146)",,,
"b4060c2c60decb35febd56cac80c5411ae1b4a27","35467b44491f6f51eaa0f4fb1cd65e4c23117aa268d9dd52d88a484194323088fc5a0d30455d37c6bced24218c2ed42b421d7260c119161f29b8381bd11b1784","2023-12-31T21:15:00.000","2023-12-31T22:00:00.000","2932","5.92",,,"8","8","25.25","0","0","2","27.25","Cash","Sun Taxi","41.899602111","-87.633308037","POINT (-87.6333080367 41.899602111)","41.899602111","-87.633308037","POINT (-87.6333080367 41.899602111)"
"4fd7565a5ece5e4092544feb2f91f4a4dd981fc1","131107e9f0f51399bdc9e8c2eb94fce500bdf22daeb1f87481182334da2c0e8a041ddfcd898a1fb5cc4227d028328db1cc13d0d08cb3f4a020c47bddd5840d7e","2023-12-31T21:15:00.000","2023-12-31T21:30:00.000","1200","0","17031980100","17031280100","56","28","27.75","0","0","4","31.75","Cash","Taxi Affiliation Services","41.785998518","-87.750934289","POINT (-87.7509342894 41.785998518)","41.885300022","-87.642808466","POINT (-87.6428084655 41.8853000224)"
"6b301090ccdc279432caeecf5ee79b9eca9711f9","1f075315f5906824cc9566de5f650935e00f9e027a96a762ec054da18ab0df0da8545aa03f56beef36aa82c9ab4659b9e86bee6a78395a94beacdbd23d2035cb","2023-12-31T21:15:00.000","2023-12-31T21:15:00.000","287","0.71",,,"8","8","5.5","0","0","0","5.5","Cash","5 Star Taxi","41.899602111","-87.633308037","POINT (-87.6333080367 41.899602111)","41.899602111","-87.633308037","POINT (-87.6333080367 41.899602111)"
"2e1263166d98ccc75f28a28f41d80fa978b90e9a","cedeef3646a2dacfb67265f39bf7acfd3a0f0954434a4cfbfce78c3b8e01fbe8a12fc4a11917014fc3523e3d7ac796b0755bab6f2b28da84ea7c4c6fd27ce775","2023-12-31T21:15:00.000","2023-12-31T21:30:00.000","1099","4.32",,,"6","77","20","0","0","0","20","Cash","5 Star Taxi","41.944226601","-87.655998182","POINT (-87.6559981815 41.9442266014)","41.9867118","-87.663416405","POINT (-87.6634164054 41.9867117999)"
"61ae7db0e577e73214817e9145f6bec8d91680af","3086567957b42d112fd64e09c620ef867909c5590114df6aee46574d5c941566b517e45a437f560f2ba2962060d813d555fcad82f9ff4d319344e1c91dd68aa3","2023-12-31T21:15:00.000","2023-12-31T21:30:00.000","376","0.76",,,"32","32","5.75","0","0","0","5.75","Cash","City Service","41.878865584","-87.625192142","POINT (-87.6251921424 41.8788655841)","41.878865584","-87.625192142","POINT (-87.6251921424 41.8788655841)"
"13d3055397e05d383be514c1baa111824caeaeb9","34ed8ae3af562da8ab7ee7aa07c83287baf647219d79cf41ea18b8656c9ad26d9985aab5aab72faf5de6495f389eee784c340c2a7a94ce675d417d1d5706a48e","2023-12-31T21:15:00.000","2023-12-31T21:45:00.000","1620","4.7","17031081500","17031330100","8","33","17.25","0","0","1.5","18.75","Cash","Taxi Affiliation Services","41.892507781","-87.626214906","POINT (-87.6262149064 41.8925077809)","41.859349715","-87.617358006","POINT (-87.6173580061 41.859349715)"
"5bf9f757cd5ec87216b989ce3e75701df09c4d01","477e2191cd2213e2db9413d810936b2f24a73c8e5270594c724f811dbe4cfea5b58519d789ac8fb30d3ac6ee375721019e2e793a889be528f59327e0cc32ea94","2023-12-31T21:15:00.000","2023-12-31T21:45:00.000","1260","5.3","17031081300","17031330100","8","33","17","15","0","1","33","Credit Card","Taxi Affiliation Services","41.898331794","-87.620762865","POINT (-87.6207628651 41.8983317935)","41.859349715","-87.617358006","POINT (-87.6173580061 41.859349715)"
"66e25bebc2e97107fc762246fd1803dd1150df50","617a9ea2929aa34568d879ef9400c1be77f2f96388cbecb8b0a0e11955db10145a554ad4d4f763a46a1aaaae6ddd9d911e0bfaa0fb3d77d9fb4999325b365473","2023-12-31T21:15:00.000","2023-12-31T21:45:00.000","1435","11.1",,,"76",,"29.5","10","0","4","44","Credit Card","Taxicab Insurance Agency Llc","41.980264315","-87.913624596","POINT (-87.913624596 41.9802643146)",,,
"c83d56525b0b19522e28e8bfc1eb9cf4302d8763","b7ac65c02ae59d09e31fdebdc18a4780593de3157d9c9c1df0abacb453555750a373908a539fd2e975c126fb2fbc2b227f19fd0c1c7581a8c7a7ea443c88c1d3","2023-12-31T21:15:00.000","2023-12-31T21:15:00.000","156","0.32",,,"32","32","9","2.22","0","0","11.22","Mobile","Chicago Independents","41.878865584","-87.625192142","POINT (-87.6251921424 41.8788655841)","41.878865584","-87.625192142","POINT (-87.6251921424 41.8788655841)"
"a3c681a194ab0459992570aaeb7b39025d20ddc4","cce8c54f19d692acc5dd45d391a8bb964d15af67f314d1ac81e0597f105a70ad12935afa9487766eef90a6f8f0f3d09e6a8877e99b01d21035a05b4a16e985c4","2023-12-31T21:15:00.000","2023-12-31T21:30:00.000","840","1.2",,,"8","8","8.5","0","0","0","8.5","Cash","Taxi Affiliation Services","41.899602111","-87.633308037","POINT (-87.6333080367 41.899602111)","41.899602111","-87.633308037","POINT (-87.6333080367 41.899602111)"
"eb634bb36fa92c2a822786e613a366dee5190ac6","552720f76dd5338d0cf254f8eb4045839a5501e095a0d34fee849df1633dce909ed9b7e001b6e904f64f5b235fc56377ef450dd8c29f16fcbd7a7c2116386654","2023-12-31T21:15:00.000","2023-12-31T21:15:00.000","393","0.75","17031320100","17031320400","32","32","9","2.42","0","1","12.42","Mobile","Choice Taxi Association Inc","41.884987192","-87.620992913","POINT (-87.6209929134 41.8849871918)","41.877406123","-87.621971652","POINT (-87.6219716519 41.8774061234)"
"6b185960e6ce7fa2964e2dcc1c7e73de4d7ec327","b649688173599f12325db808703dd3e14653807db2fdde48f5891daa24f8cef4c1a3711ec1881eda1920a36843bff16453782d5761c2d0a434ca1e4319b9f8d8","2023-12-31T21:15:00.000","2023-12-31T21:30:00.000","937","12.29",,,"76","21","31","7.1","0","4","42.6","Credit Card","Sun Taxi","41.980264315","-87.913624596","POINT (-87.913624596 41.9802643146)","41.938666196","-87.711210593","POINT (-87.7112105933 41.9386661962)"
"b3973b3ee51011d84021041ccf51e93c3f31dd6a","3c8a3a5b0785d40229dd7adc5fd0d9620defca885601bf7909fe82bb3878e287a9668c49844612ad22b25b32ec168af202d109189d8e422bf93924f1cdbdc6dd","2023-12-31T21:15:00.000","2023-12-31T21:30:00.000","900","10.5",,,"53","69","27.25","0","0","0","27.25","Unknown","Taxi Affiliation Services","41.673819904","-87.635739777","POINT (-87.6357397768 41.6738199043)","41.763246799","-87.616134111","POINT (-87.6161341112 41.7632467988)"
"b2a46047d6f18762939fb91abc8505dfa71f090a","f6d1b6c930d62f6d8cbbd8f86a593ff057408c82f764744a7a38ee63957a74b84eaeea80224ea3a0021ba1572323a282530b0659b5e1ce48d04939eacb504060","2023-12-31T21:15:00.000","2023-12-31T21:30:00.000","1239","6.1",,,"8","22","19","0","0","0","19","Cash","Chicago Independents","41.899602111","-87.633308037","POINT (-87.6333080367 41.899602111)","41.92276062","-87.699155343","POINT (-87.6991553432 41.9227606205)"
"f29e299f30bedcb508a042e2de6b0c1a3ebc9f48","c0591d33660deb744cef729db6457d5a0924498c9ed3bb80b0160d6bdec6de41d28db4d9de45475ad8257687670f437406d85c13fe34381fb80c206745ea7dc0","2023-12-31T21:15:00.000","2023-12-31T21:45:00.000","1227","16.62","17031980000",,"76",,"41.25","12","0","29","82.75","Credit Card","Sun Taxi","41.97907082","-87.903039661","POINT (-87.9030396611 41.9790708201)",,,
"81f75a425ded04f3f43234fe109685ee66cccd8b","fdb16324f07e66dd7338161569ae6991f89e38884bac4a530dfdce01b1704d9d1f8cdd1348cfb85d3c234cddbb9d73a2bd69fd57e449b4d6928de0856bc60cac","2023-12-31T21:15:00.000","2023-12-31T21:30:00.000","1538","14.13",,,"76","6","36","5","0","6","47.5","Credit Card","Sun Taxi","41.980264315","-87.913624596","POINT (-87.913624596 41.9802643146)","41.944226601","-87.655998182","POINT (-87.6559981815 41.9442266014)"
"b2c8d1371a38b65dcdf989624de36448bcd07fa1","72acb561bc3ff52febfb74f963b7e3a637c4a5de6f13607932913e3c2386875e135d8f81a10e72bae9c8839b88ade59b6d4d45b9b549ecf401e485d9650048fb","2023-12-31T21:15:00.000","2023-12-31T21:30:00.000","285","0.48","17031081500","17031081700","8","8","5","0","0","1","6","Cash","5 Star Taxi","41.892507781","-87.626214906","POINT (-87.6262149064 41.8925077809)","41.892042136","-87.63186395","POINT (-87.6318639497 41.8920421365)"
"f97c401e18bcf518f967957487f5bd2a6a36a309","e8f673c7d74913eef9b2c58975502e30884a6d7c93a80264c9ef1ee7a3a44652b66f8f74348e5f7b62dc458b19ef474b8c0801463178f03b03bd08f768c42c4e","2023-12-31T21:15:00.000","2023-12-31T21:30:00.000","960","12.8",,,"22",,"32","0","0","0.5","32.5","Unknown","Taxi Affiliation Services","41.92276062","-87.699155343","POINT (-87.6991553432 41.9227606205)",,,
"49116ab3f69e8210177c9efcb69eac07d00d9387","5453573a470c75b36d908d4e664de1c937e68aae86c420191a43870a402b62ca9e81867fc2a769011873a9d7df93f43083246b9691db0c27e29126faacb84f19","2023-12-31T21:15:00.000","2023-12-31T21:30:00.000","312","0.64",,,"32","8","5.25","0","0","0","5.25","Cash","Chicago Independents","41.878865584","-87.625192142","POINT (-87.6251921424 41.8788655841)","41.899602111","-87.633308037","POINT (-87.6333080367 41.899602111)"
"8d09adb05f85e4f8f2cd612f29600b0f23168298","a794ce0e20adbd37537a89f6594db731a9fb48ddf73eb7a4be03f9d3e256c8411cbb0278a7b53219c1781e1cba2c3fef7d7e5ab4161b4c034a46724b41c35d7d","2023-12-31T21:15:00.000","2023-12-31T21:45:00.000","1659","21.05",,,"32",,"50.75","0.1","0","14","65.35","Credit Card","Flash Cab","41.878865584","-87.625192142","POINT (-87.6251921424 41.8788655841)",,,
"d7d5b55a603591404966790e74c0e1f8c799808b","86f31536149b4efca1799d06aeaab1f7d65c8461066c733b822ab950ca912af668c4967110f02a0730d02b7c13da4e7bd9c4c563bd5d8ee5861370d793c05eb8","2023-12-31T21:15:00.000","2023-12-31T21:30:00.000","755","4.13",,,"8","6","13.75","2.85","0","0","17.1","Credit Card","Taxicab Insurance Agency Llc","41.899602111","-87.633308037","POINT (-87.6333080367 41.899602111)","41.944226601","-87.655998182","POINT (-87.6559981815 41.9442266014)"
"47187ea83703edc281766a8a188b41f748ff49ff","c3583153718e0d27b0b567c8f62d79a32f616fb4969d00c6564a187a9298058ebabfcdc893f3680469a800300d2bf15cecf6f0deaa472856bb9668965658fa81","2023-12-31T21:15:00.000","2023-12-31T21:15:00.000","11","0.04",,,"24","28","8","10","0","0","18.5","Credit Card","Taxicab Insurance Agency Llc","41.901206994","-87.676355989","POINT (-87.6763559892 41.9012069941)","41.874005383","-87.66351755","POINT (-87.6635175498 41.874005383)"
"5b90e0cf68554136557345d968fffbc510dc3e2e","6aeb4a88ff55ac575e3ef10ef32622967534bd48fb9ba6f3ebcb97b182cba5a8513335b2533b132c4f2e5ecde030e9fce3877f769603ecefae3ffe0c049b8e49","2023-12-31T21:15:00.000","2023-12-31T21:45:00.000","1380","17.2","17031980000","17031081700","76","8","42.5","0","0","4","46.5","Credit Card","Taxicab Insurance Agency, LLC","41.97907082","-87.903039661","POINT (-87.9030396611 41.9790708201)","41.892042136","-87.63186395","POINT (-87.6318639497 41.8920421365)"
"2c83b742ca13f3a850546e0a2ad7610e380a8ecf","e12d7334916f68b0a80dadea0c0ed141260197404a9a15f695e498456fcfc2250f36e891548ef1e3a5dc58eb387788f54fe3f52f53b877d7a2b355a5ff83273b","2023-12-31T21:15:00.000","2023-12-31T21:45:00.000","2040","8.5",,,"38","56","25","0","0","0","25","Unknown","Taxi Affiliation Services","41.812948939","-87.617859676","POINT (-87.6178596758 41.8129489392)","41.79259236","-87.769615453","POINT (-87.7696154528 41.7925923603)"
"d75c02f8216b1e0d627bb085cf0a62e8c284787e","5e48748b582fe3c16baf5ac371a27773e8aef2927f33440f59bdfc4d05656e7f88d30836a2c448abd8980269053d8c7651e8f3da01acf4321d23213ff8170f8a","2023-12-31T21:15:00.000","2023-12-31T21:30:00.000","494","1.57",,,"8","8","7.75","1","0","0","9.25","Credit Card","Sun Taxi","41.899602111","-87.633308037","POINT (-87.6333080367 41.899602111)","41.899602111","-87.633308037","POINT (-87.6333080367 41.899602111)"
"84a737afa874fd624f1d5ae56f279d7a7172ee82","da344b3cd0e4fa07f30b6373fd40f9ea8456e9a799949258ec453ba9e279cc10028c4841290c311bd7b250f930166fc689069642bae8feb4e35297eca526ca9c","2023-12-31T21:15:00.000","2023-12-31T21:30:00.000","914","2.01","17031320600","17031081201","32","8","10.77","2.03","0","0","12.8","Mobile","Taxicab Insurance Agency Llc","41.870607372","-87.622172937","POINT (-87.6221729369 41.8706073724)","41.899155613","-87.626210532","POINT (-87.6262105324 41.8991556134)"
"01812aeb22890dcbe451a9b2c8fd00146e5f81f2","4628ef9dfa973bdfe877c5aa9d9738f9dc1204e54f2f1a4cc18141f37e2e66d080533f82510a96d1525b28eee833696f7e1337e9999a38f2fd5babf71585a344","2023-12-31T21:15:00.000","2023-12-31T21:15:00.000","426","2.58",,,"8","7","9.25","4","0","1","14.75","Credit Card","Chicago Independents","41.899602111","-87.633308037","POINT (-87.6333080367 41.899602111)","41.922686284","-87.649488729","POINT (-87.6494887289 41.9226862843)"
"c479ae28666c75689252abc4a0171eb4395d72b6","11d27841ca91177af186bee8a9fdd7a2ead81b3fc96e1b95bf8b39d5aff3f56ee1c5ae2d6bd82775764d7f7ff9178c2c23a724c975614125a93bf28d13dcbc66","2023-12-31T21:15:00.000","2023-12-31T21:30:00.000","1040","2.84",,,"8","8","11.75","2.65","0","1","15.9","Credit Card","Globe Taxi","41.899602111","-87.633308037","POINT (-87.6333080367 41.899602111)","41.899602111","-87.633308037","POINT (-87.6333080367 41.899602111)"
"2743115b13ec290c4aa37a3fae7e84eccff8ffe3","3ae83cc261cea27eafc3d9b18bbc93100c03762e8b6971ee60ec7c34e975fde969dfaad88186def33c7205ef5aa98f5fc01f8419f70f7f30ab5b8af02663a2e3","2023-12-31T21:15:00.000","2023-12-31T21:30:00.000","480","0","17031081300","17031320100","8","32","7","0","0","2","9","Cash","Taxi Affiliation Services","41.898331794","-87.620762865","POINT (-87.6207628651 41.8983317935)","41.884987192","-87.620992913","POINT (-87.6209929134 41.8849871918)"
"a1e2384e79d594798d4e031e5973bb763cbb39e1","7d8179131ea9952793af4cda8635e94b56c2b92d3c376cd92517f7319ec4a3031207af4d7b8165367e1f8a185275814ab89c26ace551ac3bf96a04ea174371c1","2023-12-31T21:15:00.000","2023-12-31T21:30:00.000","314","0.84","17031320100","17031081500","32","8","5.5","2","0","1","9","Credit Card","5 Star Taxi","41.884987192","-87.620992913","POINT (-87.6209929134 41.8849871918)","41.892507781","-87.626214906","POINT (-87.6262149064 41.8925077809)"
"4305e83a6bc812a86b1b6946973ae99b6a6890a7","e2d8418fcdb061eee0a4318fba0a6a1200aaff0143feb0a74c7175a02ec7afca09f8c24de278cd0dee124d29dbfb2796407d069b90dfc13353d5d4ed02ecb0d5","2023-12-31T21:15:00.000","2023-12-31T21:15:00.000","103","0.16","17031839100","17031081700","32","8","3.75","0","0","0","3.75","Cash","Chicago Independents","41.880994471","-87.632746489","POINT (-87.6327464887 41.8809944707)","41.892042136","-87.63186395","POINT (-87.6318639497 41.8920421365)"
"c40260b65d5628f98797c6affe6d5e4097019fcb","c3fe9312c9722befcf39d581225faa3d8dfae24c783c7443d360a6ffd567782720616e61ad54176b81d68a5611199c2fa710d69cc8427bc3d9d08bd8f9bab052","2023-12-31T21:15:00.000","2023-12-31T21:30:00.000","775","3.55",,,"6","24","11.72","2.07","0","0","13.79","Mobile","City Service","41.944226601","-87.655998182","POINT (-87.6559981815 41.9442266014)","41.901206994","-87.676355989","POINT (-87.6763559892 41.9012069941)"
"8c33988d49e53b25c5a739c80329448017fbe756","fe3f654450472e6aa241347b9ebb7f78ce4628a0069cfcfa8586e2389a5e43d50a248cc6cedf81acd3a433f0180589e28deb4b0960fa10db9cb184adf7cfa765","2023-12-31T21:15:00.000","2023-12-31T21:30:00.000","537","1.11","17031081300","17031081700","8","8","7.25","1","0","1","9.75","Mobile","Sun Taxi","41.898331794","-87.620762865","POINT (-87.6207628651 41.8983317935)","41.892042136","-87.63186395","POINT (-87.6318639497 41.8920421365)"
"0884fa5d57c88007395c93a77c88e5e42e5e1248","bb4e75d3065311c33024a434640731c43fd2cf9e4482eb9e17cbf9f0ff0ed005455ffe22797df66b7467489a738e7be52c5983e16615b31c7c1d6af3ee0eb965","2023-12-31T21:15:00.000","2023-12-31T21:15:00.000","180","0",,,"6","6","5.25","2","0","0","7.25","Credit Card","Taxi Affiliation Services","41.944226601","-87.655998182","POINT (-87.6559981815 41.9442266014)","41.944226601","-87.655998182","POINT (-87.6559981815 41.9442266014)"
"2250c988737c041e44d3225260b713b63196bc50","511fc9cb2efb73fcb0fa664156beafbfcef79e71de57bfcfa13a988d503726e9a2ddd0c3144b25142f1c7d824e5c17a4b9d8113ae47d07b5f3ba28f7e5c908c9","2023-12-31T21:15:00.000","2023-12-31T21:30:00.000","549","1.46",,,"8","7","9","7","0","0","16","Mobile","Sun Taxi","41.899602111","-87.633308037","POINT (-87.6333080367 41.899602111)","41.922686284","-87.649488729","POINT (-87.6494887289 41.9226862843)"
"34378025fc6f93d4216452a368d5029ae21e98e2","3beee2ac6f2972630c37deb940e1b66e774e22858b4acc3acc29b071976830239cba3a57bc4fa60ec4146fd5034297d1380ea214992b3a1e4b2c4a5bc4bc87d4","2023-12-31T21:15:00.000","2023-12-31T21:30:00.000","1435","13.12",,,"76",,"33.75","0","1.5","26.5","62.25","Credit Card","Sun Taxi","41.980264315","-87.913624596","POINT (-87.913624596 41.9802643146)",,,
"11e5aa94bf3f76ca0f57fc16260e698b203984b1","5f4b687fcddac3ec50959a643b0068496ac8deb19f159968a6f1a340d83820c7103e06d6e198490215058d53afef64c18be7c48bec62a6b5f58d76e09898a84b","2023-12-31T21:15:00.000","2023-12-31T21:30:00.000","1113","13.83",,,"32","10","35.5","0","0","0","35.5","Prcard","Flash Cab","41.878865584","-87.625192142","POINT (-87.6251921424 41.8788655841)","41.985015101","-87.804532006","POINT (-87.8045320063 41.9850151008)"
"6aab25875a3febab94f639bd521afe8b2bc612fe","fb0ce19e30e712c77c57cfdb6ef729c2d2ad73225d9ec3b541ddab78f8a281a073a93fd94232bb4c2397cade115fb3727045daeb602fcefd00df53cf6da9d563","2023-12-31T21:15:00.000","2023-12-31T21:15:00.000","270","0.3",,,"8","8","4.75","2","0","1","8.25","Credit Card","Flash Cab","41.899602111","-87.633308037","POINT (-87.6333080367 41.899602111)","41.899602111","-87.633308037","POINT (-87.6333080367 41.899602111)"
"4c195eae5cfdf4600688026873a33a9e6f0a24d6","3ce163544d141c0d3d792160204b0da396d82b387fd1a84e7e0b495e2a90c4f567557048a9bcbad3ee0632571e52a1e6b0f8bdeac024329c5a4bf36fb8e66912","2023-12-31T21:15:00.000","2023-12-31T21:30:00.000","269","0.61",,,"8","8","5.25","0","0","0","5.25","Cash","Taxicab Insurance Agency Llc","41.899602111","-87.633308037","POINT (-87.6333080367 41.899602111)","41.899602111","-87.633308037","POINT (-87.6333080367 41.899602111)"
"98fb44955fb30ee0fffab9dd8fd19ecd7347ec30","e93472aad9e00c0a523e1a861ae897303548d713ba63d3b8019a99d519a78fa799cd5a3c5366479d1796d94cbe6552b706e4e60fac373942ee2d349b5d9a44b3","2023-12-31T21:15:00.000","2023-12-31T21:30:00.000","323","1.49",,,"16","5","7","0","0","0","7","Cash","Flash Cab","41.953582125","-87.72345239","POINT (-87.7234523905 41.9535821253)","41.947791586","-87.683834942","POINT (-87.6838349425 41.9477915865)"
"492b5469b7cf0fcf4af0052f58a84ff54d4af6b2","e533bfdc483206f9c02c1c879a118d88f0a3ca1cd2703f3cf88e318716bbbb0c71d5f1c5f86b042b4ee1a06dbc750fa840acec0ebaf5fc1d90edbdc215114a1d","2023-12-31T21:15:00.000","2023-12-31T21:30:00.000","582","3.82",,,,,"40","0","0","0","40","Cash","Flash Cab",,,,,,
"2e0b26f998d6b22d2dadbf85b5717e807584e9ec","137d4f780c3823fdc5f26cec160a8c9f8eb952f769c5bc70d0bc747b3eda1d77f6c5df60f9caccccfecc6ded275a85c2cb5afcf4994f42473c445e8ef4a71e35","2023-12-31T21:15:00.000","2023-12-31T22:00:00.000","2821","12.88",,,"32","6","37.25","0","0","0","37.25","Prcard","Flash Cab","41.878865584","-87.625192142","POINT (-87.6251921424 41.8788655841)","41.944226601","-87.655998182","POINT (-87.6559981815 41.9442266014)"
"257704e6111e249b102ed92eac5ddc320a230ed0","177e33355372f5cdbb5a2c5d0295c7576b865c622ef1ce4882c0f6a6e4ae72d24ca32e159aa0498ba2af3aed858e7c2e0b0b123d1728a573fe4132d5c02f0177","2023-12-31T21:15:00.000","2023-12-31T21:30:00.000","600","4.1",,,"76",,"13","5","0","11.5","29.5","Credit Card","Chicago Independents","41.980264315","-87.913624596","POINT (-87.913624596 41.9802643146)",,,
"e75beabbe1917ed4dd38f0ec613f21a4f22324b6","053486cd912ae399d28c26d6976cf507140df78ec57d09fdfcf12f955f9385229a87ab50347cdefe505a5813be1619c569efbdc17cf5c1e0bc1932599667965e","2023-12-31T21:15:00.000","2023-12-31T21:30:00.000","1122","14.16",,,"76","22","35.5","0","0","4","40","Credit Card","Sun Taxi","41.980264315","-87.913624596","POINT (-87.913624596 41.9802643146)","41.92276062","-87.699155343","POINT (-87.6991553432 41.9227606205)"
"bb7a793ccf021f56b9ce0e0c5c1c6d85f6518bf5","3f365e125eb1d15aae0ae8a4bf53a01191478f26ccf00c877528ac2dcecf8cea91c1ee67aa49721351839fbc0a8fd976abc65438225bd6a39e6ef2e905977225","2023-12-31T21:15:00.000","2023-12-31T21:30:00.000","266","4.47",,,"11",,"13.25","0","0","0","13.25","Cash","Flash Cab","41.978829526","-87.771166703","POINT (-87.771166703 41.9788295262)",,,
"6624e128dfc158fccfab0f59fea1dfa5bb303a5b","5921ca8414f7b105e97f79694430407c9fbd34ac15c4d7ac70a8e8693a330da5730774d55d6ad996b97a9dd25418db2e57f30b29babb4f0dd289fc1400db585e","2023-12-31T21:15:00.000","2023-12-31T21:30:00.000","454","1.94","17031980000","17031770700","76",,"8.5","2.8","0","5","16.8","Credit Card","Taxicab Insurance Agency Llc","41.97907082","-87.903039661","POINT (-87.9030396611 41.9790708201)","41.982775009","-87.8773054","POINT (-87.8773053996 41.9827750091)"
"839e1e9ec0d2af97b51a311b24532fade07c5759","221166952b9901c17bf6348260fa6e2bcfe2f5491e9d13f7b37a608b99ec2dddc39a59e79b554d48b4c3bfdab97d72462c2cc59ca09f0bce671c2e57918f2eef","2023-12-31T21:00:00.000","2023-12-31T21:00:00.000","661","4.23","17031320600","17031242200","32","24","12.63","2.23","0","0","14.86","Mobile","Chicago Independents","41.870607372","-87.622172937","POINT (-87.6221729369 41.8706073724)","41.899589796","-87.674719134","POINT (-87.6747191345 41.8995897957)"
"c322c80b079a63c6cc646393bb5d5e58757c8839","70bca78835e8e92b04b46d111508f56c7b847abad90561822f7c7d5ae937f7c4350d671563050ab06c16fad39727bdc8d6a79bb92a215bb14f4bb52c48f8a82d","2023-12-31T21:00:00.000","2023-12-31T21:00:00.000","719","2",,,"3","6","9","2","0","0","11.5","Credit Card","Flash Cab","41.96581197","-87.655878786","POINT (-87.6558787862 41.96581197)","41.944226601","-87.655998182","POINT (-87.6559981815 41.9442266014)"
"0807d41c4e7a4b617e64bbda3734fd2d1d98f3e4","851a46407c712a156d2b18a2e82702e7378942c3451ec2f6491668bcb9065ddb122a0ba0274a527801b680336cf6783451406a94ff65423f3a141f80374df956","2023-12-31T21:00:00.000","2023-12-31T21:15:00.000","845","3.52",,,"6","22","13.26","3.11","0","0","16.37","Mobile","Chicago Independents","41.944226601","-87.655998182","POINT (-87.6559981815 41.9442266014)","41.92276062","-87.699155343","POINT (-87.6991553432 41.9227606205)"
"2be0188bd02f4accb445a9a819c33b3bd61f38d7","2e9532b31632bc0f91611dd090a2ae6d4447eece8adade3c8e786f0e8aebdb6a5d6086f5fbcfe19fe00fef9a5c86e84df55433ac0db349f5c2085a51c8dc57c3","2023-12-31T21:00:00.000","2023-12-31T21:15:00.000","906","0.98","17031081402","17031081403","8","8","8.5","0","0","1","9.5","Cash","Taxicab Insurance Agency Llc","41.891971508","-87.612945414","POINT (-87.6129454143 41.8919715078)","41.890922026","-87.618868355","POINT (-87.6188683546 41.8909220259)"
"5079a769d6c0608dadca39339a3ddab42b793ca0","4ae32e2eb244ce143800e0c40055e537cc50e3358a07ce1e877bf9f91aa6c10db986c727b9d4674705f8d124a18b05a68d07d1bc8d70e95e173f77c2c0437c22","2023-12-31T21:00:00.000","2023-12-31T21:00:00.000","19","0",,,"2","2","3.25","0","0","0","3.25","Cash","City Service","42.001571027","-87.695012589","POINT (-87.6950125892 42.001571027)","42.001571027","-87.695012589","POINT (-87.6950125892 42.001571027)"
"3d6fbed6c78a54a659d40fe76ee20f1cdede3f08","d404479bf8b43d677600cd9059c4917dd8fc10b51262a13215d854326b4aaccb25352deb32e235a92c5b916aa76a5d72e22e77470a0e02e3ba623a10647bd9c7","2023-12-31T21:00:00.000","2023-12-31T21:30:00.000","1800","17","17031980000","17031081402","76","8","43.25","0","0","10","53.25","Cash","Taxi Affiliation Services","41.97907082","-87.903039661","POINT (-87.9030396611 41.9790708201)","41.891971508","-87.612945414","POINT (-87.6129454143 41.8919715078)"
"e403e9c8d24b978f0a9cb0d6627a4fd42c493ad0","694178ac0e9d49d771533714167b350fda81343996252d5e857a2354d56193e47af0b4dd165c910a553e6b130de684e3bb4917dc5359fc7566d7d3abcb56cbb9","2023-12-31T21:00:00.000","2023-12-31T21:30:00.000","1471","4.56",,,"6","28","17.11","4.98","0","0","22.09","Mobile","Taxicab Insurance Agency Llc","41.944226601","-87.655998182","POINT (-87.6559981815 41.9442266014)","41.874005383","-87.66351755","POINT (-87.6635175498 41.874005383)"
"72309f0a530bd9c730698933c544b98bdef544bc","c53dba6f2d4174b792e113023de74f54e5af52ba87cf1a0610f9ce669032e3ed9eea4c9b7a1c6185cbdfc3e98163e38a151c4807a4a1db9bd977043f3bb836f4","2023-12-31T21:00:00.000","2023-12-31T21:15:00.000","863","11.82",,,"8","10","30","0","0","0","30","Prcard","Flash Cab","41.899602111","-87.633308037","POINT (-87.6333080367 41.899602111)","41.985015101","-87.804532006","POINT (-87.8045320063 41.9850151008)"
"d451805707697db756fa04d7d126434eabef581d","18332569daad955f48c8d965fe85ef855858a72ae12e21b7bf176ccc9bfede27311ae84c604c8dba0f1d22c290ad9f78856d2d0d1ef172f0402c9fa31fb8204d","2023-12-31T21:00:00.000","2023-12-31T21:30:00.000","1240","4.81",,,"32","23","16.25","3.35","0","0","20.1","Credit Card","Chicago Independents","41.878865584","-87.625192142","POINT (-87.6251921424 41.8788655841)","41.900069603","-87.720918238","POINT (-87.7209182385 41.9000696026)"
"76055964ac983a1e8ead2a241e70a95ac517c2b7","3665a72ee495b03f4dae72307dc6e5e58e21518f77d8e67dcd386c3b9daa1a0db86555cef4a877234542af8d1c0da6fa7a28a4e0e643e382236470d569d78668","2023-12-31T21:00:00.000","2023-12-31T21:30:00.000","1320","16.8",,,"76",,"41.25","7.25","0","7","55.5","Credit Card","Taxi Affiliation Services","41.980264315","-87.913624596","POINT (-87.913624596 41.9802643146)",,,
"3b4ba0e2d0d26e4fe672460b900f4d79cd2a9ee6","75cf3a53aae5e5858361a7ca64f75d3407dc0a44d7bc42843fd566a614cf1adcb57d543a15db44103c4801f879ceb236261b336079807dbfd2cd7a7775f166dc","2023-12-31T21:00:00.000","2023-12-31T21:00:00.000","6","0",,,"32","32","3.25","0","0","0","3.25","Cash","City Service","41.878865584","-87.625192142","POINT (-87.6251921424 41.8788655841)","41.878865584","-87.625192142","POINT (-87.6251921424 41.8788655841)"
"ffc2d81b95b0711795262bb637eecc7c8e94638a","24471dbdad65718d90f3f55715fe1c45b75169615d640373bb11523c63d52525850f6b457e6c59fb9fcf84ea220c1d7299758173d203b2325e3f5035cc355e24","2023-12-31T21:00:00.000","2023-12-31T21:15:00.000","856","2.65",,,"8","28","10.75","2.65","0","2","15.9","Credit Card","City Service","41.899602111","-87.633308037","POINT (-87.6333080367 41.899602111)","41.874005383","-87.66351755","POINT (-87.6635175498 41.874005383)"
"7204d70d1189a08c6a4e5d18fda2564296bd8c89","a109fba2e815112c26832ff506072be742be30a295285adcd37658c6b8cef0ae72d09b67375ec15ef55bd3c3e350c826a80e7829ebfcbab25cfc6bfc5118a0fa","2023-12-31T21:00:00.000","2023-12-31T21:15:00.000","1155","6.48",,,"8","3","19.5","0","0","0","19.5","Prcard","Sun Taxi","41.899602111","-87.633308037","POINT (-87.6333080367 41.899602111)","41.96581197","-87.655878786","POINT (-87.6558787862 41.96581197)"
"71c3add666569ce58efcc85e22f1f7fbe0c63862","44d82604888573a1d067dd0e6b1290e08eec36e9eafe32056db83bb19124620d240d68355cb69fa205c09452a389b6ec19b61604987b69b8402025a65cbc6f69","2023-12-31T21:00:00.000","2023-12-31T21:45:00.000","2700","32.9","17031980000",,"76",,"79.75","10","0","46","135.75","Credit Card","Taxi Affiliation Services","41.97907082","-87.903039661","POINT (-87.9030396611 41.9790708201)",,,
"5fa59194e4b8210a0ad2e1d2f8c290d5c8c55482","2e9532b31632bc0f91611dd090a2ae6d4447eece8adade3c8e786f0e8aebdb6a5d6086f5fbcfe19fe00fef9a5c86e84df55433ac0db349f5c2085a51c8dc57c3","2023-12-31T21:00:00.000","2023-12-31T21:00:00.000","109","0.12","17031081403","17031081403","8","8","3.75","0","0","0","6.25","Cash","Taxicab Insurance Agency Llc","41.890922026","-87.618868355","POINT (-87.6188683546 41.8909220259)","41.890922026","-87.618868355","POINT (-87.6188683546 41.8909220259)"
"a54092e552714964af2ccb6ae0f8c197e8051f37","32f41dbfab64ed45d31d672512bf4528d078682d839f304a3160e0ffb25e4494702809853735c525b911cb8511f46099b1de425ab86d7431a240e0b55405ef42","2023-12-31T21:00:00.000","2023-12-31T21:30:00.000","1040","3.69",,,"7","33","13.5","3.75","0","1","18.75","Credit Card","Flash Cab","41.922686284","-87.649488729","POINT (-87.6494887289 41.9226862843)","41.857183858","-87.620334624","POINT (-87.6203346241 41.8571838585)"
"d22b23df91c259f3348ff01a36b323074dc3412f","30b16efff2994f00adffb3bce7dc46d98b42a18de5be9ea3e4ee8ebc38d59619ef20dd5485ee3c07ec5da667526bbd9a87798cfd8e946f6475e75a9dd151d453","2023-12-31T21:00:00.000","2023-12-31T21:30:00.000","1140","6.1",,,"8","22","18.75","3","0","0","21.75","Credit Card","Taxi Affiliation Services","41.899602111","-87.633308037","POINT (-87.6333080367 41.899602111)","41.92276062","-87.699155343","POINT (-87.6991553432 41.9227606205)"
"f968ff722137cb0599ad2c8a77e4f2f42e67446e","f438d3a93b6c4cdaf258d31d8ae0d94df9bbc9873f99efa769f5885b3ae1be517887bf0e42cb3502688468b30d18dbb2062515b53c99a15a4fc8360c8dc63745","2023-12-31T21:00:00.000","2023-12-31T21:15:00.000","230","0.7","17031081600","17031081201","8","8","5","3","0","0","8.5","Credit Card","5 Star Taxi","41.892072635","-87.628874157","POINT (-87.6288741572 41.8920726347)","41.899155613","-87.626210532","POINT (-87.6262105324 41.8991556134)"
"004a16e9725a05ed7b616ea84bdae66b15d0913a","f81c929ea7d9107e6de8bd7ee335f42563b3413e967e98288480648a66455138dcdcde8b46b353ca4d6c287be49cd3087636ba13de6b7db6db3854c2ac8a157f","2023-12-31T21:00:00.000","2023-12-31T21:00:00.000","300","1.1","17031081403","17031320100","8","32","6","0","0","1","7","Cash","Taxi Affiliation Services","41.890922026","-87.618868355","POINT (-87.6188683546 41.8909220259)","41.884987192","-87.620992913","POINT (-87.6209929134 41.8849871918)"
"e3223f60799120f63008df1002704f9752c7e724","1d25c733bf526c55bcf3db1fd3856ba10b1064bd98ffce6ffb191faf6b5e21b6fca9c1f6302ad84ca65a1e56e28ebc9b3f05474764aac1007f0c23097e72b770","2023-12-31T21:00:00.000","2023-12-31T21:15:00.000","1500","19.2","17031980000",,"76",,"47","0","0","30","77","Cash","Taxi Affiliation Services","41.97907082","-87.903039661","POINT (-87.9030396611 41.9790708201)",,,
"d2d539e1a015144aebe43b3ea1086cca1d6a9beb","d7de5a594d0efed735dbce1fe6b9ae0651df194867e00426b93f70cadd9c00ebb6e0951de8d95cf4a50a32eb302e46f0c092453bcae803baa0a3b1b547979592","2023-12-31T21:00:00.000","2023-12-31T21:00:00.000","315","0.61","17031081201","17031081401","8","8","5.25","0","0","0","5.25","Cash","Taxicab Insurance Agency Llc","41.899155613","-87.626210532","POINT (-87.6262105324 41.8991556134)","41.89503345","-87.619710672","POINT (-87.6197106717 41.8950334495)"
"07a251799f1c7c7b01737c08d00ec7313310c792","00c152d49563ae56e208fde25f6c65b08511d0f50259d1d902901595502fc63779169df8a8e232c444151efd3aa8fc404272dc3956cf0dedfedccea5c7cfe024","2023-12-31T21:00:00.000","2023-12-31T21:30:00.000","1123","8.73",,,"76",,"23.25","0","0","5","28.25","Cash","City Service","41.980264315","-87.913624596","POINT (-87.913624596 41.9802643146)",,,
"ad2c27f45eb4bf6b3777a40aa76cd371e27a6131","e64275101114ec6cfacc200c2bab09d7d4e128b5f6fd4cad1db03ff64b96c9bfbcfcf1c77239fd43d897539f8cbfc7e8da784bb7cebe0a7b83bf21233a46fb4b","2023-12-31T21:00:00.000","2023-12-31T21:15:00.000","1226","13.84",,,"56","41","35","7.9","0","4","47.4","Credit Card","Chicago Independents","41.79259236","-87.769615453","POINT (-87.7696154528 41.7925923603)","41.794090253","-87.592310855","POINT (-87.592310855 41.794090253)"
"6990c460838328fd70399136799162374f5434ce","73c53bd1d015d25541aa53570b7f1dd2227cf25b2bed0c08ea9c6099486dd35610416f2bf9937bafe3519b2fbbedd051c719c7b50af95eab8079e03ae86992af","2023-12-31T21:00:00.000","2023-12-31T21:30:00.000","1680","0.6",,,"62","33","27.75","0","0","0","27.75","Unknown","Taxi Affiliation Services","41.792981903","-87.724208194","POINT (-87.7242081939 41.7929819032)","41.857183858","-87.620334624","POINT (-87.6203346241 41.8571838585)"
"e20cb0ad948c9a655190212297bf66a1bb7e8843","8eca35a570101ad24c638f1f43eecce9d0cb7843e13a75f0af0c911c3e31ddec549c4808e216bcf31634542025c1e7de2442b92d5d7d73463c4e05fd959e47b4","2023-12-31T21:00:00.000","2023-12-31T21:00:00.000","546","1.9",,,"8","8","9","4","0","0","13","Mobile","Sun Taxi","41.899602111","-87.633308037","POINT (-87.6333080367 41.899602111)","41.899602111","-87.633308037","POINT (-87.6333080367 41.899602111)"
"46a276ac8480d9ec21dd9102e64d3e1d1768856c","73671d8d04e67d4eabdbbab93357ea36c3aa7afd6e6a2881cf21f258b52f43882fc07437fedb05acc79f872e8592d804fcb992f289567500f15606511eb70745","2023-12-31T21:00:00.000","2023-12-31T21:00:00.000","857","4.58",,,"8","5","14.5","3.2","0","1","19.2","Credit Card","Blue Ribbon Taxi Association","41.899602111","-87.633308037","POINT (-87.6333080367 41.899602111)","41.947791586","-87.683834942","POINT (-87.6838349425 41.9477915865)"
"9f16feef7ea968b2e18e5f7813ddedfc2aec0c5e","4ab7a7510c1ebcc9b2e3eaa7bdd6508dbea34da7986aca2d8478bb55d1eabf707cda06384ba05783521e50bd5c027c95e6feda8af5eb623f31aceb1c9cf7c6cf","2023-12-31T21:00:00.000","2023-12-31T21:00:00.000","405","0.89","17031081800","17031081500","8","8","6.25","2","0","2","10.75","Credit Card","Sun Taxi","41.89321636","-87.63784421","POINT (-87.6378442095 41.8932163595)","41.892507781","-87.626214906","POINT (-87.6262149064 41.8925077809)"
"7575a9d84a7fcfafbcd264800fa9b88bae737834","3a72658aa9507b78f6b168ab50848ecdaa446585688ab4c15217a2bad705caca33d0da08958900a8caa8bed80802b84565ba8ae12245505d876e63f2f02b2d00","2023-12-31T21:00:00.000","2023-12-31T21:00:00.000","319","0.56","17031081201","17031080100","8","8","5.25","0","0","1","6.75","Credit Card","Taxicab Insurance Agency Llc","41.899155613","-87.626210532","POINT (-87.6262105324 41.8991556134)","41.907520075","-87.6266589","POINT (-87.6266589003 41.9075200747)"
"8a5569e2babc623fd481eeb50deb8fa5054ac5dd","435c3f0bb3774c35800330140eb6a9027c7f72033f0a60666b5ebf0b1ff751b19d89a5b0bd0ec0d1e5a5fec9022588d731cff99ee163e14200fc3a9cef16db3f","2023-12-31T21:00:00.000","2023-12-31T21:15:00.000","300","0",,,"32","32","4.75","0","0","1.5","6.25","Cash","Taxi Affiliation Services","41.878865584","-87.625192142","POINT (-87.6251921424 41.8788655841)","41.878865584","-87.625192142","POINT (-87.6251921424 41.8788655841)"
"3b5a5ca3f00582682fd0d03785ed3e53b8129f63","be435bc4d6744155b3272e9edded016bd4afb34777470147a81d6a7e77f17dd155fdd830169271731a5316e9a6c565a619903ae4f116598fcfb9bf22591850a2","2023-12-31T21:00:00.000","2023-12-31T21:30:00.000","1579","12.91","17031980100","17031320100","56","32","33.5","0","0","4","38","Credit Card","Medallion Leasin","41.785998518","-87.750934289","POINT (-87.7509342894 41.785998518)","41.884987192","-87.620992913","POINT (-87.6209929134 41.8849871918)"
"a1649102ffe04f47ac666b6270175949aa39d89e","971fa4446fe8b29da09564476ab378d9c582ebc3c4334c022963ac93c5eebabe88a3fc903bba1b48a21d1d1cb597f785ad481fcad514d18c231a1641d01db177","2023-12-31T21:00:00.000","2023-12-31T21:15:00.000","768","9.53",,,"7","76","25","0","0","0","25","Cash","Taxicab Insurance Agency Llc","41.922686284","-87.649488729","POINT (-87.6494887289 41.9226862843)","41.980264315","-87.913624596","POINT (-87.913624596 41.9802643146)"
"75fb865eb5f2062faccde0d2122cea1982e1e333","54044c4ce47d539663e1520272de87e38a14d38ca23a666360031dadffe5fb5b8be396c3219a60f4b5325d461a8bb9c1202e3aedb1b1b77dfbfcdb68dd8c144e","2023-12-31T21:00:00.000","2023-12-31T21:30:00.000","1228","3.87",,,"32","35","30","0","0","0","30.5","Credit Card","Chicago Independents","41.878865584","-87.625192142","POINT (-87.6251921424 41.8788655841)","41.835117986","-87.618677767","POINT (-87.6186777673 41.8351179863)"
"f84e4f56a78d1ee15b111025c0b9e8b859a74c12","f1ed8794238deb1c8f7c3759aa096ae20e3e769cc4c9ad6b0b5622db04a03ad19f07235a1fb70f90e0402c5d563ced420495c06f0ecb27469bc95d56af5841c8","2023-12-31T21:00:00.000","2023-12-31T21:15:00.000","457","2.46",,,"33","33","9.25","0","0","1","10.25","Cash","Flash Cab","41.857183858","-87.620334624","POINT (-87.6203346241 41.8571838585)","41.857183858","-87.620334624","POINT (-87.6203346241 41.8571838585)"
"32e5cf9230d16d6583580935e3f53af3e6a67c23","c934ff21f441a86be68e3fd50456cf428e23ad795305c5ce8b6df993254175c0c99d66a193994334313dcaa9ec8c4c69701fd2fa3640914115d100049a7ca81a","2023-12-31T21:00:00.000","2023-12-31T21:00:00.000","0","3.3",,,"19","19","32","0","0","0","32","Cash","Taxi Affiliation Services","41.927260956","-87.765501609","POINT (-87.7655016086 41.9272609555)","41.927260956","-87.765501609","POINT (-87.7655016086 41.9272609555)"
"6931ed1721f9f401b9afef7bacc31cff72031242","f316cf5faacc5003b612ce60c7c36fd3026297383cc5363a4de1fa0cedd3ae37b6e92f227a4b22fc983e2f5f1ce13b7a7ada55de93e44f448501a94ee7df79b3","2023-12-31T21:00:00.000","2023-12-31T21:30:00.000","1855","18.42","17031980000","17031081403","76","8","46","0","0","5","51","Cash","Blue Ribbon Taxi Association","41.97907082","-87.903039661","POINT (-87.9030396611 41.9790708201)","41.890922026","-87.618868355","POINT (-87.6188683546 41.8909220259)"
"651c5e3721554076d79da5b9d1960c43affa6aae","fcd436bde368265a17dcf67549e607f866e811e3b0bef4dc38894d907bcb66fb6eb234d9669ec580d34cadab0dcc7451551131bb38e351d0c85186bf420dcc54","2023-12-31T21:00:00.000","2023-12-31T21:30:00.000","2094","14.4",,,"76","77","37.25","10.44","0","4","52.19","Credit Card","Chicago Independents","41.980264315","-87.913624596","POINT (-87.913624596 41.9802643146)","41.9867118","-87.663416405","POINT (-87.6634164054 41.9867117999)"
"0d6ad5fe8acad30cb76173fd716d742c00f30b3a","7cf0f8fb498ea690cb01cd0b0a67b48b518441a492b024fc8d87c2890b7e2c1c13e2fd4c5fe5952a2a90d47aca7f48013d6a0678308a5e537efa0dc326c3d40b","2023-12-31T21:00:00.000","2023-12-31T21:30:00.000","1145","9.3",,,"41","28","25.5","0","0","0","25.5","Prcard","Flash Cab","41.794090253","-87.592310855","POINT (-87.592310855 41.794090253)","41.874005383","-87.66351755","POINT (-87.6635175498 41.874005383)"
"59be792c6c9df5f9c030b436d171410e34359889","6e8695920a3328f59fc6bfee7746d17159c2fec7708d9a260766e7f0b89549a905798ab448b16bc998d8181af1ddc70dc330059afd55038ce8a07d3ce0b6366d","2023-12-31T21:00:00.000","2023-12-31T21:30:00.000","1680","17.4",,,,,"44","5","0","5.5","54.5","Credit Card","Taxicab Insurance Agency, LLC",,,,,,
"81c8177f8ee71160c9ddecc4d92a0cd6256537d3","3e8e02e0a183c006abf03917a5312fe3255a88d95ac45470475993f1fa92368e2903a1925e5a82ad3d2844d6790017b993616b8b4e8c8cd8e76dcad0d276f21e","2023-12-31T21:00:00.000","2023-12-31T21:00:00.000","540","0.2",,,"35","39","11.25","0","0","0","11.25","Unknown","Taxi Affiliation Services","41.835117986","-87.618677767","POINT (-87.6186777673 41.8351179863)","41.808916283","-87.596183344","POINT (-87.5961833442 41.8089162826)"
"5f431d5a24d86b191bb0c4ebcc894e6de9277072","cff368b7deb69cd7eb7fb29b1e1cc0a0f03ff0013533a4ecd39bd79ea02112fd103b7a54e8c1e9b5c1488e6266ef00ecf395b5182e7ad6822f4d6f83d4d0cef0","2023-12-31T21:00:00.000","2023-12-31T21:30:00.000","1860","1.3",,,"76","38","51.75","11.45","0","5","68.2","Credit Card","Taxi Affiliation Services","41.980264315","-87.913624596","POINT (-87.913624596 41.9802643146)","41.812948939","-87.617859676","POINT (-87.6178596758 41.8129489392)"
"7bbe1456ed430d3aed45e129398d17f18583e65c","6898e40854937399e0ef25dad63740d21b20593439090721b2f747b039ab24c5e74ebda726b98515a4b4c6b7dd9f87717cfc7c1b52e3a8b4d52245214f09d229","2023-12-31T21:00:00.000","2023-12-31T21:00:00.000","286","0.73",,,"8","8","9","1.67","0","0","10.67","Mobile","Flash Cab","41.899602111","-87.633308037","POINT (-87.6333080367 41.899602111)","41.899602111","-87.633308037","POINT (-87.6333080367 41.899602111)"
"e165b76737ee5a8b7a0f76312e5134e3aec873b2","f538e6b729d1aaad4230e9dcd9dc2fd9a168826ddadbd67c2f79331875dc586863d73aa3169fb266dc5e5ed6cdc8687537de8071a51556146f5251d4d8e8237f","2023-12-31T21:00:00.000","2023-12-31T21:15:00.000","1077","10.26",,,"76","14","26.5","0","0","5","31.5","Cash","Flash Cab","41.980264315","-87.913624596","POINT (-87.913624596 41.9802643146)","41.968069","-87.721559063","POINT (-87.7215590627 41.968069)"
"e0ee8c6d4a41a3d9966a816f34fe58b466d8fdb1","19447854f6105afc7307d18998685917b36bbbb2c8a7e59a6801448176ca7c8064ac13ac7cbf0f6858fcc28613497a7623fbffe4393fe437df465d609226c018","2023-12-31T21:00:00.000","2023-12-31T21:15:00.000","900","0",,,"49","28","30","0","0","0","30","Unknown","Taxi Affiliation Services","41.706587882","-87.623366512","POINT (-87.6233665115 41.7065878819)","41.874005383","-87.66351755","POINT (-87.6635175498 41.874005383)"
"5a62b55cfa5602a8eafe052d17951ea10f0c9eb5","3e5af3b3cc4163e517f1e511970533751db25e2dd44471e37ae45f0764a31282184d580cda8d031efa8ab14f4a87bf171e40b638fb0cd0bb524ddd07c62a2beb","2023-12-31T21:00:00.000","2023-12-31T21:00:00.000","6","0",,,"3","3","3.25","0","0","0","3.25","Cash","Chicago Independents","41.96581197","-87.655878786","POINT (-87.6558787862 41.96581197)","41.96581197","-87.655878786","POINT (-87.6558787862 41.96581197)"
"9e7666b47ebaf61ce04041f76b0e8c9a2536cbcf","ba106251fbb2b52177138ccbb8a1327a83c89470c240b28ff5e7fd69d037ce3364471fc062081a86123b811d24829cbc77424e33c83209fe00964b59eed1061a","2023-12-31T21:00:00.000","2023-12-31T21:00:00.000","590","1.39",,,"32","8","7.75","0","0","1","8.75","Cash","City Service","41.878865584","-87.625192142","POINT (-87.6251921424 41.8788655841)","41.899602111","-87.633308037","POINT (-87.6333080367 41.899602111)"
"3c1ee0cbc0872c50415c691c04bd124b3cbdfe57","5cfef538e74c1d5c6ec2a94ce6417fc3bcc0fe6dcb1ed25cc949f1b643f169859b98214af505b87fdb504896d507c13a2895f58e3a48edaec2088d6dbfbf98a5","2023-12-31T21:00:00.000","2023-12-31T22:15:00.000","4605","24.13",,,"76",,"58.75","0","0","6","64.75","Cash","Sun Taxi","41.980264315","-87.913624596","POINT (-87.913624596 41.9802643146)",,,
"38edf9f31226b49c93dd65839b9ec7938723393e","6b6dc04e7b06da4f1dc50dee727d9ef2d1c2df22a009b44ba04c006d6dc61a1dd90cf2bca0b3e86e383183d495d4e25681dd4dc5e65c952c9614cc1913f95767","2023-12-31T21:00:00.000","2023-12-31T21:30:00.000","1989","20.31",,,"56","77","49.75","0","0","4","53.75","Cash","Sun Taxi","41.79259236","-87.769615453","POINT (-87.7696154528 41.7925923603)","41.9867118","-87.663416405","POINT (-87.6634164054 41.9867117999)"
"7b46cbd6cca697975c43e4e9476c5afcfc71ed51","4f27abbc3d72b36f617bd91b2ebf202582eb821fd21af0add6d212cd9989abea65dc552404f0d52baaa4b6c5a1a31976dabfdb9929f4b2d4e1ae929755be305e","2023-12-31T21:00:00.000","2023-12-31T21:15:00.000","1196","7.73",,,"32","16","19.58","4.75","0","1","25.33","Mobile","Taxicab Insurance Agency Llc","41.878865584","-87.625192142","POINT (-87.6251921424 41.8788655841)","41.953582125","-87.72345239","POINT (-87.7234523905 41.9535821253)"
"13d7e450e995fd6ef966ae08fb1e3838aed18777","6eb285e549ebd23a688f5fe2145d88dba65e200024e4216c7f780fb4fedf8e0e515a009bc97d23e32b41251892634bf575d7681b62fa2c44f20fcd9aaa033da2","2023-12-31T21:00:00.000","2023-12-31T21:30:00.000","1620","0",,,"14","8","24.25","0","0","0","24.25","Unknown","Taxi Affiliation Services","41.968069","-87.721559063","POINT (-87.7215590627 41.968069)","41.899602111","-87.633308037","POINT (-87.6333080367 41.899602111)"
"94595e243f0f9fa3550bf08e82393bd8f01453a8","8dd990653cc2793d96b80ae45e928afc9a590b21b491eea3f522f42a72a5d323e79997fb7b2aab3486de73e89a4c9ae8e8cc377056b9b0d3de37ab822ce2cf33","2023-12-31T21:00:00.000","2023-12-31T21:00:00.000","425","1.01","17031081600","17031081300","8","8","9","2.22","0","0","11.22","Mobile","Sun Taxi","41.892072635","-87.628874157","POINT (-87.6288741572 41.8920726347)","41.898331794","-87.620762865","POINT (-87.6207628651 41.8983317935)"
"0748f96c28d2c4c5d60f021232554bac1ee09868","1b7aef0344f45914e7942efad05553934fe222c880a1cb19de79fbf7c4c42213cb82f74d26f02a4ef8f42bdba220392fef9e31be732048be89111a59fedafbf4","2023-12-31T21:00:00.000","2023-12-31T21:15:00.000","1601","19.3","17031980000",,"76",,"47.25","20","0","31","98.75","Credit Card","Globe Taxi","41.97907082","-87.903039661","POINT (-87.9030396611 41.9790708201)",,,
"f6391b506e5387f9dad95b439896a33da1c141d3","c1a2599121801de9434ab559cae09ef16b442f88cca541d903aa89b5808c1de3b3a05e24f98f871f3d1b3d6c87046a75abf04c537fa184affdb380d095d2ed06","2023-12-31T21:00:00.000","2023-12-31T21:15:00.000","1200","0.7",,,"76","22","32.75","6","0","6.5","45.25","Credit Card","Taxi Affiliation Services","41.980264315","-87.913624596","POINT (-87.913624596 41.9802643146)","41.92276062","-87.699155343","POINT (-87.6991553432 41.9227606205)"
"68e793c2ac17c3a833274764ded708629ea1a797","97c6416993b8151c499cefeb4d036a85605d391a116b3c657d1215fd8f93106709b2851350eb9b6a88cb995c432a1798982507eda6b3cf580366764ab860d357","2023-12-31T21:00:00.000","2023-12-31T21:30:00.000","1620","17.3",,,"76","8","43.5","0","0","4","47.5","Cash","Choice Taxi Association","41.980264315","-87.913624596","POINT (-87.913624596 41.9802643146)","41.899602111","-87.633308037","POINT (-87.6333080367 41.899602111)"
"4a1c83560665807a8c5ca7e70aa6deb84138e7fe","56a4542ecb5adb7e4306cacc42ae81c53a711c6a658ff7ab6b8cbac8902240f63e4f073103d5ddf561244183057fef9f329a33d28c51f7fede513131084d8729","2023-12-31T21:00:00.000","2023-12-31T21:30:00.000","1728","17.81","17031980000","17031280100","76","28","43.75","10.25","0","7","61.5","Mobile","Flash Cab","41.97907082","-87.903039661","POINT (-87.9030396611 41.9790708201)","41.885300022","-87.642808466","POINT (-87.6428084655 41.8853000224)"
"88bca13507c61de686a7df064e12c7798a74517d","e829f46ff837c26216299fcead9868938026c1dc0e89c0a4f3d8e202395029321d21b0efe19723fc755c18b60443e96466f740ba012010e5392a344f83efa695","2023-12-31T21:00:00.000","2023-12-31T21:00:00.000","521","1.59","17031081100","17031842300","8","24","9","2.22","0","0","11.22","Mobile","City Service","41.900221297","-87.629105186","POINT (-87.6291051864 41.9002212967)","41.89830587","-87.653613982","POINT (-87.6536139825 41.8983058696)"
"254eb69c1b2ef78751b6be69f92d6f6ee6ed1bf7","80dfad24d2431332619d27e7cc7d874a2a3ae2e6dc00f7f62b873c39b0196397cde05c516ca57de730999bac78e27c33fed120d7bcd45ffefce39e97b30c85f0","2023-12-31T21:00:00.000","2023-12-31T21:15:00.000","541","1.03","17031081201","17031081500","8","8","7","0","0","2","9","Cash","City Service","41.899155613","-87.626210532","POINT (-87.6262105324 41.8991556134)","41.892507781","-87.626214906","POINT (-87.6262149064 41.8925077809)"
"9d89b8cff75367776a17525856dfe65faa5986af","137d4f780c3823fdc5f26cec160a8c9f8eb952f769c5bc70d0bc747b3eda1d77f6c5df60f9caccccfecc6ded275a85c2cb5afcf4994f42473c445e8ef4a71e35","2023-12-31T21:00:00.000","2023-12-31T21:00:00.000","374","0.68","17031081100","17031081700","8","8","5.75","0","0","1","6.75","Cash","Flash Cab","41.900221297","-87.629105186","POINT (-87.6291051864 41.9002212967)","41.892042136","-87.63186395","POINT (-87.6318639497 41.8920421365)"
"211e9d167cc2ca6056eb1da993c6b8db5920ef98","c531f081cad817a366cbae2254ce7a3bb370394b3b0f1399dfc8781333c3565ca188035bbff4d1d7652181b79712c103d01ab168cb6ca2580f2da4b324cb00a5","2023-12-31T21:00:00.000","2023-12-31T21:15:00.000","669","3.27",,,"6","7","11.75","4.12","0","2","17.87","Mobile","Flash Cab","41.944226601","-87.655998182","POINT (-87.6559981815 41.9442266014)","41.922686284","-87.649488729","POINT (-87.6494887289 41.9226862843)"
"f4aaaed7f2ec67d6eff1785c27a2301483a48bba","0ccfc1f0f221ef68515db37020162334fcf99e9a7ccde2327823c9b43d09033020d1d4627af68268781594424c020042f5e95ca16acccf25aaf13281e8eefe75","2023-12-31T21:00:00.000","2023-12-31T21:00:00.000","420","3","17031980000","17031770700","76",,"10","0","0","4","14","Credit Card","Choice Taxi Association","41.97907082","-87.903039661","POINT (-87.9030396611 41.9790708201)","41.982775009","-87.8773054","POINT (-87.8773053996 41.9827750091)"
"64ce441084ecca9c9a85f5dca464af0bd75f9e32","8d75a4e15682364840d85e0f9f954e98b2703f4e252e88660a601cb8b23075632ed27806eb5054190c73d478358977f9efb527f1c302198ae9c28b606c0fb0be","2023-12-31T21:00:00.000","2023-12-31T21:00:00.000","60","0",,,"7","7","3.5","8.55","0","39","51.05","Credit Card","Taxi Affiliation Services","41.922686284","-87.649488729","POINT (-87.6494887289 41.9226862843)","41.922686284","-87.649488729","POINT (-87.6494887289 41.9226862843)"
"649d5bac4d601ee127be9a8d35f7760f61348569","38f6145c9a2b848dc1baa16fd91087e606b12bcb8757a9eb003dfab2c031fcaeb931c1ae6b486fab5f1c21037f33a187d1cb97080f4334a63f7ce0713d0f47b4","2023-12-31T21:00:00.000","2023-12-31T21:15:00.000","1020","5.6",,,"28","7","17.25","3.55","0","0","20.8","Credit Card","Taxi Affiliation Services","41.874005383","-87.66351755","POINT (-87.6635175498 41.874005383)","41.922686284","-87.649488729","POINT (-87.6494887289 41.9226862843)"
"266c0a7f4e7ebd7d66786b1c2ed97d7480d32a51","fbbd674a65df66aae44f5261b5be2ac0f6bd0abb247f837f51819c6df813a347eb0f34eaef14eaaf3e1a6be4feba5447eecce38a71fbcf3b9e037a63459c3fab","2023-12-31T21:00:00.000","2023-12-31T21:15:00.000","1391","13.38",,,"76","5","34.75","0","0","5","39.75","Cash","Chicago Independents","41.980264315","-87.913624596","POINT (-87.913624596 41.9802643146)","41.947791586","-87.683834942","POINT (-87.6838349425 41.9477915865)"
"9d8570b16cf013ff953d3904f0526cef814e01f7","b16774f4cc26db3c0bb6beb35343dd596516566be79316f2128746068e6c97104a3cac8b05f20700cfaf82b3d1c3dd3d8e7da53ee78fe8ca9f23d70aeb4c0a92","2023-12-31T21:00:00.000","2023-12-31T21:00:00.000","593","2.7","17031320100","17031330100","32","33","10.5","0","0","3.5","16.5","Cash","5 Star Taxi","41.884987192","-87.620992913","POINT (-87.6209929134 41.8849871918)","41.859349715","-87.617358006","POINT (-87.6173580061 41.859349715)"
"de2dcb30af795c20418fe2b69fb0cc5b9a81a654","545ac2dfd5b722e0f0d884cc68ec27d5b0537410edd8bf8cc9b5a5678e04ce29f61294267fb5abdc2a3f7732167469a04bedb5fdc972527bb29597947d2d0abd","2023-12-31T21:00:00.000","2023-12-31T21:15:00.000","420","0","17031081402","17031081401","8","8","6","3.46","0","0","9.46","Credit Card","Taxi Affiliation Services","41.891971508","-87.612945414","POINT (-87.6129454143 41.8919715078)","41.89503345","-87.619710672","POINT (-87.6197106717 41.8950334495)"
"d1cebea54f2b5bf88e921330cd36e5bda094659d","6f45c05aa231c9dd389ebdb65ca751cd82ef7634766017a1240d6554bf91840a924cf3cd16564a1ca643c9b1880db706d977ab5164f4b0bd030e0fff21cb3934","2023-12-31T21:00:00.000","2023-12-31T21:15:00.000","684","4.89",,,"8","6","15","2","0","1.5","19","Credit Card","Flash Cab","41.899602111","-87.633308037","POINT (-87.6333080367 41.899602111)","41.944226601","-87.655998182","POINT (-87.6559981815 41.9442266014)"
"5e12b762815fc9106a21f39b4aeaa0f499d96ad3","64b71bd4e488e9c5571cdfcca045e7cb7a4abb0931f17b9689b4049c2a71df3161c216d73fd2cb53ba148afc4bb00df5bcdc9790cd679e9000319c12e37217e3","2023-12-31T21:00:00.000","2023-12-31T21:15:00.000","211","0.58","17031081403","17031081500","8","8","13.75","3.23","0","0","16.98","Mobile","Flash Cab","41.890922026","-87.618868355","POINT (-87.6188683546 41.8909220259)","41.892507781","-87.626214906","POINT (-87.6262149064 41.8925077809)"
"1651326257c4770017eaafe03f03ae725f5805ad","2ff4fad54ffae9d505e55587c34111c2094a0a528736959a797e3fcc724c47ab454c1f1b6fb7b1aa4d01f10cde3315cba172c7b23251beec4c3acd1ec6bfc90f","2023-12-31T21:00:00.000","2023-12-31T21:00:00.000","0","0",,,,,"49","0","0","0","49","Credit Card","Taxi Affiliation Services",,,,,,
"80f17427b2d8584a70674c3c824d6fc995002433","c26dee3edb5d4bce731d586ef40b399162a1c3a05cb5bb035e148b89a986a90612bb81bfe1745453c85fe7ae4a859e566611067e2fb730da1c1e5ce92674dd2d","2023-12-31T21:00:00.000","2023-12-31T21:15:00.000","780","5.2",,,"39","33","16","0","0","0","16","Unknown","Taxicab Insurance Agency, LLC","41.808916283","-87.596183344","POINT (-87.5961833442 41.8089162826)","41.857183858","-87.620334624","POINT (-87.6203346241 41.8571838585)"
"18ece34119fac55941236fb54cc989889b3e8d6d","f68eb3233f3e33e98e337a0442bfe5eb660e6f58de5df0bf5950f92efae803e34c430d71038e2d6a0d2472595c305e4f54be0c42f946d3971af121f08734ac08","2023-12-31T21:00:00.000","2023-12-31T21:00:00.000","339","0.76","17031081402","17031081500","8","8","5.25","0","0","1.5","6.75","Cash","Sun Taxi","41.891971508","-87.612945414","POINT (-87.6129454143 41.8919715078)","41.892507781","-87.626214906","POINT (-87.6262149064 41.8925077809)"
"cdb396a09900d5e3ee9d8c4fc2ea9336d2c93251","c1508c534ba6bcd87f4d26f1690f4941792fb3e984a04154815564d8a3ca6157af37e296ba3a20b7db7e9a6a435e84b6624a0bbcc2f7f8b23861e6daf840af6c","2023-12-31T21:00:00.000","2023-12-31T21:30:00.000","1818","18.99",,,"76",,"47.25","20.56","0","34.5","102.81","Credit Card","City Service","41.980264315","-87.913624596","POINT (-87.913624596 41.9802643146)",,,
"70ed80c90352ea2dfce836e13076f04166fe0ca2","137d4f780c3823fdc5f26cec160a8c9f8eb952f769c5bc70d0bc747b3eda1d77f6c5df60f9caccccfecc6ded275a85c2cb5afcf4994f42473c445e8ef4a71e35","2023-12-31T21:00:00.000","2023-12-31T21:15:00.000","220","0.41","17031081700","17031081700","8","8","4.75","0","0","0","4.75","Cash","Flash Cab","41.892042136","-87.63186395","POINT (-87.6318639497 41.8920421365)","41.892042136","-87.63186395","POINT (-87.6318639497 41.8920421365)"
"4ea152b0f2c6e190c0ea915f3dc80829069e5e7d","8b07f9156e568a37d362463c84dbd1118b4eeb753bae502fded3dd7ba0040f5476ebbabb0428fc752b6b1e3de90c50ae9f33c396493a873a33c9663c51fe2508","2023-12-31T21:00:00.000","2023-12-31T21:30:00.000","1860","13.8",,,"76","3","36","0","0","4","40","Cash","Choice Taxi Association","41.980264315","-87.913624596","POINT (-87.913624596 41.9802643146)","41.96581197","-87.655878786","POINT (-87.6558787862 41.96581197)"
"bf4ec222f35d0c59d38f63c80bf58ef700daf0c0","9de14279ac4dc5696c73c13b07b0aaf2b1a1796dda9f4c4d2c809598181f772b8a0222f63fbb99d13f5d673fed0a2b5128aee90d2ded26e3536e50dfbe6277ec","2023-12-31T21:00:00.000","2023-12-31T21:00:00.000","138","0.25",,,"8","8","4","0","0","0","4","Cash","City Service","41.899602111","-87.633308037","POINT (-87.6333080367 41.899602111)","41.899602111","-87.633308037","POINT (-87.6333080367 41.899602111)"
"62715fa5659f943fc74abe0000fe8a41d369bda3","5af45eaec078152b0be7971172bb74df2e875424eff12da61af867d30848554ac365fe8272ad32bcfaaa354b7ed2f726dd6eea4d20e1155dad44168d2bdd277c","2023-12-31T21:00:00.000","2023-12-31T21:15:00.000","684","4.7",,,"8","7","14.75","4.58","0","0","22.33","Credit Card","Chicago Independents","41.899602111","-87.633308037","POINT (-87.6333080367 41.899602111)","41.922686284","-87.649488729","POINT (-87.6494887289 41.9226862843)"
"820ea871927291856f1949c36f9291cb26edacae","0bd1d932b3086e8afc5ffa6372c26866d85ff1abaa15db1dd352e16e913393bf5cab10ad485345eb4eb850db3d1a867da39c4e26086f6b7b5f731f93e14a454c","2023-12-31T21:00:00.000","2023-12-31T21:00:00.000","5","0",,,,,"66.5","13.4","0","0","80.4","Credit Card","Taxicab Insurance Agency Llc",,,,,,
"705adfaf5d695578cdf25ecd94349a855a456817","bf66d006c4634bdc6c98ee6d505187ed750e647a6b4d1cc7e6fa4c719d50ccd3e5968d0122c6667b2250d861b153392c24deaab293d88c5f04ba686a32486c8d","2023-12-31T21:00:00.000","2023-12-31T21:30:00.000","1742","18.08","17031980000","17031081201","76","8","45.5","10.2","0","5","61.2","Credit Card","Flash Cab","41.97907082","-87.903039661","POINT (-87.9030396611 41.9790708201)","41.899155613","-87.626210532","POINT (-87.6262105324 41.8991556134)"
"9c44740aa0dae5ff2e76f7ae80cced83266e6453","f7684402b7b01a62af891e65189e28fb61890f2ef5922b1d3d411329c1c7052673b1f781dda89f2fdcfa99aac10a3e65075093505297afef46c96a138bd3e502","2023-12-31T21:00:00.000","2023-12-31T21:30:00.000","1800","13",,,"76","4","34.25","9.8","0","4.5","48.55","Credit Card","Taxi Affiliation Services","41.980264315","-87.913624596","POINT (-87.913624596 41.9802643146)","41.975170943","-87.687515515","POINT (-87.6875155152 41.9751709433)"
"7a32a61e135b919a5d3db50970ef638b22168c9e","56a1119c6ca57e39525cf06829f9ecff553cf4b5ac24821259d086c8ab30406ec45ae77335c646417897d2f4916479c3ed8b6313c2ccb9fb3fc248a4c3387800","2023-12-31T21:00:00.000","2023-12-31T21:00:00.000","576","0.84","17031081402","17031081500","8","8","6.75","0","0","2","8.75","Cash","Medallion Leasin","41.891971508","-87.612945414","POINT (-87.6129454143 41.8919715078)","41.892507781","-87.626214906","POINT (-87.6262149064 41.8925077809)"
"a771c2b4d93c8bc056d5ad743f08363c92529861","7274daf07dd4da878465e03ee2f72165d7e044bcde1c2c0c6ae74a0cc1626b8f4bbf895d70b18d522bc2be82dd058ea0a35e9105b3aed6dd912916bd170981d9","2023-12-31T21:00:00.000","2023-12-31T21:15:00.000","1031","0",,,"6","22","13.72","3.22","0","0","16.94","Mobile","Flash Cab","41.944226601","-87.655998182","POINT (-87.6559981815 41.9442266014)","41.92276062","-87.699155343","POINT (-87.6991553432 41.9227606205)"
"dd687ac225e148e84fe2b60e2032d8c7bd827e5e","44049c7908303b494d2afeb82abce1695e2e9124a75016fcdcb62476f9d1da26c41c523270960f8e0aef78f27e5d311d33f726a40636e7a7db7e81633a949600","2023-12-31T21:00:00.000","2023-12-31T21:15:00.000","1355","16.6","17031980000","17031081800","76","8","41.25","9.15","0","4","54.9","Credit Card","Chicago Independents","41.97907082","-87.903039661","POINT (-87.9030396611 41.9790708201)","41.89321636","-87.63784421","POINT (-87.6378442095 41.8932163595)"
"f254ec97ae071791dfbea55d9a53a8bc561ac97c","a43d80513b519b01df933c10ec09d170add6868927049271ede3901739783685886f72063188ffb0614533e067fff866dc025119e3128dfd7fe5889f436ef3b8","2023-12-31T21:00:00.000","2023-12-31T21:15:00.000","726","1.22","17031320100","17031833000","32","28","9","2","0","3","14","Mobile","Taxicab Insurance Agency Llc","41.884987192","-87.620992913","POINT (-87.6209929134 41.8849871918)","41.88528132","-87.6572332","POINT (-87.6572331997 41.8852813201)"
"90e2355d27bf862294806ed0ccae6c8028544ffb","6dcd43a953f0c1bdfc49fe8260b9504af2cc45eefdfc2266ae6b2e6f977abe8676fd0ce732e377706422d51583eda869a841f93e70d0833eed4705f4bd5e9eb2","2023-12-31T21:00:00.000","2023-12-31T21:15:00.000","1173","5.25",,,"22","3","16.1","3.76","0","0","19.86","Mobile","5 Star Taxi","41.92276062","-87.699155343","POINT (-87.6991553432 41.9227606205)","41.96581197","-87.655878786","POINT (-87.6558787862 41.96581197)"
"dfce6a557edb3e351a58ce4ce06586796c5bffad","324bed23f497ca6853a133b2d1aa48e56dcd151565a283dbc16dd69280a5f597a1a4975fd973c1acb1fd00ad1374809753cee02b6131e51a5c097893d2c62664","2023-12-31T21:00:00.000","2023-12-31T21:30:00.000","1642","24.57",,,"76","41","58.75","12.65","0","4","75.9","Mobile","Taxicab Insurance Agency Llc","41.980264315","-87.913624596","POINT (-87.913624596 41.9802643146)","41.794090253","-87.592310855","POINT (-87.592310855 41.794090253)"
"067f314849eaaa0787da78c309f77c6072942a6d","4477f5eda3c0c9379d7526db1b5029184a7d75a2adcad3b338b20c83f351865360b02546bc50125c663edc0ed86b206261dc50f7f002199e4d0880802c51311d","2023-12-31T21:00:00.000","2023-12-31T21:00:00.000","394","0.95","17031320100","17031081700","32","8","6.25","3","0","1","10.75","Credit Card","Medallion Leasin","41.884987192","-87.620992913","POINT (-87.6209929134 41.8849871918)","41.892042136","-87.63186395","POINT (-87.6318639497 41.8920421365)"
"910526f143b22ecc326bbf6a8736bfe92117f1d0","ce261d848de6da143b8f88782c3e86196ebcbdac96e4d9aff669be33accbbebcc189590e6a9b1ae0f45bb1d83f0ec9557ae26a932266fc7ed972ae25b3692783","2023-12-31T21:00:00.000","2023-12-31T21:00:00.000","451","1.56",,,"28","32","9","2.22","0","0","11.22","Mobile","Taxicab Insurance Agency Llc","41.874005383","-87.66351755","POINT (-87.6635175498 41.874005383)","41.878865584","-87.625192142","POINT (-87.6251921424 41.8788655841)"
"f12b88a40db910b88280d1eb6013ac15d626de10","f75191fdf728d7ed7f4277ee1e39372c16658b87abc26a057a7e74b79dd5457cb375f859ea318a2aa47f19d24142bc3563cd5b8c0bfa633161570ec9b3686897","2023-12-31T21:00:00.000","2023-12-31T21:30:00.000","1080","8.9",,,"76",,"24","8.5","0","18","50.5","Credit Card","Chicago Independents","41.980264315","-87.913624596","POINT (-87.913624596 41.9802643146)",,,
"f186412a83575b1644995f0e86575d9c42dd7bcd","339c4c0e5d5ad12014ae25364c7082b3e8884bdb5e5fcefb4085170c968eaf736439ac250acd6e34a00b3d958e55766d93bf7ad86e0cb579d4fd87507936a6dd","2023-12-31T21:00:00.000","2023-12-31T21:30:00.000","1143","5.62",,,"6","28","15.95","3.72","0","0","19.67","Mobile","City Service","41.944226601","-87.655998182","POINT (-87.6559981815 41.9442266014)","41.874005383","-87.66351755","POINT (-87.6635175498 41.874005383)"
"1624cb2d4c70821091ec830f8b42f0ff8dd9c1b3","f1ed053acb7ee562f935ec0660878752bf1e1de1aa458b7bbaf9fafe036c83bcb2b21c12864ffe6af9e5e0184cbf3f04b784cf4895bf999e701877809ac0fceb","2023-12-31T21:00:00.000","2023-12-31T21:30:00.000","1736","17.62","17031980000","17031320100","76","32","44.5","10.4","0","7","62.4","Credit Card","5 Star Taxi","41.97907082","-87.903039661","POINT (-87.9030396611 41.9790708201)","41.884987192","-87.620992913","POINT (-87.6209929134 41.8849871918)"
"a6b49ca63d5e1261f74ea8538db0e796d91f86a6","093e9e4c05ea53bf75c51763839d5f5bd5d1785c11ee5ec5e805c14bcb833c9fbfd81ab2b7874a85cba14046e54062335b2221738a0bb0bf1ddcfe83a7efa382","2023-12-31T21:00:00.000","2023-12-31T21:00:00.000","408","0.79","17031320100","17031081500","32","8","6","3","0","1","10.5","Credit Card","City Service","41.884987192","-87.620992913","POINT (-87.6209929134 41.8849871918)","41.892507781","-87.626214906","POINT (-87.6262149064 41.8925077809)"
"cfc1f98727293e9d77c7d9f66d962e972604b047","2d5970d2ce86bb2ea404275fbdd5fce016b817e71997614162a332641f9f7ab200a73fc14415ef76efa5eaf9877158da4da6f88a4f789c48710c1a23d6774602","2023-12-31T21:00:00.000","2023-12-31T21:15:00.000","943","0",,,"6","32","15.93","3.72","0","0","19.65","Mobile","Flash Cab","41.944226601","-87.655998182","POINT (-87.6559981815 41.9442266014)","41.878865584","-87.625192142","POINT (-87.6251921424 41.8788655841)"
"597d2cd5879a32efa40779d51b62f9febec1a7bb","c3583153718e0d27b0b567c8f62d79a32f616fb4969d00c6564a187a9298058ebabfcdc893f3680469a800300d2bf15cecf6f0deaa472856bb9668965658fa81","2023-12-31T21:00:00.000","2023-12-31T21:00:00.000","8","0","17031081700","17031081700","8","8","21","6.45","0","0","27.95","Credit Card","Taxicab Insurance Agency Llc","41.892042136","-87.63186395","POINT (-87.6318639497 41.8920421365)","41.892042136","-87.63186395","POINT (-87.6318639497 41.8920421365)"
"a6f22eb4829c33c682160229d8ff968944234e10","78d1ae230754ef2eca7aa3e828789bc4714b8a261a35d5a68ec99361a2ac78cadf9daceaf0feaf8965e9932ad127499fd270df74e1308b412a4da1ea8c0fbbfa","2023-12-31T21:00:00.000","2023-12-31T21:30:00.000","1265","15.01",,,"76",,"37.5","13.1","0","27.5","78.6","Mobile","City Service","41.980264315","-87.913624596","POINT (-87.913624596 41.9802643146)",,,
"8fde8ba71c8ae5b656e4bcd1e57ce1dad1775936","d94f7ec4baf6952b7f0ac3422c0acddedae3828ade423e9566b14f55c000fd08354c5e1fee325d25b22fd049075f1327971299da88af65b9232fdf6ca0e51ab1","2023-12-31T21:00:00.000","2023-12-31T21:15:00.000","600","3",,,"8","7","11","2.5","0","1","14.5","Credit Card","Choice Taxi Association","41.899602111","-87.633308037","POINT (-87.6333080367 41.899602111)","41.922686284","-87.649488729","POINT (-87.6494887289 41.9226862843)"
"9b64824aa35aee04c6d2969749a88224af82db18","d4e172502a18df80190c19176a06c0d9344f71abdbe521e964ad99caae1c73860f3f1f7cc96e1dcac410fbe9aba385af639ef03c028b0453429bbfb67e78010b","2023-12-31T21:00:00.000","2023-12-31T21:00:00.000","231","0.44","17031081500","17031081403","8","8","4.75","2","0","1.5","8.75","Credit Card","Globe Taxi","41.892507781","-87.626214906","POINT (-87.6262149064 41.8925077809)","41.890922026","-87.618868355","POINT (-87.6188683546 41.8909220259)"
"db49cc1aa1cccfb803c1d31e15bcb6a520aa99b0","9a3892f81f54fbfcffc54b2c27f94fa864399e135f191e530c3672b390d2aad7c42c5a44b45227361c0fd39f6d44b0740371854b45e1344176fd0d5c074ba114","2023-12-31T21:00:00.000","2023-12-31T21:30:00.000","1184","15.33","17031980100",,"56",,"38","0","0","23","61","Cash","Taxicab Insurance Agency Llc","41.785998518","-87.750934289","POINT (-87.7509342894 41.785998518)",,,
"21d799c6950a9af7128f0e839688fa7c0e93042b","8c43d212c027e85eda7666c1fa31c66b23d864448b3037244d767f29e166935f89f6be10bc137ae2f24834417496102b74dd5dddcc78ab53a5dadfab479a319e","2023-12-31T21:00:00.000","2023-12-31T21:30:00.000","1740","14.6",,,,"6","37.25","0","0","5","42.25","Cash","Taxi Affiliation Services",,,,"41.944226601","-87.655998182","POINT (-87.6559981815 41.9442266014)"
"2d153389aa8ed26e5dedcbdc30617648e62577c9","f78d14baa2d1f80febaa17d73381c2eadb406cf4537522e111615ca2ccc9854f515cf1bb9dc9a9f48c4fdbf3e4e3adac120d6c6cc00dcd2aa715276b28bed0ad","2023-12-31T21:00:00.000","2023-12-31T21:00:00.000","60","13","17031980000","17031980000","76","76","3.25","0","0","0","3.25","Cash","Choice Taxi Association","41.97907082","-87.903039661","POINT (-87.9030396611 41.9790708201)","41.97907082","-87.903039661","POINT (-87.9030396611 41.9790708201)"
"02c05ab7354f39f44be581f824d997ac5dad3211","b8542c97a7f13d22a61d34cc632b172c9fa94de46bbfd3f8964b882a55dfdcce2f73630a9c31aa2328deb80ae3d2ee2b6feffbc440d7bf501ccb1367b1b2c812","2023-12-31T21:00:00.000","2023-12-31T21:00:00.000","750","1.39","17031081300","17031081403","8","8","8.5","0","0","1","9.5","Cash","City Service","41.898331794","-87.620762865","POINT (-87.6207628651 41.8983317935)","41.890922026","-87.618868355","POINT (-87.6188683546 41.8909220259)"
"301d5862a668346426b84a7350a21bd879602efc","3278a0dd17ed3de47adf8cf7236bf8f21f29e62c04394b6074ec30e2710ba95f3f5eece5ed305b5485a68619653693cc73f20de0ece0bf43c9624674782a2404","2023-12-31T21:00:00.000","2023-12-31T21:30:00.000","1500","19.8","17031980000",,"76",,"47.75","4","0","8","59.75","Credit Card","Taxi Affiliation Services","41.97907082","-87.903039661","POINT (-87.9030396611 41.9790708201)",,,
"ae10f41b0ffc95ffa84b316e8b563ca7860e0140","1db11e4e66375f35ed6a59eb06eb997fc7e23e3fdcbb3b2d5da7bbe41f7d5eb32267c269929d78652b28212915055ec57eca15b617c6c9eb9d82a5e135efb3d2","2023-12-31T21:00:00.000","2023-12-31T21:15:00.000","577","3.5",,,"10","15","10.74","2.61","0","1","14.35","Mobile","Taxicab Insurance Agency Llc","41.985015101","-87.804532006","POINT (-87.8045320063 41.9850151008)","41.954027649","-87.763399032","POINT (-87.7633990316 41.9540276487)"
"640688771d92e880c32ae5837a42d1deb347c430","252ada1a45e512d3d038a61eb1832c0eec8e3c8dce58336f73d774bea49e0f203635dbc583d2135f060a5cd63c9ea7f6ac787f546ffa0b80daabd6e39eebe4f1","2023-12-31T21:00:00.000","2023-12-31T21:15:00.000","960","13",,,"76","22","32.75","0","0","5","37.75","Cash","Taxi Affiliation Services","41.980264315","-87.913624596","POINT (-87.913624596 41.9802643146)","41.92276062","-87.699155343","POINT (-87.6991553432 41.9227606205)"
"33942c348b60460959222fb840b47d07120c86f8","84a9489b354cd6dfe99487c12c5c735e40bb1350f645668ae00ec89cc0c22510a043d8461381406b57db35f51c04f215b889e310c6b151caaa0775504ddc4884","2023-12-31T21:00:00.000","2023-12-31T21:15:00.000","660","0.96",,,"32","8","7.5","2","0","1","11","Credit Card","Chicago Independents","41.878865584","-87.625192142","POINT (-87.6251921424 41.8788655841)","41.899602111","-87.633308037","POINT (-87.6333080367 41.899602111)"
"902ca32ec21f9ccf34c92287a84eb1bd9ead45c5","f509c57d2f0b196f54d9b751ce2a1b6e956f378841b1e88b178bed2240a6aa347b50ef81087dff1f91efb1a52f5580848cd8467316b6eb4d02f2642814b8996e","2023-12-31T21:00:00.000","2023-12-31T21:15:00.000","1188","11.29",,,"42","28","29.5","0","0","0","29.5","Prcard","City Service","41.77887686","-87.594925439","POINT (-87.5949254391 41.7788768603)","41.874005383","-87.66351755","POINT (-87.6635175498 41.874005383)"
"608c1b176155f7a30e6a3c90acdbb97ba12bdce9","3458069fe0594320e14bd166052c7ecf56b09f4e706737621ee977a43ead5664e83708d3ddb723517a85957602517eead6142d7b3920f8c042e426f76799a924","2023-12-31T21:00:00.000","2023-12-31T21:30:00.000","1854","20.86",,,"56","12","51.25","0","0","5.5","56.75","Cash","Star North Taxi Management Llc","41.79259236","-87.769615453","POINT (-87.7696154528 41.7925923603)","41.993930128","-87.758353588","POINT (-87.7583535876 41.9939301285)"
"db1d02e28f3b26f31b281d333935ea9eb4ef4b77","9a423881d4046f5590943c08ec5e58d59f5ebd91fe26aa9ef49ad0dfe587e3d3a78dc5e2d214e4d42120e5296ebadeb100494177de8b0fc8ef6a1b3e5290669b","2023-12-31T21:00:00.000","2023-12-31T21:15:00.000","1320","0","17031980000",,"76",,"37.5","0","0","11","48.5","Unknown","Taxi Affiliation Services","41.97907082","-87.903039661","POINT (-87.9030396611 41.9790708201)",,,
"20f11edc2e61b41cac3e892c62d6997598d4d7d9","adb1cb74113851b651b474182fbe95a9663783779db8cca0fdc3ff7ac82cc8fe5d864b7f86a995c64e405fa6c89cd87d00b458108ebe0c62bc23c4c79e61da46","2023-12-31T21:00:00.000","2023-12-31T21:00:00.000","359","0.91","17031081402","17031081700","8","8","6","0","0","1","7","Cash","5 Star Taxi","41.891971508","-87.612945414","POINT (-87.6129454143 41.8919715078)","41.892042136","-87.63186395","POINT (-87.6318639497 41.8920421365)"
"59347fbad8d38e1bb40684597ce1973fb543e18f","4ae32e2eb244ce143800e0c40055e537cc50e3358a07ce1e877bf9f91aa6c10db986c727b9d4674705f8d124a18b05a68d07d1bc8d70e95e173f77c2c0437c22","2023-12-31T21:00:00.000","2023-12-31T21:30:00.000","1860","9.95",,,"1","32","28.25","0","0","0","28.25","Prcard","City Service","42.009622881","-87.670166857","POINT (-87.6701668569 42.0096228806)","41.878865584","-87.625192142","POINT (-87.6251921424 41.8788655841)"
"4b875a7ff2ef2ee7abcc8316383b52faaa95803c","5fcbc591653ef40e9c13064b3f546bbed4fabf421ed70e173111c53f0c144c91ddbc5da9562067e85aada81f948e314d393572b818600c4f671961408e73d414","2023-12-31T21:00:00.000","2023-12-31T21:15:00.000","1275","1.48","17031081500","17031081401","8","8","9","2.42","0","1","12.42","Mobile","Sun Taxi","41.892507781","-87.626214906","POINT (-87.6262149064 41.8925077809)","41.89503345","-87.619710672","POINT (-87.6197106717 41.8950334495)"
"4d8357d864e4c10bd0514d3f3e2b86142ec803d4","03906d62f91d139ab93f74f50d1b208805b7fbb61e8d1e414a446e6e4432a07c7e297c4aab3835173aa7e6c20088ddb3f86c6fb75cae7d6c90a483181772c2bb","2023-12-31T21:00:00.000","2023-12-31T21:30:00.000","1804","9.03",,,"2","8","27","0","0","0","27","Prcard","5 Star Taxi","42.001571027","-87.695012589","POINT (-87.6950125892 42.001571027)","41.899602111","-87.633308037","POINT (-87.6333080367 41.899602111)"
"2ec62f37aa181c8c86f4ab5c5a73139f14771910","643bb93d2492e6eda6e928f41ec8e1cb906c3d8bf0dbd9ce7fde2198df5f74ad6159ef5666261e8ebb11e028a0c6f237ca96cccb30ef17857338822abb5f4bf7","2023-12-31T21:00:00.000","2023-12-31T21:00:00.000","365","0.84",,,"8","8","9","2.22","0","0","11.22","Mobile","Sun Taxi","41.899602111","-87.633308037","POINT (-87.6333080367 41.899602111)","41.899602111","-87.633308037","POINT (-87.6333080367 41.899602111)"
"c9878a02b26e7698e5ec91ee23412208e9157a5c","0a83f5a5d16f62d20fc8c6866fc8cb379efd0d52e69023615ea00de8e3fbeb9a388785c062bc907b5733a012f8a79c19b2459d654ed103a12132c43b2809438b","2023-12-31T21:00:00.000","2023-12-31T21:30:00.000","2100","16.4",,,,,"43","9.5","0","4","56.5","Credit Card","Chicago City Taxi Association",,,,,,
"675e682f07d54d1de8e775d884df5fe8d84d83de","5d957f1479cfb6a300e287a043cd6f4f4cc0d304b8de0911e712ee49d0c822442d00dcb9c042c1c8f88b623b60263a29daeab0ac805b037da24ccf35a64f1cf5","2023-12-31T21:00:00.000","2023-12-31T21:15:00.000","1317","14.33",,,"56","42","36","8.5","0","6","51","Credit Card","Taxicab Insurance Agency Llc","41.79259236","-87.769615453","POINT (-87.7696154528 41.7925923603)","41.77887686","-87.594925439","POINT (-87.5949254391 41.7788768603)"
"2e31d843c0c379c6b629b2d65938c0591de8707b","20f934fdbdc9a49b1c77a16499683727101bc8c3184739476513e131faebd5d84541834ef672ee50968f139dc7b8d0c4628d6c7a91ce1c54bd58588dcada9e87","2023-12-31T21:00:00.000","2023-12-31T21:15:00.000","1210","10.93",,,"42","8","28.75","0","0","2.5","31.25","Prcard","Chicago Independents","41.77887686","-87.594925439","POINT (-87.5949254391 41.7788768603)","41.899602111","-87.633308037","POINT (-87.6333080367 41.899602111)"
"fc2c3a2e79c6b9bff54791b5a3e200a1a3889808","4628ef9dfa973bdfe877c5aa9d9738f9dc1204e54f2f1a4cc18141f37e2e66d080533f82510a96d1525b28eee833696f7e1337e9999a38f2fd5babf71585a344","2023-12-31T21:00:00.000","2023-12-31T21:15:00.000","387","0.83","17031081403","17031081300","8","8","5.75","0","0","2.5","8.25","Cash","Chicago Independents","41.890922026","-87.618868355","POINT (-87.6188683546 41.8909220259)","41.898331794","-87.620762865","POINT (-87.6207628651 41.8983317935)"
"12cf195d21c89e85d91a92039715722c9bb71fc8","c7e24b57c5ac5cc6b23bdaa7ad986c639f07680587bf710f52dde392f353f9935355277768f8ab89ba94a517ff8ee254ef7927c7bdb11868bb78ad39d5f502e2","2023-12-31T21:00:00.000","2023-12-31T21:30:00.000","1321","9.38",,,"24",,"25.25","0","0","0","25.25","Cash","Flash Cab","41.901206994","-87.676355989","POINT (-87.6763559892 41.9012069941)",,,
"2614ecd90facdb060f6e8ce9b7aa0412dde00855","f6d4ccd11c7def8e9b0a7cbfea8c9b1a733540a60eea288eddb58a3da5f060761c8cb089728d64db62b77cbfd9b4488c9c4207817292d620903a9813cd25ee9b","2023-12-31T21:00:00.000","2023-12-31T22:00:00.000","3399","50.49","17031980000",,"76",,"118","0","0","15","133","Cash","Flash Cab","41.97907082","-87.903039661","POINT (-87.9030396611 41.9790708201)",,,
"646de880f6240483a1c24ce889872273623f9340","b2a007b1410c7208af92ef3a97b87c0af4c3e7b49c2b765a39fccd2f06b2f836ed410f8507081389b033082d814a0ee5598e1fa925facbc5c0d20e13b7bc0e5a","2023-12-31T21:00:00.000","2023-12-31T21:30:00.000","1648","11.59",,,"66","8","31","0","0","0","31","Prcard","Flash Cab","41.771848515","-87.695666342","POINT (-87.695666342 41.7718485152)","41.899602111","-87.633308037","POINT (-87.6333080367 41.899602111)"
"999991580a7e1e3b0be3ff2471ab77ab5e82db33","9fcefcaa49ef3229c8e75e02120101fbd92b329677ceeaa8b4c09e6615d1e8efd83e4381df8131d68ad62b085cdd2e3325dd2ac25c161f8edce3f03e4dea4713","2023-12-31T21:00:00.000","2023-12-31T21:00:00.000","446","2.74",,,"76",,"10","0","0","8","18","Cash","Globe Taxi","41.980264315","-87.913624596","POINT (-87.913624596 41.9802643146)",,,
"d968562a2ff6cfe7e71b38ed52060266ba7148c7","b9ce4a1df5c8bf18e20212f8310e1b1e72b44dff6c9157ecd9cf5174643e0983e9ee0cd67b8596b2d74f4d1571fc7108d2030bf17741a9dcaf9433e1f615176b","2023-12-31T21:00:00.000","2023-12-31T21:30:00.000","1859","22.33","17031980000",,"76",,"54.5","0","0","6","60.5","Cash","City Service","41.97907082","-87.903039661","POINT (-87.9030396611 41.9790708201)",,,
"58e6a154605c89b5b73a7f54be646086ce77efdd","2c1267cbb5667c1f61fe7807c2fd963de1ed9b17851fd3d3b4df9f1df8f7eedff1ebb08069a0da1e890787c12429efe98e46e3cb8d0f0bd68786b9477a5826bc","2023-12-31T21:00:00.000","2023-12-31T21:30:00.000","1160","0",,,"6","28","15.27","3.57","0","0","18.84","Mobile","Flash Cab","41.944226601","-87.655998182","POINT (-87.6559981815 41.9442266014)","41.874005383","-87.66351755","POINT (-87.6635175498 41.874005383)"
"a517e100d15edf5b04db9117da37b478b9a08de0","fc9d2d20856d6ccf05e9ad79233cf3d26a11a334ba213849fbd9d3c5a212c189ee99b93cd72a841bfb0ed0e668f34cf0e292a9d448f4b98ed6356d9d7c296c41","2023-12-31T21:00:00.000","2023-12-31T21:30:00.000","1587","15.68",,,"76",,"39","6.52","0","4","50.02","Credit Card","5 Star Taxi","41.980264315","-87.913624596","POINT (-87.913624596 41.9802643146)",,,
"d8face3d1d869e1857d7ac3a525fd4721961443f","d4fdfedf3c662fbe2da0d4628e83a98136b5af51aeca012bb4cb15cac47f56467f67030d7567fa1e72e9528e52a7f9e483a55f8e2d80d86e6f8ec1961d89ea00","2023-12-31T21:00:00.000","2023-12-31T21:30:00.000","1689","19.55",,,"76","33","47.75","13.31","0","5","66.56","Credit Card","Blue Ribbon Taxi Association","41.980264315","-87.913624596","POINT (-87.913624596 41.9802643146)","41.857183858","-87.620334624","POINT (-87.6203346241 41.8571838585)"
"d96181c93c2fc7a85ad956b1c5f9f613cbc93223","b7f7dbb452c0fb980a0f2050a146147c1006fe5f34e3b0ac6f0b589c697eaf969d9fd384fafacac5ef06cbd330795f0b8a983b65b75eafff16a1a29f55d5eb1f","2023-12-31T21:00:00.000","2023-12-31T21:15:00.000","784","8.31",,,"76",,"22.25","0","0","5","27.25","Cash","5 Star Taxi","41.980264315","-87.913624596","POINT (-87.913624596 41.9802643146)",,,
"d8de7c9336961d75e7151072e601c775998c2486","22b403ba1c4de25cb19049e9c08b6d1339a9eea3ec06f9bad7bca4f17a7ce1b237f980cc925abad84ec75963637c6c4c517ef5319e0db76ad7046e28f43ff9cf","2023-12-31T21:00:00.000","2023-12-31T21:15:00.000","1216","0",,,"8","8","9","2.29","0","0","11.29","Mobile","Flash Cab","41.899602111","-87.633308037","POINT (-87.6333080367 41.899602111)","41.899602111","-87.633308037","POINT (-87.6333080367 41.899602111)"
"2ae36cf3b278756ed939471e54a10b45be6e55fa","389f01c14b097ed951468ff163ccc71ebcb99a27e523e9d77f95a210c2eef5302033dd81e9729d042345026cdb4b589a30f1e05553813a3249052e9ec657deb0","2023-12-31T21:00:00.000","2023-12-31T21:30:00.000","1687","15.53",,,"76","7","39.5","9","0","5","54","Credit Card","Medallion Leasin","41.980264315","-87.913624596","POINT (-87.913624596 41.9802643146)","41.922686284","-87.649488729","POINT (-87.6494887289 41.9226862843)"
"2254c547e05f055871ae78166fe3d41ed2c48e1f","eb45a5cf86f97931ee27a489ee764c997bcfdf01b5f21b30824e01d1129dca4da9898de875aaa1a4ceb2d23264d76ce5fe21441e7190d3b6eea3cf76f493e199","2023-12-31T21:00:00.000","2023-12-31T21:15:00.000","857","6.23",,,"3","8","16.83","0","0","0","16.83","Mobile","Taxicab Insurance Agency Llc","41.96581197","-87.655878786","POINT (-87.6558787862 41.96581197)","41.899602111","-87.633308037","POINT (-87.6333080367 41.899602111)"
"d95d0351d44b064750039c43124c001fee319154","b2faa1d3e1b91bb0e84ca332617afa61667a5e8d8bc09867a441a8fba87bc8b82c0e3d0be873b2a142f0fdcc94a003101cc022009d68c05d8c0a6651b8d980fa","2023-12-31T21:00:00.000","2023-12-31T21:00:00.000","339","0.5","17031081500","17031320100","8","32","5.25","0","0","0","5.25","Cash","5 Star Taxi","41.892507781","-87.626214906","POINT (-87.6262149064 41.8925077809)","41.884987192","-87.620992913","POINT (-87.6209929134 41.8849871918)"
"c9751b4b9c0b5c54155de33fe180154ff75cf30c","7f3eadd008844fca4c6c04421f054c09caa0585ca8797bc34dacc93a6f41cbf20a854ab87b19ce1ee607107c6e16ca994e213e41dd94c226bc4d12d9bef7d2ea","2023-12-31T21:00:00.000","2023-12-31T21:15:00.000","1332","10.31",,,"32","46","27.5","0","0","0","27.5","Prcard","5 Star Taxi","41.878865584","-87.625192142","POINT (-87.6251921424 41.8788655841)","41.741242728","-87.551428197","POINT (-87.551428197 41.7412427285)"
"1568e418fc8e62a51c2e3bf1719893ffc3541704","d1d88b89ceb6d753007b6e795e3c24f4bea905a51e9d475c9b555d2a82ed2a5d72eed1b7bb6107f7c0328b5b88148196b698279399dc6f305197342beb0c1167","2023-12-31T21:00:00.000","2023-12-31T21:00:00.000","204","0","17031081800","17031081700","8","8","9","2.22","0","0","11.22","Mobile","Flash Cab","41.89321636","-87.63784421","POINT (-87.6378442095 41.8932163595)","41.892042136","-87.63186395","POINT (-87.6318639497 41.8920421365)"
"a82c4355d187543e1557ff78be3bcfa274d0ba10","3cf614bd7410ac2d0334dd9e1275a2d1c5a3ede41a98a5dcf8203a72226ef1387ccaf9f9b24cbb58a4d7deac95252390f81ea44107dbe33aa10157b79f80fd4b","2023-12-31T21:00:00.000","2023-12-31T21:00:00.000","0","0",,,"22","22","3.25","0","0","0","3.25","Cash","Taxi Affiliation Services","41.92276062","-87.699155343","POINT (-87.6991553432 41.9227606205)","41.92276062","-87.699155343","POINT (-87.6991553432 41.9227606205)"
"aa32077e06f5dff2921812d08848efbba80be248","fe3f654450472e6aa241347b9ebb7f78ce4628a0069cfcfa8586e2389a5e43d50a248cc6cedf81acd3a433f0180589e28deb4b0960fa10db9cb184adf7cfa765","2023-12-31T21:00:00.000","2023-12-31T21:00:00.000","257","0.51","17031081300","17031081500","8","8","5","3","0","0","8.5","Credit Card","Sun Taxi","41.898331794","-87.620762865","POINT (-87.6207628651 41.8983317935)","41.892507781","-87.626214906","POINT (-87.6262149064 41.8925077809)"
"24325d871e6bc5ae9409ec13ff7fa755446af779","864e0bed592c7a476208dbb4d719f853c84d7d5e8d322ae93fa152b299b9dd52c1d91ebe6c1377adbc0678e69e3e5a1d013a4c7ce998dc476cca0e55275f077f","2023-12-31T21:00:00.000","2023-12-31T21:30:00.000","2019","14.17",,,"76","1","36.75","0","5","0","42.25","Mobile","Star North Taxi Management Llc","41.980264315","-87.913624596","POINT (-87.913624596 41.9802643146)","42.009622881","-87.670166857","POINT (-87.6701668569 42.0096228806)"
"7338a0c6a630a783e84ed060146235985af7c8e9","fc9af5a263f70826b274b29067232130b35f23b91479bb66a0655224a22b586ae2c4f88090c3de82a4f428726dd5018b74b0c84627b9e2cf57ee329c5d794575","2023-12-31T21:00:00.000","2023-12-31T21:15:00.000","644","0.96","17031081500","17031320400","8","32","9","2.22","0","0","11.22","Mobile","City Service","41.892507781","-87.626214906","POINT (-87.6262149064 41.8925077809)","41.877406123","-87.621971652","POINT (-87.6219716519 41.8774061234)"
"7e4ae2ec5fa74849038ee1467b2b65fbd5a830b1","6f3c8bee0eb9f2eb5b7bd4c279792dbf7c2e1bd5f5c6db017087b4ee58875dc8552fb74f6345eb0e21afa044814a63c14079116be3fdd3708eea8d28d6b52f47","2023-12-31T21:00:00.000","2023-12-31T21:30:00.000","1690","15.55",,,"76","7","39.75","6.79","0","5","52.04","Credit Card","Flash Cab","41.980264315","-87.913624596","POINT (-87.913624596 41.9802643146)","41.922686284","-87.649488729","POINT (-87.6494887289 41.9226862843)"
"5fc51c292957e31e586665b7bec422d25684da44","e1cf6c401b0eff9128dad27435a344db33ed69d2be0a63a302a476bc9e332e10fbb4351f7bdb0db10288b691e1375e5f1aae4859451d3d65a68eac5bbce01e61","2023-12-31T21:00:00.000","2023-12-31T21:00:00.000","11","0",,,"28","28","45","0","0","0","45.5","Credit Card","5 Star Taxi","41.874005383","-87.66351755","POINT (-87.6635175498 41.874005383)","41.874005383","-87.66351755","POINT (-87.6635175498 41.874005383)"
"d7edd820d95f7884373061f52cd4c77698e7e1d8","791c36425d43d0153e2b79de132fc28ba08741645c41aa2c3799d0f28c8f1466082848c3cee0f64b2a89dcd4259b1290810ba964af8be137846595ab23bdbf0d","2023-12-31T21:00:00.000","2023-12-31T21:15:00.000","1076","1.8","17031281900","17031081401","28","8","10","0","0","1","11","Cash","Sun Taxi","41.879255084","-87.642648998","POINT (-87.642648998 41.8792550844)","41.89503345","-87.619710672","POINT (-87.6197106717 41.8950334495)"
"787b8b9d76dc93f5bbe9dcfb5452a2d8875308bd","9cae57fb9925db7129ad7b4d5019accd722057dada60f5da055468d5a2fc51ec80f6acb71fc34d503d9f119e2c06e5a027fc510c6d560fa0ace11a0c5c7672fe","2023-12-31T21:00:00.000","2023-12-31T21:00:00.000","541","0.51","17031081500","17031839100","8","32","6.25","0","0","1","7.25","Cash","Sun Taxi","41.892507781","-87.626214906","POINT (-87.6262149064 41.8925077809)","41.880994471","-87.632746489","POINT (-87.6327464887 41.8809944707)"
"d7f470734fb46015d5e7b8ae97e781ae92b99a05","2562c5abd0c79356d2b6ed696ff9c61f3c6a7452176e067079eeb9ab4869816e5cc637b2464ae3846a2522762c036f3adf77216a829bbed5fbc5bd7da2dda337","2023-12-31T21:00:00.000","2023-12-31T22:15:00.000","3847","3.42",,,"76","76","30","0","0","0","30","Prcard","Blue Ribbon Taxi Association","41.980264315","-87.913624596","POINT (-87.913624596 41.9802643146)","41.980264315","-87.913624596","POINT (-87.913624596 41.9802643146)"
"2cae6eb5397d6f5f0f94eba50e07c16b76d0ff45","f231bcdb9ecc171d44032640fced8351f4bcf6542b673e9bf964993e988b80417a3881d4cc37f8a590ad556978f3df0633773b1d8fe4cbf42126b4224f430036","2023-12-31T21:00:00.000","2023-12-31T21:15:00.000","1511","15.48",,,"76",,"38.75","16.31","0","26","81.56","Credit Card","Taxicab Insurance Agency Llc","41.980264315","-87.913624596","POINT (-87.913624596 41.9802643146)",,,
"c6f55cd381aace7024f257863c415845885aefea","11bb28dc5075f790bd4529d80a571002aeb69fd4145015caf45040d4ed2268d2aeb42f82059e30bea7db4eb4819c577912f80ee59b6444902599e580a78c6ebe","2023-12-31T21:00:00.000","2023-12-31T21:15:00.000","924","5.87",,,"8","5","17.5","3.8","0","1","22.8","Mobile","City Service","41.899602111","-87.633308037","POINT (-87.6333080367 41.899602111)","41.947791586","-87.683834942","POINT (-87.6838349425 41.9477915865)"
"8d4e456283ecc345697b4689a91e67fedf9012d4","37073e8c9e454886fe4a916f80a9a3478570e7dd3e663f40c5b81eae90f8f611027c67455f43b426f4c34dcb7fdb6697c82a3c6d00237f11a4a6cf5b1d1ce0c7","2023-12-31T21:00:00.000","2023-12-31T21:00:00.000","272","0.67","17031081100","17031081700","8","8","5.25","0","0","1","6.25","Cash","City Service","41.900221297","-87.629105186","POINT (-87.6291051864 41.9002212967)","41.892042136","-87.63186395","POINT (-87.6318639497 41.8920421365)"
"c62c94aee6ad6c7793ccb225bd048eed1fed622d","ab6d286c53a31735e3e52ee1a899c4b2b3ad5206c9e5d8d4b7585db0e6c957a2a0b21e5605eb615575feac592edfdeccea18b31157baa2a2a84c1243c9424c6b","2023-12-31T21:00:00.000","2023-12-31T21:15:00.000","840","0",,,"76",,"20.75","1","0","6","27.75","Credit Card","Taxi Affiliation Services","41.980264315","-87.913624596","POINT (-87.913624596 41.9802643146)",,,
"f2ebe77fd956b4403825d3bfa0d53d1c74ba39ee","6e0a0360a9107f3cc0064a80f49f33a7f53e8aa6232d66b590bf83fca4277b3c6203ac04f2d404fdf6a57190cd50530fce8f585b9f122aa4cf98ff0c255e9f2e","2023-12-31T21:00:00.000","2023-12-31T21:15:00.000","1280","16.18",,,"76","8","40","6.68","0","4","51.18","Credit Card","Flash Cab","41.980264315","-87.913624596","POINT (-87.913624596 41.9802643146)","41.899602111","-87.633308037","POINT (-87.6333080367 41.899602111)"
"31a16b4c5b878cf073c3102464a88021b16611d5","2b4a8f4987a1230a1c6dd6212e33e1b58e7b7a513a93f4ac38baf75f321968e38ec65368efae951621c82cab9c5e85ad8866422a5d39a3dc7c0c9b5b09286e4f","2023-12-31T21:00:00.000","2023-12-31T21:15:00.000","780","0.3",,,"28","21","17","3.5","0","0","20.5","Credit Card","Taxi Affiliation Services","41.874005383","-87.66351755","POINT (-87.6635175498 41.874005383)","41.938666196","-87.711210593","POINT (-87.7112105933 41.9386661962)"
"66b1294558afa6d30ee9f19cf4847cc2ac9402d9","52a94e237e6ca1f7e21267d6b906e3abaec95d6f057632cb15de057c45f3a4563223364dbf44dbde94f7b8d65d7b193a7d4e260b58f3931b3f98078e9f24aa9f","2023-12-31T21:00:00.000","2023-12-31T21:30:00.000","1740","0.9","17031980000","17031081800","76","8","40.75","9.25","0","5","55","Credit Card","Taxi Affiliation Services","41.97907082","-87.903039661","POINT (-87.9030396611 41.9790708201)","41.89321636","-87.63784421","POINT (-87.6378442095 41.8932163595)"
"b362ceb84ff12aa5ac0ae24e9e3486ebdbfe3223","8d039e9f6b9db22587073fa73c6dfa3b61d0747464987690e40ec85b2324c38c00b4abba4c0403aacf5fade759ce7c818902a4d4846d34c6c646372f8273b014","2023-12-31T21:00:00.000","2023-12-31T21:15:00.000","1173","6.17",,,"3","8","17.39","4.05","0","0","21.44","Mobile","Chicago Independents","41.96581197","-87.655878786","POINT (-87.6558787862 41.96581197)","41.899602111","-87.633308037","POINT (-87.6333080367 41.899602111)"
"27f98d118396a95d25a31680e35443468498e03c","6ac56232b10298edfb36d568c8f7e71db5a741c2f31c81985b330d81204f52dd0464af1383eacefc4d2c9b7c0bf5e38c29e8433f3e6f5401f3783be477b0fcc6","2023-12-31T21:00:00.000","2023-12-31T21:00:00.000","16","0",,,"33","33","9","1.11","0","0","10.11","Mobile","Sun Taxi","41.857183858","-87.620334624","POINT (-87.6203346241 41.8571838585)","41.857183858","-87.620334624","POINT (-87.6203346241 41.8571838585)"
"05df4cbeba45fa851e09b87dd550575faf358ce3","ac1f0defd00d6b7417e39256ebe1cad16b64955f9a64f2eaecee6f54e52ec118133f687c8b6603d6e9a27d86a8921fc30e1458e804686d05f9cb83751fac3382","2023-12-31T21:00:00.000","2023-12-31T21:00:00.000","0","0","17031081300","17031081300","8","8","45.25","0","0","4","49.25","Credit Card","Taxi Affiliation Services","41.898331794","-87.620762865","POINT (-87.6207628651 41.8983317935)","41.898331794","-87.620762865","POINT (-87.6207628651 41.8983317935)"
"5bd97b8d4f3ad5486d672243ef26fb292b1a4788","137a3605d33badaf4f3ced9115d44ebd822c90ec3cedcbf47757717475210d1aaf7eab75fb7a630c4cf346fb5696444ede2039b8805962c676b0a6d0054633b8","2023-12-31T21:00:00.000","2023-12-31T21:15:00.000","470","0.81",,,"8","32","6.25","2","0","1","9.75","Credit Card","Flash Cab","41.899602111","-87.633308037","POINT (-87.6333080367 41.899602111)","41.878865584","-87.625192142","POINT (-87.6251921424 41.8788655841)"
"7ebe4bac0f6380622d9b948bfbf2c4228a1a3e8c","04c44d1bf8cc741f86f8ccdee5b64b65e5a6631d743450a231aa5efbd6f3cde831cf7b983a65bd9b22563c53f4f0deca843c689ba3db19124a48e6fb05f23b61","2023-12-31T21:00:00.000","2023-12-31T21:00:00.000","434","0","17031081700","17031081300","8","8","9","2.22","0","0","11.22","Mobile","Flash Cab","41.892042136","-87.63186395","POINT (-87.6318639497 41.8920421365)","41.898331794","-87.620762865","POINT (-87.6207628651 41.8983317935)"
"d11b2e0c888c65d28b5a43c08cee7f9fb3dcf602","5067aae3d9e1474101b1df5c6b7fe79389e429ea7d820315b964dade113f9db00fd09bdaae86c17e22b9e197059dbc86b2c7e36ce25358737993f757f0b26e94","2023-12-31T21:00:00.000","2023-12-31T21:00:00.000","10","0",,,"1","1","3.25","0","0","0","3.25","Cash","Flash Cab","42.009622881","-87.670166857","POINT (-87.6701668569 42.0096228806)","42.009622881","-87.670166857","POINT (-87.6701668569 42.0096228806)"
"69291eb895d6aafab9d45f645b4f809e346604fe","3f46ef398d3308fb9794b8c5de450a88439d16c47b77b79398f0e84b804e7aad4789cb5ee08f74c8b7f89a444653706802a31cfdc8b99d3867a16794641fb759","2023-12-31T21:00:00.000","2023-12-31T21:30:00.000","1134","14.5",,,"28",,"36.5","0","0","0","36.5","Prcard","Sun Taxi","41.874005383","-87.66351755","POINT (-87.6635175498 41.874005383)",,,
"c576773f36002494193f656ada24033fdfd05661","90eae856518d925f10b5315aa1604ef658e2e571026a5156fd832c1810ed18252b2548478fffaa4165acd3cbdd0cab5961bd17136aee39b9ff4c148984863eab","2023-12-31T21:00:00.000","2023-12-31T21:15:00.000","1416","12.99",,,"76",,"33","5","2","24","64.5","Credit Card","Blue Ribbon Taxi Association","41.980264315","-87.913624596","POINT (-87.913624596 41.9802643146)",,,
"c46f344ff7cb789fa32baecd74222a5634409597","6b5cf0e16cc46e2482a5670756fcae44d43fd9f9b6c25200ae0fcf145e0b8c0417fd83b5b20e9712dff9ec3adcd32e59672ab64f47db0b44e68134966c956d28","2023-12-31T21:00:00.000","2023-12-31T21:00:00.000","434","1.27","17031320100","17031280100","32","28","6.75","0","0","1","7.75","Cash","Flash Cab","41.884987192","-87.620992913","POINT (-87.6209929134 41.8849871918)","41.885300022","-87.642808466","POINT (-87.6428084655 41.8853000224)"
"43ddaf0c614812966d63c3cad441c824829c8711","1c6b94041690354e12d546af933b8311d7980f368e1b52dbdc8347fb7307afbad9db54497d7c2bcb08ca9848947d559bbe53ca6f25edc7f057aa57fae5357cc6","2023-12-31T21:00:00.000","2023-12-31T21:15:00.000","899","7.79","17031980000","17031980000","76","76","21","0","0","6","27","Cash","5 Star Taxi","41.97907082","-87.903039661","POINT (-87.9030396611 41.9790708201)","41.97907082","-87.903039661","POINT (-87.9030396611 41.9790708201)"
"846592a261117a10e31c2be7f784906e1f2d11ec","a9c03c904e899fd10c47c237b5352239f5ce6e181227e7c7f05ca46ca6e70615920136d3cf17daef337425588ffb3e577139cd3c19ebaff20292cd7dd9ed4f19","2023-12-31T21:00:00.000","2023-12-31T21:00:00.000","479","0","17031081700","17031281900","8","28","9","1.67","0","0","10.67","Mobile","Flash Cab","41.892042136","-87.63186395","POINT (-87.6318639497 41.8920421365)","41.879255084","-87.642648998","POINT (-87.642648998 41.8792550844)"
"7785ae855912e4f3cfc4e3554579d760e550404c","1aa7696cf1ac4c5d9e302177fdb918829d2ddcd9d420a3557defecc167a2bc332bc8a4ee0ae70d314ebaf1f66ff1e4cc53aca83691dd0cbfdfca39c7190c4945","2023-12-31T21:00:00.000","2023-12-31T21:15:00.000","342","1.15","17031081800","17031833000","8","28","9","2.22","0","0","11.22","Mobile","Flash Cab","41.89321636","-87.63784421","POINT (-87.6378442095 41.8932163595)","41.88528132","-87.6572332","POINT (-87.6572331997 41.8852813201)"
"59fe928084b7f8b7061352ae859a050add1ce5c8","9b6ede7d36f53ba56a1ec8882cc17703224ac426ba9ef9d9bb9e030c65941f16af594863f89a22e969c954ff04921ce60214e40b256607e2153b1d6f41fda103","2023-12-31T21:00:00.000","2023-12-31T22:15:00.000","4306","30.31",,,"56",,"79","10","0","43.5","133","Credit Card","Taxicab Insurance Agency Llc","41.79259236","-87.769615453","POINT (-87.7696154528 41.7925923603)",,,
"57c92f2e1a9e95f9564b09f0f69c81f990d0ee56","ed5ea8aa629c794c3ecfef8ef582d7b6077a7a4c25e00034117c4fe367534574946f6e544e8a5f5677d031755555b08c00609a0b0cf29517a8d1d73309004f2b","2023-12-31T21:00:00.000","2023-12-31T21:00:00.000","709","0.84","17031320100","17031081500","32","8","7.25","0","0","2","9.25","Cash","Chicago Independents","41.884987192","-87.620992913","POINT (-87.6209929134 41.8849871918)","41.892507781","-87.626214906","POINT (-87.6262149064 41.8925077809)"
"d6f4132abd562087602bcf495696b28aa22f8b86","f20c9c5845dab1e51799b959d378c102763d4b31d738da7ea1f7fee763a4c830854cf6025fbe42e7c37dddab03ef2cf43bc775bdd6c5a4114d307dbf415728a5","2023-12-31T21:00:00.000","2023-12-31T21:15:00.000","1228","14.56",,,"43","8","39.63","0","0","0","39.63","Cash","Flash Cab","41.761577908","-87.572781987","POINT (-87.5727819867 41.7615779081)","41.899602111","-87.633308037","POINT (-87.6333080367 41.899602111)"
"2414b4a1d9d34d5db84d708c159d23ae8329f8e9","2130bc5fd239a4e3b304662424fb4cc7db0ca7abf78cc548f0ca8a6cee8fc3cb2e029cbd0db9a48b47c50cbb864ec1b70fd438dde4b789123292c8f4cbcf166f","2023-12-31T21:00:00.000","2023-12-31T21:00:00.000","0","0","17031980000","17031980000","76","76","3.25","0","0","0","3.25","Cash","Taxi Affiliation Services","41.97907082","-87.903039661","POINT (-87.9030396611 41.9790708201)","41.97907082","-87.903039661","POINT (-87.9030396611 41.9790708201)"
"278ed8de2735229b7671077f4dce779b98b65a37","3b295120b1558a64a307f977d42c37a1aa7aaee18718061d9ec37711c5587e7c1fbc04855f6eefe12b0ff1cb80824adcde4da9f640d53c148d0c71111e06241f","2023-12-31T21:00:00.000","2023-12-31T21:15:00.000","1564","18.43",,,"76","28","45.25","9.95","0","4","59.7","Credit Card","Globe Taxi","41.980264315","-87.913624596","POINT (-87.913624596 41.9802643146)","41.874005383","-87.66351755","POINT (-87.6635175498 41.874005383)"
"e8376bcd949b8cfbe1fe3ba652df44516cff39a1","6fe3a00b45ce19e32d13df6abf236857b542db5a6bfed7ae16a090dc02f8d93f269f9b2b0b39e919cfad668d506db73a37f0787b1334b335016ccbd44531f626","2023-12-31T21:00:00.000","2023-12-31T21:15:00.000","759","2.46",,,"33","8","10.25","2","0","0","12.75","Credit Card","Flash Cab","41.857183858","-87.620334624","POINT (-87.6203346241 41.8571838585)","41.899602111","-87.633308037","POINT (-87.6333080367 41.899602111)"
"20f47df50c58161ca5e4e75d0e1f0b5409398a30","75c241a8b2324240c8056df32672d4fd58a20c9c7c39e7aa2495464ebe46387030a429181a29e4b9868d8bba16fd7d1bb8b3fa0fc522c63298efd8fc01a9eb16","2023-12-31T21:00:00.000","2023-12-31T21:00:00.000","272","0","17031320100","17031081500","32","8","9","1.67","0","0","10.67","Mobile","Flash Cab","41.884987192","-87.620992913","POINT (-87.6209929134 41.8849871918)","41.892507781","-87.626214906","POINT (-87.6262149064 41.8925077809)"
"14a79b3972223c5e33474b8469e9eee3d2acb049","24d4c5e51d147aecbb7c4a1ad70c38dbc05c7b4485f6de4b41fee5ea270228859c19c4160b101df87b889acc5cc7ab49b5e0491676026518677d34ea81f76591","2023-12-31T21:00:00.000","2023-12-31T22:15:00.000","4160","14.92",,,"76","76","38.5","0","0","4","42.5","Cash","Taxicab Insurance Agency Llc","41.980264315","-87.913624596","POINT (-87.913624596 41.9802643146)","41.980264315","-87.913624596","POINT (-87.913624596 41.9802643146)"
"c38767048dcdc40cd77c34ae1b80943e792e8faa","2eda36427e0a5394e90d77488294cd75e2fd87f04acb02c2db58dcfcf473ee221e5404b47fad3df4874a934c12a36244bbadb66f265cbab0c3ff00aa25ac3ed0","2023-12-31T21:00:00.000","2023-12-31T21:30:00.000","1397","15.21",,,"76","24","38.5","8.8","0","5","52.8","Credit Card","Taxicab Insurance Agency Llc","41.980264315","-87.913624596","POINT (-87.913624596 41.9802643146)","41.901206994","-87.676355989","POINT (-87.6763559892 41.9012069941)"
"4f5a9bd8f1f46bd9cf26ce19cdc30e5f1b0d6ae7","8a42ae5cf4c0d46ab041134ec82429b6bd20d016cd342ce4179b521e7514624a0ca78a4272be3135bd020742d71c3fd7391217efa558932e1b05b3db62dd2fc2","2023-12-31T21:00:00.000","2023-12-31T21:30:00.000","2040","1.4",,,"76","41","58.25","16.15","0","6","80.4","Credit Card","Taxi Affiliation Services","41.980264315","-87.913624596","POINT (-87.913624596 41.9802643146)","41.794090253","-87.592310855","POINT (-87.592310855 41.794090253)"
"179a874f1eec412344d256c3c888af65334e7954","dd49823dc32cc1ab686ed5873c2652d7bc1ffde6aac7ccc173d124a3a094d8e97ffe907fffd1257e2b27c17b44d352a0cd138df02ba89c3c27b7d3bc28a23a22","2023-12-31T21:00:00.000","2023-12-31T21:30:00.000","1845","18.03","17031980000","17031081300","76","8","45.5","0","0","6.06","51.56","Cash","Medallion Leasin","41.97907082","-87.903039661","POINT (-87.9030396611 41.9790708201)","41.898331794","-87.620762865","POINT (-87.6207628651 41.8983317935)"
"e6ee8f1552904ea1fc15ac571394b68d4824f799","cfbd7f55fa135ea0d514faa2bd53482c5e1397ced1ebcb02b1efd45c84c1ac0676c4983dfbd3b953272c5d5798b1fd3c791a86276d82ace7f77663d695a07ea5","2023-12-31T21:00:00.000","2023-12-31T21:15:00.000","984","3.37",,,"13","21","12.75","0","0","1","13.75","Cash","Sun Taxi","41.983636307","-87.723583185","POINT (-87.7235831853 41.9836363072)","41.938666196","-87.711210593","POINT (-87.7112105933 41.9386661962)"
"d8d957625f249531a86c9ce57f95673b5662f11e","ebcc9ba7a913bf2458b5753d5fedc3f8a66cf9448a632745d2f88db6cc972ad6b8746ab4c2c91ba793d23b9b8b4333ad5736d457df1e0887bba9a52aff3874e5","2023-12-31T21:00:00.000","2023-12-31T21:30:00.000","1224","10.93",,,"76","13","28.5","6.8","0","5","40.8","Mobile","Sun Taxi","41.980264315","-87.913624596","POINT (-87.913624596 41.9802643146)","41.983636307","-87.723583185","POINT (-87.7235831853 41.9836363072)"
"63d15c65882717ed624a5fa8855d84c1afc95925","f8b84760a5c303b6f781d9864346b47bc9d11271782082a8a7c1ba509a10bcbb75c2c9cc95bbf4997ba48e4e94d34233d6bbbbf692b7acfd57099608f4ef3d7c","2023-12-31T21:00:00.000","2023-12-31T21:30:00.000","1620","13.5",,,,,"35.5","8.2","0","5","48.7","Credit Card","Chicago City Taxi Association",,,,,,
"8c31d7c773a2744164649e00e34f0f5fccf5d338","2cb7deb7674470467d31b1bba4657ab1c44c1feebf6274b33df432e9d900e5fbbd18eeb2b06748d7e1400d895eadabc128b58d470330cb889999b656004f8a9e","2023-12-31T21:00:00.000","2023-12-31T21:30:00.000","1515","18.03",,,"76",,"44","0","0","6.5","50.5","Cash","Chicago Independents","41.980264315","-87.913624596","POINT (-87.913624596 41.9802643146)",,,
"383f110fbda5dec36387b3459087b881617d33d2","c6afdfd8a7e77a6363705c79438ccc226e23e84f79c200ae985a7707e6626f5c402bb9275a0e3866d0174ec80e57ff47d542355d4c487da812c0540d5de12306","2023-12-31T21:00:00.000","2023-12-31T21:15:00.000","429","1.39",,,"8","24","7","1.5","0","0","9","Credit Card","Sun Taxi","41.899602111","-87.633308037","POINT (-87.6333080367 41.899602111)","41.901206994","-87.676355989","POINT (-87.6763559892 41.9012069941)"
"1cb0781cd5050eed0c36833d0a270ed1b45ddb75","519ec685026f0f617abc95e752338a4983798aee6bb05d6d31eb5b7470e2658b668c5ba9a4304c6e466f5dad3fa151a9637b712d8f3f228273a8bd29a5756881","2023-12-31T21:00:00.000","2023-12-31T21:00:00.000","204","0.45",,,"8","8","9","2","0","0","11","Mobile","Choice Taxi Association Inc","41.899602111","-87.633308037","POINT (-87.6333080367 41.899602111)","41.899602111","-87.633308037","POINT (-87.6333080367 41.899602111)"
"57f37d7e4f84492b8e98b4ec661c48f7a6760336","2e3d5a644579e645b2f9e531459f8bc1d2c99d7312d04a6619ba199fd58f06a3f11f395dea90b0110da0ae82bbee0988cb3390b7903ba9d5c114c964a6a1b60c","2023-12-31T21:00:00.000","2023-12-31T21:15:00.000","1080","8.1",,,"8","1","22.75","0","0","0","22.75","Unknown","Taxi Affiliation Services","41.899602111","-87.633308037","POINT (-87.6333080367 41.899602111)","42.009622881","-87.670166857","POINT (-87.6701668569 42.0096228806)"
"76c1c6b318451cec33d945982b595e84c5fead2b","249d932165de24c10140f979fa81b350183cff7ac630991ebc0e2b567883a3c60780ed9dd4f087f74022f6af1eb04d11f888b84b182f90a5e1996bc87da1fa70","2023-12-31T21:00:00.000","2023-12-31T21:15:00.000","765","3.78",,,"76",,"13","0","0","5","18","Cash","Globe Taxi","41.980264315","-87.913624596","POINT (-87.913624596 41.9802643146)",,,
"6a7f85d48633f86d93440afd632a3235b5f37000","195c56dd09fe7cf2813ca4dacaa25f56fe50cf5f6c74eb78797f357616a59275f1fc4fa300b8cb6bde2ffb9e488b5c05125701e09c025f7beef3e32d7c0a2a3b","2023-12-31T21:00:00.000","2023-12-31T21:45:00.000","2100","0",,,"76","77","39","0","0","5","44","Cash","Taxi Affiliation Services","41.980264315","-87.913624596","POINT (-87.913624596 41.9802643146)","41.9867118","-87.663416405","POINT (-87.6634164054 41.9867117999)"
"04fe063ea1e28af874f7fe88b2f690fa08726078","8195103b539d970548a1674c838870eaca8e1237aca990d5cb1f33ccc54d39d7b3b1376c1e378d6ed5d1101397f407f7429184ef816df953907805cfdc867467","2023-12-31T20:45:00.000","2023-12-31T21:15:00.000","1985","14.77",,,"76","6","39","0","0","4","43.5","Credit Card","5 Star Taxi","41.980264315","-87.913624596","POINT (-87.913624596 41.9802643146)","41.944226601","-87.655998182","POINT (-87.6559981815 41.9442266014)"
"a039f9fd8827b4366ac82f4a71831aaf0e647857","612a23556a94593b3c2c66f5e675ed3cd024bdd5390e8d88172db020d8c2900c52c863873fc571d5a25cf042a0ede413244d5f95785d85885aa6ba00b0dc4338","2023-12-31T20:45:00.000","2023-12-31T21:15:00.000","1849","19.57",,,"56","77","48.25","13.19","0","4","65.94","Credit Card","Blue Ribbon Taxi Association","41.79259236","-87.769615453","POINT (-87.7696154528 41.7925923603)","41.9867118","-87.663416405","POINT (-87.6634164054 41.9867117999)"
"33da8069066533278fd715df2508776b53f9a9c2","137d4f780c3823fdc5f26cec160a8c9f8eb952f769c5bc70d0bc747b3eda1d77f6c5df60f9caccccfecc6ded275a85c2cb5afcf4994f42473c445e8ef4a71e35","2023-12-31T20:45:00.000","2023-12-31T20:45:00.000","286","0","17031080100","17031080300","8","8","9","0","0","0","9","Mobile","Flash Cab","41.907520075","-87.6266589","POINT (-87.6266589003 41.9075200747)","41.90749193","-87.63576009","POINT (-87.6357600901 41.9074919303)"
"3b373cecf171fed95114c4950676400c6682a902","8f35ce7248373090931a3261c8da3d73ebc5b81bd4546dd640505170d87993fc099680e95f64a37ae5c1f77a3ecb2ddb7578926b0948ac9c08089d7a967e3c69","2023-12-31T20:45:00.000","2023-12-31T21:15:00.000","1477","12.72","17031980100","17031081300","56","8","34","2","0","5","41.5","Credit Card","Sun Taxi","41.785998518","-87.750934289","POINT (-87.7509342894 41.785998518)","41.898331794","-87.620762865","POINT (-87.6207628651 41.8983317935)"
"dde48f6f2f96caa8af8f8240952ea1f3bb25649f","524bfb96fdc1b3d414cade414c1dbc14c16402eb60137fe97a06902a4930db9a1c5f7e4dfef9eb3d861524fefbd4a89688a870ddcedf3532f37477da5b23ffd0","2023-12-31T20:45:00.000","2023-12-31T21:00:00.000","720","0",,,,,"11","0","0","1","12","Cash","Taxi Affiliation Services",,,,,,
"23b34171c9d3dc4a8392ad7624cf6e810f308847","8d75a4e15682364840d85e0f9f954e98b2703f4e252e88660a601cb8b23075632ed27806eb5054190c73d478358977f9efb527f1c302198ae9c28b606c0fb0be","2023-12-31T20:45:00.000","2023-12-31T21:00:00.000","1140","0",,,"10","7","39","0","0","3","42","Cash","Taxi Affiliation Services","41.985015101","-87.804532006","POINT (-87.8045320063 41.9850151008)","41.922686284","-87.649488729","POINT (-87.6494887289 41.9226862843)"
"04e43a5fdb45052b199fa9926e7d0ff925a876cf","38f6145c9a2b848dc1baa16fd91087e606b12bcb8757a9eb003dfab2c031fcaeb931c1ae6b486fab5f1c21037f33a187d1cb97080f4334a63f7ce0713d0f47b4","2023-12-31T20:45:00.000","2023-12-31T20:45:00.000","240","0.6",,,"32","32","5","0","0","0","5","Cash","Taxi Affiliation Services","41.878865584","-87.625192142","POINT (-87.6251921424 41.8788655841)","41.878865584","-87.625192142","POINT (-87.6251921424 41.8788655841)"
"1183ebfd1ac472686e069dc2b11967a2fcad0508","53f28dea0e1172c2846d93d12b453aa443f6a75dbc3f855d9805cecff71c6b2d7f46d8309f27c60e8df24b90192f0723293eeac2f05126d95c4dd3ff32d420d4","2023-12-31T20:45:00.000","2023-12-31T20:45:00.000","485","1.13",,,"8","8","6.75","0","0","0","6.75","Cash","Globe Taxi","41.899602111","-87.633308037","POINT (-87.6333080367 41.899602111)","41.899602111","-87.633308037","POINT (-87.6333080367 41.899602111)"
"71f7f9f49477d3f28be23554310eee0805742953","0097753fe60f11c95766e0c88d0b7fc93806043ea4713c6df7e093c643fc5f2d480e06d0e97f3e0b7c96bc399176f93b7ce98629b2433fd9f32f9c6483ae9855","2023-12-31T20:45:00.000","2023-12-31T20:45:00.000","0","0","17031833000","17031833000","28","28","45.5","11.5","0","0","57","Credit Card","Taxi Affiliation Services","41.88528132","-87.6572332","POINT (-87.6572331997 41.8852813201)","41.88528132","-87.6572332","POINT (-87.6572331997 41.8852813201)"
"fc4a4cc7a23ee4d4486584f356e9f2fc0ae1160c","63d6f8cde6f0de8a4cf504adc40f8c49c00358506766a65dba0031887a7a464eccfcc1083c3dde417f97abbc0de38eb0d4b4f2081d83de1301fc1ac0e5f4d43c","2023-12-31T20:45:00.000","2023-12-31T21:00:00.000","960","0.5",,,"76","12","23.25","0","0","6","29.25","Cash","Taxi Affiliation Services","41.980264315","-87.913624596","POINT (-87.913624596 41.9802643146)","41.993930128","-87.758353588","POINT (-87.7583535876 41.9939301285)"
"c305876ec3f500fbf04a0a103ab8c7e84d57a831","0daf144a0b4f020f8accbe2464c459e2a17b0d2e085d0b6325f903b288e2a594d8fe58decd42c69200c0b36fa45bc647ce412f957929a54cdb1a2c6be43a99e0","2023-12-31T20:45:00.000","2023-12-31T21:00:00.000","1064","13.59",,,"26","43","46.79","0","0","0","46.79","Cash","Flash Cab","41.878594358","-87.730232428","POINT (-87.7302324284 41.8785943576)","41.761577908","-87.572781987","POINT (-87.5727819867 41.7615779081)"
"d347abaa92bd282a2b61c3a04b44dc96c553be4d","698ec513d27602fcd211bb62440a555a3f23bebbe3b2a1ec9ba6466a63bab46628c6dc1622de7c3dcbe4b0f98a7048c9fb07ae9c8a1572f432db4df68b1a4803","2023-12-31T20:45:00.000","2023-12-31T21:00:00.000","1406","10.34",,,"76",,"28.75","12.06","0","19","60.31","Credit Card","Taxicab Insurance Agency Llc","41.980264315","-87.913624596","POINT (-87.913624596 41.9802643146)",,,
"11cd370da552f1eea1379094eb437072cfd1dead","3edf5aaee7cd5378f854cca9e574820e57badb93344e0c367b70b3e39f3efb4484a3da00e6553a0c711580349369dab3969adb9845c6fd8bc63cce362a80da8f","2023-12-31T20:45:00.000","2023-12-31T21:00:00.000","482","4.32",,,"76",,"13","5","0","6","24.5","Credit Card","5 Star Taxi","41.980264315","-87.913624596","POINT (-87.913624596 41.9802643146)",,,
"be14a21b343edfb0f048b94aff5384da5551bcd3","b67c358162b4dbf47ca3cad892f6cf33d05d7dfe0b13977707ae9032a1ecf4e68653e98c8218097c4d1fd5971ef607694286849caa35882bc0189b76d291402c","2023-12-31T20:45:00.000","2023-12-31T21:00:00.000","1487","16.24",,,"76",,"41","0","0","33","74.5","Credit Card","Taxicab Insurance Agency Llc","41.980264315","-87.913624596","POINT (-87.913624596 41.9802643146)",,,
"d2ab1e089b927dcac1914a7b65796af932e855a4","00aeef49089b36ed668920fac1119a26fb25d1b48102a4dc6bf45f047cefc5c1e87a28305bd2da49582cda238fbb08da8babca9683b416ead9e43e8bf958ce54","2023-12-31T20:45:00.000","2023-12-31T21:15:00.000","2040","1.1",,,"76","8","45.75","10.25","0","5","61","Credit Card","Taxi Affiliation Services","41.980264315","-87.913624596","POINT (-87.913624596 41.9802643146)","41.899602111","-87.633308037","POINT (-87.6333080367 41.899602111)"
"6db66ec9ae3fc75e82f0261ef1cc2c53a6c02a8d","287fa9bc5736fe53d3630bbea4a6a3ccde9d15b2c32b4c6aa9f197f573083478d5352115ed4f634bcec0f8252689e0f03035aba19c5d0f34bed69a590ae2dc40","2023-12-31T20:45:00.000","2023-12-31T21:15:00.000","1585","17.02",,,"76","28","43.25","0","0","4","47.25","Cash","Star North Taxi Management Llc","41.980264315","-87.913624596","POINT (-87.913624596 41.9802643146)","41.874005383","-87.66351755","POINT (-87.6635175498 41.874005383)"
"fa846f6eb318fddaf7709cb65a39f8a2e7ed99d3","ea8e6df913a36562d8eddf662abe7722f4c0dc08527e9819364aed7a595eb61abb3728e49185db0616deb070840f410f6672275961076b6fcacc6bdfcf9edcf1","2023-12-31T20:45:00.000","2023-12-31T21:15:00.000","1500","3.8",,,"56","65","15.25","0","0","4","19.25","Unknown","Taxi Affiliation Services","41.79259236","-87.769615453","POINT (-87.7696154528 41.7925923603)","41.769778059","-87.726929842","POINT (-87.7269298425 41.7697780588)"
"adddb0fccb0e8098e4b53d8bd79512d9483fb420","d2a9362483decbe7b2d28d38ff371f05fafd542a60e8c9e4d5e3150e2c0b41b9e2b69e561807859b9ccb8c0f27922c183460b9f858df03f53b9656b8b829ceb1","2023-12-31T20:45:00.000","2023-12-31T21:15:00.000","2082","23.92",,,"76",,"59","0","0","26","85","Cash","Flash Cab","41.980264315","-87.913624596","POINT (-87.913624596 41.9802643146)",,,
"824bc440d73f63802be170c898d48db8a6e389e5","8820d05ed4f054f9b52842e8018ec0b0ae18b45a766af2a155c93a6cbb196a93aaa035821007d02db18130cb83ca5cb49698e309dec3d59ea444ef4647161469","2023-12-31T20:45:00.000","2023-12-31T21:00:00.000","396","0.41","17031839100","17031081700","32","8","5.5","0","0","2","7.5","Cash","Taxicab Insurance Agency Llc","41.880994471","-87.632746489","POINT (-87.6327464887 41.8809944707)","41.892042136","-87.63186395","POINT (-87.6318639497 41.8920421365)"
"82ea8385bcd75cc321d9fc666d39c975c6962f49","3f68542d52a06c2f726a08b3888acb6e7979a3ade1b74c38c2d8d3932377185103d527e0a018b407d71e80217caa2a9335c74cc0dabf9f13141cf5875ef051b0","2023-12-31T20:45:00.000","2023-12-31T20:45:00.000","0","0.1",,,"24","24","3.25","0","0","0","3.25","Cash","Taxi Affiliation Services","41.901206994","-87.676355989","POINT (-87.6763559892 41.9012069941)","41.901206994","-87.676355989","POINT (-87.6763559892 41.9012069941)"
"75a6eead4d7ec48fc34206bcd457808e3a525c33","3ae83cc261cea27eafc3d9b18bbc93100c03762e8b6971ee60ec7c34e975fde969dfaad88186def33c7205ef5aa98f5fc01f8419f70f7f30ab5b8af02663a2e3","2023-12-31T20:45:00.000","2023-12-31T20:45:00.000","360","0","17031320100","17031320400","32","32","6.25","0","0","2","8.25","Cash","Taxi Affiliation Services","41.884987192","-87.620992913","POINT (-87.6209929134 41.8849871918)","41.877406123","-87.621971652","POINT (-87.6219716519 41.8774061234)"
"51b8cdeee3099db14d0b972e63ecea9b5da4c8b2","53f28dea0e1172c2846d93d12b453aa443f6a75dbc3f855d9805cecff71c6b2d7f46d8309f27c60e8df24b90192f0723293eeac2f05126d95c4dd3ff32d420d4","2023-12-31T20:45:00.000","2023-12-31T21:00:00.000","552","2.13","17031081100","17031832600","8","7","9","2.13","0","0","11.13","Mobile","Globe Taxi","41.900221297","-87.629105186","POINT (-87.6291051864 41.9002212967)","41.914747305","-87.654007029","POINT (-87.6540070286 41.9147473049)"
"2da740a3783d1365612aae7de5db7cd21b73fbe4","cefcf124c1b1156a94b0d3c6edd07763849c63f800638f3fc436c7fa380a3b2816da93bfb9770a3815bfb17cce670956e235f5d541d15497aa8e775e97c7ce49","2023-12-31T20:45:00.000","2023-12-31T21:15:00.000","1560","0.9",,,"76","24","46.5","10","0","5","61.5","Credit Card","Taxi Affiliation Services","41.980264315","-87.913624596","POINT (-87.913624596 41.9802643146)","41.901206994","-87.676355989","POINT (-87.6763559892 41.9012069941)"
"a09a589819b30ee93a077baa515e787fe47c8129","d0064cc51efe8a612a5e3052111818dd7278a35d8a6bdef5748bcc0710cc5952d948982783c5a60f3d6a6607877e67889bd1667685e9556bc69854e51517f12d","2023-12-31T20:45:00.000","2023-12-31T21:00:00.000","900","0.2",,,"76",,"14.75","0","0","20","34.75","Cash","Taxi Affiliation Services","41.980264315","-87.913624596","POINT (-87.913624596 41.9802643146)",,,
"56d4e904db7fa28b2a731e753eefbdf46c0dd483","e5274d6c103515af3ce705182d0bbbea7ca077a6f23b1736254f2de8ba3e1687dd77f5fb541b7f00b1ebc24cfde54caf5a9562f046a0559acbfe1e7159e17c1a","2023-12-31T20:45:00.000","2023-12-31T21:00:00.000","624","0.5","17031081500","17031320100","8","32","7.25","0","0","2","9.25","Cash","Globe Taxi","41.892507781","-87.626214906","POINT (-87.6262149064 41.8925077809)","41.884987192","-87.620992913","POINT (-87.6209929134 41.8849871918)"
"716062f860bb0c6473bdf7099b215686b9386ddc","89ef36585d68603f58ba7a6f23998ad78fd67f1a9a9ea4f38f06167114ca6d1b1b532e0f0ca38315d09542504b488d13865e6c372900a1c3ccf4acc044376134","2023-12-31T20:45:00.000","2023-12-31T21:00:00.000","354","0.6",,,"8","8","5.5","2","0","2","10","Credit Card","City Service","41.899602111","-87.633308037","POINT (-87.6333080367 41.899602111)","41.899602111","-87.633308037","POINT (-87.6333080367 41.899602111)"
"2de533ea7d866a537bfec2c0c5a0bcf4c0d03788","45b499c75ab5b737af29fe68299330dcf0a41a140a8e4a0c7848e2ee9ab1666793ce3b343cb32be2c84758d0453a9b940ea626b71061142b353052ebef3792de","2023-12-31T20:45:00.000","2023-12-31T20:45:00.000","400","0","17031080100","17031080300","8","8","9","1.67","0","0","10.67","Mobile","Flash Cab","41.907520075","-87.6266589","POINT (-87.6266589003 41.9075200747)","41.90749193","-87.63576009","POINT (-87.6357600901 41.9074919303)"
"8a63bf4e857f2667d3f3914423ed729c7265de05","96c3fa383c9adacc965af778248d6ef1b3a20ada7e623e4985796abe3c1d7830790ffca74dfbf1cc755449845f215fade690da814458bd85e4387a6470acf64f","2023-12-31T20:45:00.000","2023-12-31T21:15:00.000","1858","16.88","17031980000","17031081403","76","8","44","9.9","0","5","59.4","Mobile","Flash Cab","41.97907082","-87.903039661","POINT (-87.9030396611 41.9790708201)","41.890922026","-87.618868355","POINT (-87.6188683546 41.8909220259)"
"e211fe0b4d10b03ba99481bb6a679680816ee6ef","2fa3e7deaf73c1b5fdb20a50f59d4140d7212a69bcb673fd805889b8b2d25727372b2efaa9dab8c4933b95d74fba92c249bb40b2fa2564ec89b5cfabb7f27a50","2023-12-31T20:45:00.000","2023-12-31T21:00:00.000","1255","15.76","17031980000","17031242200","76","24","38.75","0","0","5","43.75","Cash","Sun Taxi","41.97907082","-87.903039661","POINT (-87.9030396611 41.9790708201)","41.899589796","-87.674719134","POINT (-87.6747191345 41.8995897957)"
"d52b936dadc9f88af953088f4f62e6f99c2397d7","4ba3690e7f7bde263c96de93e97af2af2545f6d16f06b7ebb4ebdf2e0808e40a2eb225589935ec91db11ccc6f33538288b54e4d28443a08396d8ab9288f047d7","2023-12-31T20:45:00.000","2023-12-31T21:00:00.000","346","0",,,"77","77","9","1.67","0","0","10.67","Mobile","Flash Cab","41.9867118","-87.663416405","POINT (-87.6634164054 41.9867117999)","41.9867118","-87.663416405","POINT (-87.6634164054 41.9867117999)"
"6a0717a401ee488e20b73609e3edbcc2aedbfdb4","aeae74b676d686b382b5a5ad197aa0b7dded703bce5bf3fdc459e6e91253ff97fdf4f3835b94e85003fb00ad3dc7ccff870f4c3c9e705d3abb6e485faa6f3085","2023-12-31T20:45:00.000","2023-12-31T21:00:00.000","446","1.86",,,"3","77","8","0","0","0","8","Cash","Chicago Independents","41.96581197","-87.655878786","POINT (-87.6558787862 41.96581197)","41.9867118","-87.663416405","POINT (-87.6634164054 41.9867117999)"
"fbc05cc1f6d4ea3df6e672ba9575d8f1575c1d94","6b50c5bb5761c3cb4853a8ca215dee42e63e922c7ebb0ce74cd52a2b3076c37ed38a45d19077a78a0bd19fe39c5e2efce4ed1ad13af2f2b67cbdb049839aae41","2023-12-31T20:45:00.000","2023-12-31T21:00:00.000","780","9.3",,,"73","38","24.5","0","0","0","24.5","Unknown","Taxi Affiliation Services","41.717493036","-87.648895072","POINT (-87.6488950721 41.7174930361)","41.812948939","-87.617859676","POINT (-87.6178596758 41.8129489392)"
"72fdad8e0394c046392c1f243a70a1dbdc456165","5f9b8ebe05b8a28245cdc7b2c203aa8997bd86c7d87b05ced10faba715b760bbc484f3cb5f219abad87a2077054c1aeb1fcaacf348d9c9a60a82b0cacf67d00b","2023-12-31T20:45:00.000","2023-12-31T21:00:00.000","686","3.21",,,"76",,"11.75","0","0","9.5","21.25","Cash","5 Star Taxi","41.980264315","-87.913624596","POINT (-87.913624596 41.9802643146)",,,
"3608e1039e12c270fe9b821f4af0670f0bbe5f96","2e39270dfbbd3e522e303548f2153f6dabb4c1876d61f5ea9a30560c58171da372c51c8dffc393360f2d65e2e401af07fed10a86d2aa7da74c538bece8a4ada5","2023-12-31T20:45:00.000","2023-12-31T20:45:00.000","204","0.64",,,"8","8","5","0","0","3","8","Cash","City Service","41.899602111","-87.633308037","POINT (-87.6333080367 41.899602111)","41.899602111","-87.633308037","POINT (-87.6333080367 41.899602111)"
"f8bc55ab59be32f55a0dfb1a9a7ad5b1cc63f90b","d9587fb1393e03032cd4940b45d137b4ed22d5aa753b696b2e445fd48c72b9dcc1a08b85950acdb49cc5c948701d5c59a76aa915b1ab3b8e6dd2c871d22897cf","2023-12-31T20:45:00.000","2023-12-31T20:45:00.000","402","0.76","17031080100","17031080300","8","8","9","2","0","1.5","12.5","Mobile","Taxicab Insurance Agency Llc","41.907520075","-87.6266589","POINT (-87.6266589003 41.9075200747)","41.90749193","-87.63576009","POINT (-87.6357600901 41.9074919303)"
"d05f02516b6fca532b488fa126bce7c882fba426","41ba5cfc7d59a833c94ed0b59fcc8a5f3aa5ca1b2913253ff307eec5e206809cffd5b43e04faebd9b8a259159bf14c1b672374f79f663e8a5ffea1a21349a94d","2023-12-31T20:45:00.000","2023-12-31T21:00:00.000","417","1.02","17031833000","17031839100","28","32","9","1.11","0","0","10.11","Mobile","City Service","41.88528132","-87.6572332","POINT (-87.6572331997 41.8852813201)","41.880994471","-87.632746489","POINT (-87.6327464887 41.8809944707)"
"d0513bbf0aba6d0dc16ea8f6c479ec6fa4b619ca","2fafc7aa7846c8562bbc8f919586ac42f20bde0c06bf147f3e3dffc3220fc6ed9b4ca7af0c9d7afc1081c7efb7d1073068dbf74aedd0193cd2aeb3ebfba85b74","2023-12-31T20:45:00.000","2023-12-31T21:00:00.000","596","1.72",,,"8","7","9","2.12","0","0","11.12","Mobile","Sun Taxi","41.899602111","-87.633308037","POINT (-87.6333080367 41.899602111)","41.922686284","-87.649488729","POINT (-87.6494887289 41.9226862843)"
"f7334fa6928935a8e0226efdeed3e8856f4a7a82","4ac791f7350e11b574fea8de922df116ddf971d03292fd3d5478a735010f8acc54967b7352492a18a545d933df63567ce3c325604d7cb036a588842b91fdaf7c","2023-12-31T20:45:00.000","2023-12-31T21:00:00.000","1344","17.11","17031980000","17031280100","76","28","42.25","0","0","6","48.25","Cash","5 Star Taxi","41.97907082","-87.903039661","POINT (-87.9030396611 41.9790708201)","41.885300022","-87.642808466","POINT (-87.6428084655 41.8853000224)"
"ac08950a58551dc4d2b4ec0e5675011bcd7db858","4cebb9edbffeb3a0eace8cccef967730a62f5a978869e216e7855270c48891c6ba7575d0ffe0fc7e5347a411f4b4149a76bb8d65812d6c0607ff975eb7c7f566","2023-12-31T20:45:00.000","2023-12-31T20:45:00.000","809","9.26",,,"76","16","50","10.1","0","0","60.6","Credit Card","5 Star Taxi","41.980264315","-87.913624596","POINT (-87.913624596 41.9802643146)","41.953582125","-87.72345239","POINT (-87.7234523905 41.9535821253)"
"4e8e46d59474912931c4f62139c5bdb984695ad2","7b17c5d44b1b7a45e8d03c6315324fc6f960d21e550a34e3cbcc223395a7a59a765f8c5a28f61dfc540b07ba13e6a22150594ec459bbb60741662d6b4f3d5633","2023-12-31T20:45:00.000","2023-12-31T21:00:00.000","803","4.67",,,"8","6","12.98","3.05","0","0","16.03","Mobile","City Service","41.899602111","-87.633308037","POINT (-87.6333080367 41.899602111)","41.944226601","-87.655998182","POINT (-87.6559981815 41.9442266014)"
"03ef5de66cc80386637c4aae6b508bc2a90e4df6","d5c821e78bf25431862f40219794e4d023679198afeb74523a73a6e4e48c53331b592025b7ddcd4bcb44dbf6b059ccb1ea82bf9dcd894789f943b13267d781ca","2023-12-31T20:45:00.000","2023-12-31T21:00:00.000","953","3.92",,,"4","22","13.25","3.69","0","1","18.44","Credit Card","Sun Taxi","41.975170943","-87.687515515","POINT (-87.6875155152 41.9751709433)","41.92276062","-87.699155343","POINT (-87.6991553432 41.9227606205)"
"7527eaec2b96768ad07172257dea3178de013389","1aa3449094125b4b7fd178df05e0abde0e191878670ec9e378602641b67cdeb93946e84aab491cd4ab8646124c8beb9f6261c4966a59aede046be4fb7c1679d9","2023-12-31T20:45:00.000","2023-12-31T20:45:00.000","60","0",,,,,"17.5","0","0","0","17.5","Cash","Taxi Affiliation Services",,,,,,
"cfabf021afedfbff59c47460b90b163556b88a66","a10539d2dd36e2367b15e1724fab054677f286a13b262d09fad85388bfc94dc70bbdb6442f0b88bf88180a26df1f54874490781f7f8e1dcd9586eedddf5cd36f","2023-12-31T20:45:00.000","2023-12-31T21:00:00.000","679","3.93",,,"8","6","11.72","2.49","0","0","14.21","Mobile","City Service","41.899602111","-87.633308037","POINT (-87.6333080367 41.899602111)","41.944226601","-87.655998182","POINT (-87.6559981815 41.9442266014)"
"e078d16874840c27096e61db2707445e0fe42ad7","5a7a34964ad3fbda860c6dbec8eabf560e85d11b7303b1a054fa7696b827cf7b6890d01dd85410fcf3e75937cc1fab2d1b160d9761b03a07f93651e5412915ff","2023-12-31T20:45:00.000","2023-12-31T21:00:00.000","585","5.11",,,"6","32","17.48","4.07","0","0","21.55","Mobile","Sun Taxi","41.944226601","-87.655998182","POINT (-87.6559981815 41.9442266014)","41.878865584","-87.625192142","POINT (-87.6251921424 41.8788655841)"
"3a53963bdfc194cfe6ebdae4bdb4041241ad596d","ba106251fbb2b52177138ccbb8a1327a83c89470c240b28ff5e7fd69d037ce3364471fc062081a86123b811d24829cbc77424e33c83209fe00964b59eed1061a","2023-12-31T20:45:00.000","2023-12-31T21:00:00.000","316","0.87","17031320100","17031839100","32","32","5.75","2","0","1","11.75","Credit Card","City Service","41.884987192","-87.620992913","POINT (-87.6209929134 41.8849871918)","41.880994471","-87.632746489","POINT (-87.6327464887 41.8809944707)"
"bdd8a197b4f3eacb0285eb07ad22efd555a3cf82","b5a0dd68699c0bb8cfe22442f438e3291ad2f57aa69241b9c61b20899b8aca93f1a0dc1e6a324355f51a78420fc2657e60bf1b834dc04753038f8496ad71f044","2023-12-31T20:45:00.000","2023-12-31T21:00:00.000","1380","17.1",,,"76",,"42.25","5","0","5.5","52.75","Credit Card","Taxi Affiliation Services","41.980264315","-87.913624596","POINT (-87.913624596 41.9802643146)",,,
"70d86b9a6db9098490e64a03e36ec3ff3bc84953","26a53f41b40ca4ec225a15ff55054c0a2d9e4a48341ce95682596f2545c380d83287eaf73f920a605cf5993f70436c69808adfc634e475da3ae8a73895f6a4c1","2023-12-31T20:45:00.000","2023-12-31T21:15:00.000","1560","18.9",,,"76",,"46","10","0","30","86","Credit Card","Taxi Affiliation Services","41.980264315","-87.913624596","POINT (-87.913624596 41.9802643146)",,,
"9e11b17da375c96c181a5df4e8b57e3b71fe4d76","1f25a2b2c1cf1bd6ad6733bfa6eacddf5c9475102bfcd76b39ecab3ebbb2bbbd03a359ed46994d173cc6ee81bb555cea2ab424228057ea4b4170c43cd226bff4","2023-12-31T20:45:00.000","2023-12-31T21:00:00.000","1140","9.8",,,"56","56","25.75","6.15","0","5","36.9","Credit Card","Taxicab Insurance Agency, LLC","41.79259236","-87.769615453","POINT (-87.7696154528 41.7925923603)","41.79259236","-87.769615453","POINT (-87.7696154528 41.7925923603)"
"be1472b7140b18c00482585dd3ac16fd882b03f8","9b48ad5744e86450fb4db78e7095a6827bafc43a6a9d9a8f656aac46cc0e429d129471cdad31f8a5a97b3a45c8af5fcbc80d003c1c4839075733900786e1a5a9","2023-12-31T20:45:00.000","2023-12-31T21:00:00.000","1350","2.74",,,"32","8","9","2.26","0","0","11.26","Mobile","Sun Taxi","41.878865584","-87.625192142","POINT (-87.6251921424 41.8788655841)","41.899602111","-87.633308037","POINT (-87.6333080367 41.899602111)"
"7b4c69218726ba3355a1c2a43359d0e55ff4e47e","3c07027096c12ad3f6cc84a0914cd2d14546a3662141a19f9b9b2d52d03eaead3b147811b520d04d2e22ab9c78993f1be64e7b3974caf0d111423dc84b953489","2023-12-31T20:45:00.000","2023-12-31T21:15:00.000","1890","9.24",,,"7","1","28.25","0","0","1.5","29.75","Cash","Chicago Independents","41.922686284","-87.649488729","POINT (-87.6494887289 41.9226862843)","42.009622881","-87.670166857","POINT (-87.6701668569 42.0096228806)"
"ab7935e20e5025312adaf120fa0f842964cdc135","bc9f0521b68daec76fdff578445175b5afccf1701a34b0c54013555c56a1a42982fb8fdc2a5ad0e8cabbe067601a20f8df18f64883efddca7d1b686169f16e72","2023-12-31T20:45:00.000","2023-12-31T21:00:00.000","682","3.97",,,"76",,"12.75","3.65","0","5","21.9","Credit Card","Taxicab Insurance Agency Llc","41.980264315","-87.913624596","POINT (-87.913624596 41.9802643146)",,,
"68cc7bfa5f1b8edefa8dcd6b153827391cd89e78","3faa8cd4b08a27471c13be24573d831fea1445947afb304492ca4fa4ece1dc6f77ba48720014dfb533809499f8bc7edf0c883d7ded17d945622cde0680c75acd","2023-12-31T20:45:00.000","2023-12-31T21:15:00.000","1276","15.04",,,"76","24","38.5","10","0","6","55","Credit Card","Chicago Independents","41.980264315","-87.913624596","POINT (-87.913624596 41.9802643146)","41.901206994","-87.676355989","POINT (-87.6763559892 41.9012069941)"
"214c776d13983c1ee91a0020543e2fd15b7bb144","3e0ecc411309f519aa2278ee885227cde56891acadc65275baecbbafa46cb1f51434d7228508ca43e7666b6285bd4e72b4fa68a15863646d10f7ba7260c769f0","2023-12-31T20:45:00.000","2023-12-31T21:15:00.000","1856","28.66",,,"76","69","76.61","0","0","0","76.61","Cash","Flash Cab","41.980264315","-87.913624596","POINT (-87.913624596 41.9802643146)","41.763246799","-87.616134111","POINT (-87.6161341112 41.7632467988)"
"f59341477e897b7805ff86d4efa7386efb54b39b","fb0ce19e30e712c77c57cfdb6ef729c2d2ad73225d9ec3b541ddab78f8a281a073a93fd94232bb4c2397cade115fb3727045daeb602fcefd00df53cf6da9d563","2023-12-31T20:45:00.000","2023-12-31T21:00:00.000","261","0.72",,,"8","8","5","2","0","0","7.5","Credit Card","Flash Cab","41.899602111","-87.633308037","POINT (-87.6333080367 41.899602111)","41.899602111","-87.633308037","POINT (-87.6333080367 41.899602111)"
"2af3db407610f814562fae101de50536ca8779fa","19bdccbc936f2f02882b69fd9e71ad97b9e783ba96a8c3b7a9d74a663cb1cd5f074aeab77e616155a3d5e642c1a665289f25b4fd1639ab153f98c864b782d8ff","2023-12-31T20:45:00.000","2023-12-31T21:00:00.000","619","1.6","17031081403","17031081000","8","8","8.5","2","0","1","14.5","Credit Card","Flash Cab","41.890922026","-87.618868355","POINT (-87.6188683546 41.8909220259)","41.900265687","-87.63210922","POINT (-87.6321092196 41.9002656868)"
"4c6b0a3fee1f19b9d7fb056b1ab76b25908ef3a3","285cc167b1f961ba4c60c04be39e70d1776010b8c699e8d93ef78d7af4b9c9fa4fe5e3ff37dce0048156071270fefa81c0bd32824b21b3bb932e091585dba149","2023-12-31T20:45:00.000","2023-12-31T21:15:00.000","1331","17.01","17031980000","17031833000","76","28","42","11.62","0","4","58.12","Credit Card","5 Star Taxi","41.97907082","-87.903039661","POINT (-87.9030396611 41.9790708201)","41.88528132","-87.6572332","POINT (-87.6572331997 41.8852813201)"
"74bf502695feeff4c0d5b7a7d6b89bd04ff69ba7","137a3605d33badaf4f3ced9115d44ebd822c90ec3cedcbf47757717475210d1aaf7eab75fb7a630c4cf346fb5696444ede2039b8805962c676b0a6d0054633b8","2023-12-31T20:45:00.000","2023-12-31T21:00:00.000","568","1.34","17031081202","17031081403","8","8","7.25","0","0","0","7.75","Credit Card","Flash Cab","41.902788048","-87.62614559","POINT (-87.6261455896 41.9027880476)","41.890922026","-87.618868355","POINT (-87.6188683546 41.8909220259)"
"1e350780455d8d9a8226e0c445a7b7615dedabaf","d51d7320d994f73bc976378ef9c4bc657664d5b8581ef17027b19db7f91b389fde264842f3af92e9738a7f0f98251274effdbb814c0213411db0f8b6bb6147d2","2023-12-31T20:45:00.000","2023-12-31T20:45:00.000","20","0",,,,,"3.25","0","0","0","3.25","Cash","Medallion Leasin",,,,,,
"563a3032662f58e3be18bcf1a2cb4ac44a5f18b1","84a9489b354cd6dfe99487c12c5c735e40bb1350f645668ae00ec89cc0c22510a043d8461381406b57db35f51c04f215b889e310c6b151caaa0775504ddc4884","2023-12-31T20:45:00.000","2023-12-31T21:00:00.000","925","10.06",,,"56","28","38","0","0","0","38.5","Credit Card","Chicago Independents","41.79259236","-87.769615453","POINT (-87.7696154528 41.7925923603)","41.874005383","-87.66351755","POINT (-87.6635175498 41.874005383)"
"5e83c8cc86816dad58d09e54610e2027b0c1bef1","61d83eb1d34ccd8dac5bdd962bc13e2ac077b0c7ecbf1d0da9b3153b3c01a3d2cc602501919974096100cf70f1621caaf3f8c2510c45748d78c279b67d9bf0cf","2023-12-31T20:45:00.000","2023-12-31T21:00:00.000","840","11.2",,,"76","21","41.5","7.5","0","7","56.5","Credit Card","Globe Taxi","41.980264315","-87.913624596","POINT (-87.913624596 41.9802643146)","41.938666196","-87.711210593","POINT (-87.7112105933 41.9386661962)"
"bccd667012870a26eacb35eba27c4872ebe5247c","f71223a469d78a2f65a090adc9d4fb5ae08dfc6694c65046888685e3d850c9e10d9393dc23eab58ce250ab6fd661d74d3879856e07cc7837cc2ec04b75599604","2023-12-31T20:45:00.000","2023-12-31T21:00:00.000","658","1.68","17031842300","17031081402","24","8","9","1.69","0","0","10.69","Mobile","Chicago Independents","41.89830587","-87.653613982","POINT (-87.6536139825 41.8983058696)","41.891971508","-87.612945414","POINT (-87.6129454143 41.8919715078)"
"ded8a9743c574cadb6275c911771da33253fe58a","d838e92d6b588e5051410f9646f42c45c96ddb445d28a72bb7b4a8f209821ac53379877d4f01d8610761ef7993b1250d184afa1c0da3c0313e03c71c05daa3a6","2023-12-31T20:45:00.000","2023-12-31T21:15:00.000","1708","18.18","17031980000","17031081403","76","8","45.25","10","0","4","59.75","Credit Card","Sun Taxi","41.97907082","-87.903039661","POINT (-87.9030396611 41.9790708201)","41.890922026","-87.618868355","POINT (-87.6188683546 41.8909220259)"
"de825dc0bd1c62e6913e6b9ae633403060e7a68e","2e9532b31632bc0f91611dd090a2ae6d4447eece8adade3c8e786f0e8aebdb6a5d6086f5fbcfe19fe00fef9a5c86e84df55433ac0db349f5c2085a51c8dc57c3","2023-12-31T20:45:00.000","2023-12-31T21:00:00.000","378","0.73","17031081300","17031081403","8","8","6","15","0","1","22.5","Mobile","Taxicab Insurance Agency Llc","41.898331794","-87.620762865","POINT (-87.6207628651 41.8983317935)","41.890922026","-87.618868355","POINT (-87.6188683546 41.8909220259)"
"1e24dab679a9f17a5bc66529231ed2cf4388adb0","db757f6c1157d9f81e266396132cd641837c189b803c52df09f005d4aaa36fa8f3c786b71c307bad992636122a7c61873571d96ff24468fd19e4f40d00a3da15","2023-12-31T20:45:00.000","2023-12-31T21:00:00.000","843","1.19","17031081201","17031081300","8","8","8.5","3","0","2","14","Credit Card","Flash Cab","41.899155613","-87.626210532","POINT (-87.6262105324 41.8991556134)","41.898331794","-87.620762865","POINT (-87.6207628651 41.8983317935)"
"df46df9a734c5b12c648df4b7af5b325ed34162a","2199b1a70d767c998a0c058f4fa30fb26cda2bc567ce18bf1b9df84ffdb06dabfc344cc0e854aef77dc66cdf5e3445bb89e393ec6932c25712b1a512c27438a1","2023-12-31T20:45:00.000","2023-12-31T21:15:00.000","1320","10.5",,,"56","8","27.75","0","0","0","27.75","Unknown","Taxi Affiliation Services","41.79259236","-87.769615453","POINT (-87.7696154528 41.7925923603)","41.899602111","-87.633308037","POINT (-87.6333080367 41.899602111)"
"f507daca1c34b4e0bb4d5041ae3b40703c12532a","d6e1a9e103336c396201abe9ceb00795fcd41e14ccbf548bddc575066b1624fed9b5b8f6a4da7feaac63928742dc21554af766c0e71eef4bfa910191fe8ad001","2023-12-31T20:45:00.000","2023-12-31T21:00:00.000","525","2.04","17031833000","17031842300","28","24","8.25","0","0","2","10.25","Cash","Flash Cab","41.88528132","-87.6572332","POINT (-87.6572331997 41.8852813201)","41.89830587","-87.653613982","POINT (-87.6536139825 41.8983058696)"
"cd890a8d19a2b0a5f194145cdf52faaf9d370e21","ea8e6df913a36562d8eddf662abe7722f4c0dc08527e9819364aed7a595eb61abb3728e49185db0616deb070840f410f6672275961076b6fcacc6bdfcf9edcf1","2023-12-31T20:45:00.000","2023-12-31T20:45:00.000","60","0","17031980100","17031980100","56","56","3.25","0","0","3","6.25","Cash","Taxi Affiliation Services","41.785998518","-87.750934289","POINT (-87.7509342894 41.785998518)","41.785998518","-87.750934289","POINT (-87.7509342894 41.785998518)"
"23ec2f0894bf0bc7acc85803f8fdad18464498ea","3f46ef398d3308fb9794b8c5de450a88439d16c47b77b79398f0e84b804e7aad4789cb5ee08f74c8b7f89a444653706802a31cfdc8b99d3867a16794641fb759","2023-12-31T20:45:00.000","2023-12-31T21:00:00.000","1287","17.38","17031980000","17031280100","76","28","42.75","5","5","0","53.25","Credit Card","Sun Taxi","41.97907082","-87.903039661","POINT (-87.9030396611 41.9790708201)","41.885300022","-87.642808466","POINT (-87.6428084655 41.8853000224)"
"9170e710f62a7a11105d171721abedb99cdfaa82","6f9ad42c1b8aa869fe3f08f654c96e0d2f37364fb9da2dea3f367f024595038f91a51eb0f0b110bd5ff810ebdcc50f8d92c86cf49f3c9258f4930c31102d7c21","2023-12-31T20:45:00.000","2023-12-31T21:00:00.000","1214","3.54",,,"8","24","11.84","3.49","0","0","15.33","Mobile","5 Star Taxi","41.899602111","-87.633308037","POINT (-87.6333080367 41.899602111)","41.901206994","-87.676355989","POINT (-87.6763559892 41.9012069941)"
"684e7a236a8c78da267b041a78b51be8e394a965","552720f76dd5338d0cf254f8eb4045839a5501e095a0d34fee849df1633dce909ed9b7e001b6e904f64f5b235fc56377ef450dd8c29f16fcbd7a7c2116386654","2023-12-31T20:45:00.000","2023-12-31T21:00:00.000","924","1.72","17031833000","17031320100","28","32","9","1.23","0","1","11.23","Mobile","Choice Taxi Association Inc","41.88528132","-87.6572332","POINT (-87.6572331997 41.8852813201)","41.884987192","-87.620992913","POINT (-87.6209929134 41.8849871918)"
"106665dcf22af99dd5e0b77fbdf9f499f2e2b9c5","6727de7b271cc64dd04514220fb8fd405a6cf0859e227e424516229dc7fd3a898d186c58364f01f96e79642c8efb2569f45462e9d0d8e068a8b7398d15da909b","2023-12-31T20:45:00.000","2023-12-31T21:45:00.000","2991","32.34",,,"76","22","77.25","5","0","4","86.75","Credit Card","5 Star Taxi","41.980264315","-87.913624596","POINT (-87.913624596 41.9802643146)","41.92276062","-87.699155343","POINT (-87.6991553432 41.9227606205)"
"773bfd2457a138fb1d9279350c33c3ec43280725","a712fead8a31c26ab7948b116a760ac22af166d63d2fc272bdb1ab031df2d1338737144b4571723cda5d05f0cabfc94803fd6911a1b6bd3df9e97847e8bba6f7","2023-12-31T20:45:00.000","2023-12-31T21:15:00.000","2005","14.29",,,"76","6","38.75","9.05","0","6","54.3","Credit Card","City Service","41.980264315","-87.913624596","POINT (-87.913624596 41.9802643146)","41.944226601","-87.655998182","POINT (-87.6559981815 41.9442266014)"
"c3799ad64dffd4ca9ede08541f40354542d66d88","e8cbf008dae18ec626f3c9d8c0af36f837b6d0abd244a0b4a91bf02c45e753eb661bc2aa770966fbe8001dc263a2795d900ce39a920d08174287134f054e2792","2023-12-31T20:45:00.000","2023-12-31T21:00:00.000","847","2.33",,,"6","6","10","0","0","1","11","Cash","Flash Cab","41.944226601","-87.655998182","POINT (-87.6559981815 41.9442266014)","41.944226601","-87.655998182","POINT (-87.6559981815 41.9442266014)"
"aa1f84707e7dfc218cc7dfcef2ebcaa9e7ba8606","41a48c4607a84559d8760d511527018e3da952a7b33a8234bb476e04edbc3a59897c6bf50a68676f05ea3ffd1b5705d8d78e1f6926b530466299e5e15468753e","2023-12-31T20:45:00.000","2023-12-31T21:00:00.000","1542","16.8",,,"76","8","42.5","0","0","4","46.5","Cash","City Service","41.980264315","-87.913624596","POINT (-87.913624596 41.9802643146)","41.899602111","-87.633308037","POINT (-87.6333080367 41.899602111)"
"9759e0f7052a8bdcb2dea0d72bc67d3ebc1154e4","0e2b6cbc4e226e73a3323ec0e56b4d86d4798240e794f6699a31f2710c3b3ca228424f8a9bb7ba1d295333efa9067b3c904c0e9475e86ec4d85765256b7f9cfb","2023-12-31T20:45:00.000","2023-12-31T21:30:00.000","2733","8.4",,,"44",,"30.25","7.69","0","0","37.94","Prcard","Taxicab Insurance Agency Llc","41.740205756","-87.615969523","POINT (-87.6159695226 41.7402057565)",,,
"df59b4500d55d3a8bbf5b45074751014a096becf","cd36cd2a179a2d9a40cdb19ad0df6dd0da9751496a956771c22b4ca438e95f2edc43075ccf2b9674fa122d7033e37916467310ce6b155532a2f6437516739d77","2023-12-31T20:45:00.000","2023-12-31T21:00:00.000","1070","12.57",,,"76","22","32.25","9.44","0","5","47.19","Credit Card","City Service","41.980264315","-87.913624596","POINT (-87.913624596 41.9802643146)","41.92276062","-87.699155343","POINT (-87.6991553432 41.9227606205)"
"38e4fe551d95e92a849269f08bedaac4a611b71f","cedeef3646a2dacfb67265f39bf7acfd3a0f0954434a4cfbfce78c3b8e01fbe8a12fc4a11917014fc3523e3d7ac796b0755bab6f2b28da84ea7c4c6fd27ce775","2023-12-31T20:45:00.000","2023-12-31T21:00:00.000","991","4.69","17031320100","17031070600","32","7","13.93","0","0","0","13.93","Mobile","5 Star Taxi","41.884987192","-87.620992913","POINT (-87.6209929134 41.8849871918)","41.928763006","-87.665676837","POINT (-87.665676837 41.9287630064)"
"31702bbd66009e28ffa6359c92b30b7f378f2b57","c17582be31089967bcc79faa83fe8c0f7521a55e172fa83398c78255eeace47b45af0bbbd241d68db5b8c6e139c93c5e39be80db33402a1a37a22657c74475cf","2023-12-31T20:45:00.000","2023-12-31T21:15:00.000","1426","6.71",,,"8","6","20.75","4.65","0","2","27.9","Mobile","Medallion Leasin","41.899602111","-87.633308037","POINT (-87.6333080367 41.899602111)","41.944226601","-87.655998182","POINT (-87.6559981815 41.9442266014)"
"0c9e454b326de35168e61b6e7574d6a91e6ea065","7e4ec40f6fb2984cc6eccd671b1518c60af86dbf761df637832121b18eda5e210d44ee2fca50e600c022c650ed2d93b20464dfffc6f3bbcbe62a133f031863ab","2023-12-31T20:45:00.000","2023-12-31T21:00:00.000","956","3.97",,,"3","2","13.18","3.28","0","0","16.46","Mobile","Taxicab Insurance Agency Llc","41.96581197","-87.655878786","POINT (-87.6558787862 41.96581197)","42.001571027","-87.695012589","POINT (-87.6950125892 42.001571027)"
"135739f036886f6443e0ed82b5c61d9afc89b8b4","84522a85ee58de9e1dfd59459786cf9459b11889128b6ab448b516a63b55658098ecaed02c599c4960d1e188567ddcccff16e4f352c1cc0c9aa8b13c5ca913cd","2023-12-31T20:45:00.000","2023-12-31T20:45:00.000","600","0","17031081201","17031320100","8","32","7.75","3","0","0","10.75","Credit Card","Taxi Affiliation Services","41.899155613","-87.626210532","POINT (-87.6262105324 41.8991556134)","41.884987192","-87.620992913","POINT (-87.6209929134 41.8849871918)"
"9bdd29cd84e663248f92cd2582c06549b8efe09a","b7ac65c02ae59d09e31fdebdc18a4780593de3157d9c9c1df0abacb453555750a373908a539fd2e975c126fb2fbc2b227f19fd0c1c7581a8c7a7ea443c88c1d3","2023-12-31T20:45:00.000","2023-12-31T20:45:00.000","638","6.89",,,"28","38","19.25","4.94","0","0","24.69","Credit Card","Chicago Independents","41.874005383","-87.66351755","POINT (-87.6635175498 41.874005383)","41.812948939","-87.617859676","POINT (-87.6178596758 41.8129489392)"
"dcef3350387a86fcdce52ac911545459f3602842","bda723ff7d3238b616907b89512c7279801247b06581903556082767ad0e277669915c5e7a4b5f994b76aad0559230b2cee05ab633fd1ffbe84e3feed888f70d","2023-12-31T20:45:00.000","2023-12-31T21:00:00.000","851","1.81","17031081300","17031320400","8","32","9.25","5","0","1","15.25","Mobile","Flash Cab","41.898331794","-87.620762865","POINT (-87.6207628651 41.8983317935)","41.877406123","-87.621971652","POINT (-87.6219716519 41.8774061234)"
"7a10b7cfa6f05477f5e7e2246d0b3216e256b826","259d38cfdbc9ac6f9bb01f0df740e0ddf4a631a70bbdd6525862b20b7ed0e0554dbbde64c2955b8b6f41468c8970e5507490db36348f884461783472621bda08","2023-12-31T20:45:00.000","2023-12-31T21:15:00.000","1140","7.2",,,"28","6","21","0","0","1.5","22.5","Cash","Taxicab Insurance Agency, LLC","41.874005383","-87.66351755","POINT (-87.6635175498 41.874005383)","41.944226601","-87.655998182","POINT (-87.6559981815 41.9442266014)"
"f20f499235b7d76e91d133c7aa5f5d4694f9547d","ff214d6d48867d32b43c8caf27613acc83d3a03a290c37659d151ae353defa9fae8670e2efc03e4d81ada96ed6fdb0d3e8fbbca81595112a8e47ef8de2eb4a1c","2023-12-31T20:45:00.000","2023-12-31T20:45:00.000","60","0",,,"24","24","3.5","9","0","41","53.5","Credit Card","Taxi Affiliation Services","41.901206994","-87.676355989","POINT (-87.6763559892 41.9012069941)","41.901206994","-87.676355989","POINT (-87.6763559892 41.9012069941)"
"8085971b76c7aeb6db034ecb386b6f22a15db189","b44941dc5d7a01ad0eebaead110e3cc92220e30f8f9e803a789f40d7ec7273122aa6ea6e70d8f229be6346ecd069af2750c03e58221b0f27493dc2b6c69ffb79","2023-12-31T20:45:00.000","2023-12-31T21:15:00.000","1209","17.57",,,"76","32","42.75","11.81","0","4","59.06","Credit Card","Taxicab Insurance Agency Llc","41.980264315","-87.913624596","POINT (-87.913624596 41.9802643146)","41.878865584","-87.625192142","POINT (-87.6251921424 41.8788655841)"
"497bd5122cf3f2b4f7080244ecd6e5d8c13e0004","a4e7b77d5c841738f0aa3a2d0422a7d2815d9b3ab302feb8bd0d082cc04badb5e8cad06bb7aa3cf7fb43680d8ed2fba340fba583b1147a7133cca6d990ce0557","2023-12-31T20:45:00.000","2023-12-31T21:15:00.000","1595","16.37",,,"76","7","41.25","6.86","0","4","52.61","Mobile","City Service","41.980264315","-87.913624596","POINT (-87.913624596 41.9802643146)","41.922686284","-87.649488729","POINT (-87.6494887289 41.9226862843)"
"ba2c9c34f3b2cc2c91383d8535f98fcd7c1f9527","a0df6e84237fd11e0a52f45433e8067928dca5ce5ef04b96b69d0bac6b171fe346d9b3a005e5bd5c570143b7c48e9524f0a00f8315fd5a1e410b9b0b4943a747","2023-12-31T20:45:00.000","2023-12-31T21:00:00.000","1038","9.85","17031980100","17031330100","56","33","26","6.9","0","8","41.4","Mobile","Taxicab Insurance Agency Llc","41.785998518","-87.750934289","POINT (-87.7509342894 41.785998518)","41.859349715","-87.617358006","POINT (-87.6173580061 41.859349715)"
"a75c81a632cb92106dcbbf72f222a35b9aadb57b","b5a21997b8755bd03ab2f95a8a2e4e486e08e076921827bfe87c842b2bb1b617df09e5bf7aadfc11682560d2838dad34e2ed3de84ba0fe0147129b8c3dd4be19","2023-12-31T20:45:00.000","2023-12-31T21:00:00.000","887","6.41",,,"76",,"18.25","0","0","4","22.25","Cash","City Service","41.980264315","-87.913624596","POINT (-87.913624596 41.9802643146)",,,
"28bf389492f90a4f3574197fad15fd877f5f2578","9ed3d450497cbb3cb1093ac395f7b7b2a9830718003318069dc3ec3eb577cd4c09d71c9c5eea370e4f9371b8e51df8f08e0e0b79407196c7dedfcfea700e2e6a","2023-12-31T20:45:00.000","2023-12-31T21:30:00.000","2718","11.04",,,"8","8","33","6.7","0","0","39.7","Prcard","Flash Cab","41.899602111","-87.633308037","POINT (-87.6333080367 41.899602111)","41.899602111","-87.633308037","POINT (-87.6333080367 41.899602111)"
"9b848a85fb163294ffcc492856a236e74d963062","0c16d63294bfa9a1d6452cfaf53bd8479acb2161f88c3f49cfc760ef4964b9b717e7695b79231a7dae2dc16e9aa22d4ad0feaa49138d1b15a7607e2e9c2b3286","2023-12-31T20:45:00.000","2023-12-31T20:45:00.000","233","0.79",,,"32","32","9","2.22","0","0","11.22","Mobile","Chicago Independents","41.878865584","-87.625192142","POINT (-87.6251921424 41.8788655841)","41.878865584","-87.625192142","POINT (-87.6251921424 41.8788655841)"
"5d7e00dd5f562107acd331899a6b39bc36bfbad1","31be1d0f5781cd789da14c7d6ad558cc03898eba376986b37fcf99ca374f385f3f557b62e778548489089f190323d42d930107aa672ebcb0417cfd8251814487","2023-12-31T20:45:00.000","2023-12-31T20:45:00.000","187","0.47","17031081403","17031081401","8","8","4.75","0","0","1.5","6.25","Cash","Flash Cab","41.890922026","-87.618868355","POINT (-87.6188683546 41.8909220259)","41.89503345","-87.619710672","POINT (-87.6197106717 41.8950334495)"
"745f2ad36795f3383579887b959b9145caeed3a1","829dced7036593da33254d88a2d065c1698fc377e76c93f5401b6421fcb3c618860b632a5932a359a4893a40a0e75a5f3106811716625dd84ff683aff0dd7877","2023-12-31T20:45:00.000","2023-12-31T21:15:00.000","2100","0",,,"76","33","47","15","0","0","62","Credit Card","Taxi Affiliation Services","41.980264315","-87.913624596","POINT (-87.913624596 41.9802643146)","41.857183858","-87.620334624","POINT (-87.6203346241 41.8571838585)"
"903f9b4e9a5d90ed580f74e55bdb7558b14d7c8f","07800b5117d6e914644f00471b596f2a38426759f6f64ceb925d0b28a7205750813ad2601a17ace8ae2077f3bc1211c3602be88e9326a6a69ed366724efeb14b","2023-12-31T20:45:00.000","2023-12-31T21:00:00.000","880","0",,,"8","7","14.14","2.94","0","0","17.08","Mobile","5 Star Taxi","41.899602111","-87.633308037","POINT (-87.6333080367 41.899602111)","41.922686284","-87.649488729","POINT (-87.6494887289 41.9226862843)"
"f19d3cfdaa04c0211f8b5218b792328be0c4ccdf","9c0139e741b745577a98691c70a6e8fcbbd27561f827cc1ab0aaf00a397179b0ec5bbac721fa43ae3abbd0da6c6c3b9d2e66f5fbacb59adfff75d19efdbc8344","2023-12-31T20:45:00.000","2023-12-31T21:00:00.000","1080","12.6",,,"46",,"32","0","0","1","33","Unknown","Taxi Affiliation Services","41.741242728","-87.551428197","POINT (-87.551428197 41.7412427285)",,,
"67ddd1a02c93695406c7378d2d0a0c1d325b6daa","c19109878e8ba25e09c0e464f8972f146c9d07502de920483fdbf2ef6686a35003a397903f3c330b3ee8f14feb74f29cb8a294bd950e9af6fed94b9dbc267aae","2023-12-31T20:45:00.000","2023-12-31T21:15:00.000","1920","14.94",,,"76","6","39","2","0","5","46.5","Mobile","Flash Cab","41.980264315","-87.913624596","POINT (-87.913624596 41.9802643146)","41.944226601","-87.655998182","POINT (-87.6559981815 41.9442266014)"
"70476674a924f70c421ae4a880e59cb70ce81165","d3e38cf4471f5b65aa0c41a155252c395b7c8593ac6fb5741e0cac5f68831f4f418eebc0f19ea0acd5b398d6b376ec7cbb2dfa9b846af33a9d27146e2a009b4b","2023-12-31T20:45:00.000","2023-12-31T21:15:00.000","1356","16.8","17031980000","17031081500","76","8","41.5","9.4","0","5","56.4","Credit Card","5 Star Taxi","41.97907082","-87.903039661","POINT (-87.9030396611 41.9790708201)","41.892507781","-87.626214906","POINT (-87.6262149064 41.8925077809)"
"dbf4f5763a5895b8537d307ad8974b4428e5ce8b","1626953f5dfefe1c62e73836adb90d16258a243e46f69e3acce8d7e3ca2c283d3cffefbe5a12f7edc501101d65832fba4c1deb851c52f8652756619c56ad3bcb","2023-12-31T20:45:00.000","2023-12-31T21:00:00.000","1491","16.6",,,"76",,"42","0","0","6","48","Cash","Globe Taxi","41.980264315","-87.913624596","POINT (-87.913624596 41.9802643146)",,,
"efa053ec8212610c46de37fd0bfe547466698190","91a036e3de3c1f459f2664801ea9388870751ae14e196e5be1caa84093318244f75aad0dbecdb8f5f6d2fb9ceec9c03c57acb5309769a88c68d06a49b157dae8","2023-12-31T20:45:00.000","2023-12-31T21:00:00.000","248","0.44","17031081403","17031081700","8","8","5","0","0","2","7","Cash","City Service","41.890922026","-87.618868355","POINT (-87.6188683546 41.8909220259)","41.892042136","-87.63186395","POINT (-87.6318639497 41.8920421365)"
"7983b2eea4ff8f067ad06beace8cd2e83b0361b9","13c0599d1bce4a6239d30c3feeba903749ab197df436dca1fd076d303bc72927f1130b4cc5000b81d016d10b8dc4f933bc2a695a726905975e9fe29705651f32","2023-12-31T20:45:00.000","2023-12-31T21:00:00.000","1173","0",,,"6","28","17.53","4.08","0","0","21.61","Mobile","Patriot Taxi Dba Peace Taxi Associat","41.944226601","-87.655998182","POINT (-87.6559981815 41.9442266014)","41.874005383","-87.66351755","POINT (-87.6635175498 41.874005383)"
"dbe336d86437b9a75ad1d8c3ae8a104a747112ca","0d6436587c309cd68793fd45e1ca9b82b7d076cb80abd021856cc8731bcd2a6973ec8236584cfdf6a9e4c040e3724e40b6cf1dff40875c4ae7354a517eb71360","2023-12-31T20:45:00.000","2023-12-31T21:00:00.000","1380","3.7",,,"8","5","15","0","0","1","16","Cash","Taxi Affiliation Services","41.899602111","-87.633308037","POINT (-87.6333080367 41.899602111)","41.947791586","-87.683834942","POINT (-87.6838349425 41.9477915865)"
"9b61fd0ee718ef29ab0613afed28c6d3aab7ca12","f81c929ea7d9107e6de8bd7ee335f42563b3413e967e98288480648a66455138dcdcde8b46b353ca4d6c287be49cd3087636ba13de6b7db6db3854c2ac8a157f","2023-12-31T20:45:00.000","2023-12-31T20:45:00.000","660","1","17031839100","17031081403","32","8","7.5","0","0","2","9.5","Cash","Taxi Affiliation Services","41.880994471","-87.632746489","POINT (-87.6327464887 41.8809944707)","41.890922026","-87.618868355","POINT (-87.6188683546 41.8909220259)"
"643c40ebd01ea36c27c7a768de09bf91f968f95f","2e7f98f477c93ec4c458c0f46cad563cc83e813d5ebc0dc2b60c2fb8907ff808ff6b033d283097aea82bff81f2e1d8a0494154963acca3df2bde798570693440","2023-12-31T20:45:00.000","2023-12-31T21:00:00.000","508","1.12","17031320100","17031081700","32","8","9","1.67","0","0","10.67","Mobile","Sun Taxi","41.884987192","-87.620992913","POINT (-87.6209929134 41.8849871918)","41.892042136","-87.63186395","POINT (-87.6318639497 41.8920421365)"
"f049f68352c34f98aa5bd1111018b5dcb216d756","7d8179131ea9952793af4cda8635e94b56c2b92d3c376cd92517f7319ec4a3031207af4d7b8165367e1f8a185275814ab89c26ace551ac3bf96a04ea174371c1","2023-12-31T20:45:00.000","2023-12-31T21:00:00.000","748","1.43","17031081500","17031081402","8","8","8.75","0","0","1","9.75","Cash","5 Star Taxi","41.892507781","-87.626214906","POINT (-87.6262149064 41.8925077809)","41.891971508","-87.612945414","POINT (-87.6129454143 41.8919715078)"
"4db38c05d83132457dc56e1726852ed47b5db21a","07c564a10fd59fb57a493d26e4f2a39f0229ac59cdbfb570f93023bbbb938eed963e74922bb8bedadb526754dabc0f236dc791223fa413b271b628994974155c","2023-12-31T20:45:00.000","2023-12-31T20:45:00.000","766","4.66",,,"8","28","13.42","4.18","0","0","17.6","Mobile","Chicago Independents","41.899602111","-87.633308037","POINT (-87.6333080367 41.899602111)","41.874005383","-87.66351755","POINT (-87.6635175498 41.874005383)"
"02db9091c285a07af7da6f61a60afcc8ea441729","64701560a769b6e4b86576d7b01b3be69e369f22653bb58e838b2a2aafbae6d4e908a019cf8547b514e798d01e0a2dd66053ba57f0731bbec6662cf250f35522","2023-12-31T20:45:00.000","2023-12-31T21:15:00.000","2077","6.24",,,"8","5","22.25","0","0","0","22.25","Cash","Flash Cab","41.899602111","-87.633308037","POINT (-87.6333080367 41.899602111)","41.947791586","-87.683834942","POINT (-87.6838349425 41.9477915865)"
"eec0c21aed1bbb9bfa8205d502f03f0a927b4d03","e8d374b4e7bc344add5893f1a1ae3b611823439ac1caf06087c4bf2cb6fe114201a38c49646f2851d86f9e73c21c1e99f29903cceb84612fd1118e3224528b2b","2023-12-31T20:45:00.000","2023-12-31T21:00:00.000","1140","8.5",,,"35","48","23.75","0","0","0","23.75","Credit Card","Taxi Affiliation Services","41.835117986","-87.618677767","POINT (-87.6186777673 41.8351179863)","41.729676423","-87.572717134","POINT (-87.5727171342 41.7296764229)"
"0c6e6e985c393e51e76a946a916572fcfa742843","6dbac74c2838addb28d0bf34cf126cf1624cc61180bfb2f89753e3502a23830135b61ebb9ce5902c21cc58a8587ca4f9a369cba30ca46a136813508f1e3cc4c7","2023-12-31T20:45:00.000","2023-12-31T21:15:00.000","1889","15.77",,,"76","6","40.5","9","0","4","54","Credit Card","Taxicab Insurance Agency Llc","41.980264315","-87.913624596","POINT (-87.913624596 41.9802643146)","41.944226601","-87.655998182","POINT (-87.6559981815 41.9442266014)"
"73d7862b42ac3ae380508674555f3d6b75739f89","b4ac2893286a7c3a55df851a3732ea65d7fb82e1da7a19f728a71651761babfd88544152301073319650be263fd4e1aabc072601e6f452daf22ceb764f8d70d5","2023-12-31T20:45:00.000","2023-12-31T21:00:00.000","928","1.65","17031320100","17031833000","32","28","9.75","0","0","2","11.75","Cash","City Service","41.884987192","-87.620992913","POINT (-87.6209929134 41.8849871918)","41.88528132","-87.6572332","POINT (-87.6572331997 41.8852813201)"
"ccca0f747bdfb0ba512e065862a50dbcb451bd5e","eddec198962a7737ebf2d9cbc621da2f8ff2f636499af0be1355e163888b228cd8a43997c0ada5376f46c940c41027448c30b6d63b63a6707e00c121ac104fbc","2023-12-31T20:45:00.000","2023-12-31T20:45:00.000","285","0.12","17031320100","17031320100","32","32","4.75","0","0","0","4.75","Cash","City Service","41.884987192","-87.620992913","POINT (-87.6209929134 41.8849871918)","41.884987192","-87.620992913","POINT (-87.6209929134 41.8849871918)"
"805194d24d755db423d59f60a84232f94074ffca","2a29bcc02d98eb9e748a8427ffd773934047f77e20f70325b01f515ba28cb6e379194d8d65b7783c6791f390ea0d9833daf89a537be9be1db5b81e1db23a07c5","2023-12-31T20:45:00.000","2023-12-31T21:15:00.000","1781","10.71",,,"76",,"30","7.2","0","5.5","43.2","Mobile","City Service","41.980264315","-87.913624596","POINT (-87.913624596 41.9802643146)",,,
"ae0258353ead3bcb28418b64c3a3fbb6ff5db9ec","31eb3b01cdb0bd30f18c3dc65888595ad6374fa323fd995018a4e4310cfa5d910f1e810bb0d6e209700fc11ffe0891e2720888e72f4e4f1f87e9d2fe0de4a266","2023-12-31T20:45:00.000","2023-12-31T20:45:00.000","480","1.69",,,"3","1","7.75","1","0","0","9.25","Credit Card","Sun Taxi","41.96581197","-87.655878786","POINT (-87.6558787862 41.96581197)","42.009622881","-87.670166857","POINT (-87.6701668569 42.0096228806)"
"0f7b79473f55c1401a70288a8f78832fb81fc94b","1e9ee898038a0da05c421b13aaaa6bb7944d2a49ac83d749318ba52ab05ee929289a0fe3aa8bfa328ab84fd7e2d5b976ccb66ae72c1e879ee3e9ed4aa24fb537","2023-12-31T20:45:00.000","2023-12-31T21:15:00.000","1428","16.49",,,"76","24","42","0","0","4","46.5","Credit Card","Sun Taxi","41.980264315","-87.913624596","POINT (-87.913624596 41.9802643146)","41.901206994","-87.676355989","POINT (-87.6763559892 41.9012069941)"
"ed15406c02642c11a868eebb49013aa6d1b664a1","ed7090d32800eec667900e884a935a298e55efaaaea9d66f2753858efee1178aeb3a874b413c4db7adf5e5c748efbe41682d4625acd9d540ca7e8983c8380b5b","2023-12-31T20:45:00.000","2023-12-31T21:00:00.000","521","2.11","17031081700","17031081000","8","8","9","2.22","0","0","11.22","Mobile","City Service","41.892042136","-87.63186395","POINT (-87.6318639497 41.8920421365)","41.900265687","-87.63210922","POINT (-87.6321092196 41.9002656868)"
"607bcc1211dbeaa5e2e0c1fd51e1507b91426a75","f55fc54d4cd33400f3960410558b28108a78da1268285021da293dd5984ea3d97ee1dd2e97eb7d5f2bd73720c68a71bb5902c92daa7969b07a3c23aae4db68f5","2023-12-31T20:45:00.000","2023-12-31T21:00:00.000","518","2.77",,,"6","8","10.25","3","0","0","13.75","Credit Card","Flash Cab","41.944226601","-87.655998182","POINT (-87.6559981815 41.9442266014)","41.899602111","-87.633308037","POINT (-87.6333080367 41.899602111)"
"8f847212aef27cfc6d3152b79722c5ec5620432e","80dfad24d2431332619d27e7cc7d874a2a3ae2e6dc00f7f62b873c39b0196397cde05c516ca57de730999bac78e27c33fed120d7bcd45ffefce39e97b30c85f0","2023-12-31T20:45:00.000","2023-12-31T21:00:00.000","298","0.85","17031081500","17031080100","8","8","5.75","2.32","0","1.5","10.07","Mobile","City Service","41.892507781","-87.626214906","POINT (-87.6262149064 41.8925077809)","41.907520075","-87.6266589","POINT (-87.6266589003 41.9075200747)"
"db2b2bfc84240bb9396ec4a5495a6e270464442b","a31d2ea87ea4f5a4793c30f84f000b0c6aad4cd956f6ea73b5628ebd509d47a7d051a0b7ccd201a550c236c42ed6e19ce5efbd4caa4bf2d1fcd77827b64b39f9","2023-12-31T20:45:00.000","2023-12-31T21:00:00.000","547","1.09","17031081300","17031839100","8","32","7","3","0","1","11.5","Credit Card","Flash Cab","41.898331794","-87.620762865","POINT (-87.6207628651 41.8983317935)","41.880994471","-87.632746489","POINT (-87.6327464887 41.8809944707)"
"790e8bd1d1ac5ab17aebbd4b089e6eadc1942898","b14a5aa31a4e5843bf3a6ea4433cc6540165b844ac5bbae6054a8a68e07d9a133716f94c4c902d1b83a330c9a17771246e50b46e280495dc354c9dd4b3941464","2023-12-31T20:45:00.000","2023-12-31T20:45:00.000","267","1.38",,,"33","32","6.5","0","0","1.5","8","Cash","City Service","41.857183858","-87.620334624","POINT (-87.6203346241 41.8571838585)","41.878865584","-87.625192142","POINT (-87.6251921424 41.8788655841)"
"a597999bb668b226d04c45f2106cace08ae7a432","35467b44491f6f51eaa0f4fb1cd65e4c23117aa268d9dd52d88a484194323088fc5a0d30455d37c6bced24218c2ed42b421d7260c119161f29b8381bd11b1784","2023-12-31T20:45:00.000","2023-12-31T21:15:00.000","1036","1.02",,,"8","8","9.5","2.8","0","4","16.8","Credit Card","Sun Taxi","41.899602111","-87.633308037","POINT (-87.6333080367 41.899602111)","41.899602111","-87.633308037","POINT (-87.6333080367 41.899602111)"
"15b4c050ff8564eb5e781ad3bb9cf05201984626","eed4cbab8d3be11fc5fcff8f92b3ba140f63602f2760446756572fc4262d89af90bd665c89604918253358364f34ae32113be46209e794e28390e6cca1a87768","2023-12-31T20:45:00.000","2023-12-31T21:00:00.000","707","3.93",,,"6","8","35","8.88","0","0","44.38","Credit Card","Taxicab Insurance Agency Llc","41.944226601","-87.655998182","POINT (-87.6559981815 41.9442266014)","41.899602111","-87.633308037","POINT (-87.6333080367 41.899602111)"
"7fd81ba563414714b40cc88ea293788795679a6e","5d58f628a7d8340722380e52d042fb43ba69ae9e42559ffcfa754703a6b87c0657d99dea71548b0b26976cc6920848eae73db0e15e3a8146ce9941128c6f0ae0","2023-12-31T20:45:00.000","2023-12-31T21:15:00.000","1676","18.03","17031980000","17031081201","76","8","45","10.1","0","5","60.6","Credit Card","5 Star Taxi","41.97907082","-87.903039661","POINT (-87.9030396611 41.9790708201)","41.899155613","-87.626210532","POINT (-87.6262105324 41.8991556134)"
"790368019963150b4943f930727abbc12a082fc0","ffa006c14e54b463189c69f05ad3af2b89d20bb60e68b3d2c173d5002b7863acd4be14d5c17c99f73cb0448789d7260c2fe65c5cd868fa0497d8e83bacad49bd","2023-12-31T20:45:00.000","2023-12-31T21:00:00.000","1260","14.6",,,"76","24","36.75","0","0","4","40.75","Cash","Chicago City Taxi Association","41.980264315","-87.913624596","POINT (-87.913624596 41.9802643146)","41.901206994","-87.676355989","POINT (-87.6763559892 41.9012069941)"
"ca85d2d65253649349f634d1428982a0b7de25b4","214fcdd082c941bd6273631b0ff3cedc4bd5307f719e731b7c2c87f3fc956631333f8deefb6093275c5e628b20d631651e835f4eb4d1387498be140030749f32","2023-12-31T20:45:00.000","2023-12-31T21:00:00.000","1430","14.29",,,"76","7","37","10","0","6.5","54","Credit Card","Chicago Independents","41.980264315","-87.913624596","POINT (-87.913624596 41.9802643146)","41.922686284","-87.649488729","POINT (-87.6494887289 41.9226862843)"
"5ce74bdb751d2dc4ae86f329aef1f2414906010e","ff60dabe17243a25435dcaf430a8b31615374bfc6be8416ff770306b39478cf34a5adedd497213f79bc39863f1048b62a3b7ceb4623d226104e44e82fae2438f","2023-12-31T20:45:00.000","2023-12-31T21:00:00.000","447","0",,,"24","28","9","2.12","0","0","11.12","Mobile","Flash Cab","41.901206994","-87.676355989","POINT (-87.6763559892 41.9012069941)","41.874005383","-87.66351755","POINT (-87.6635175498 41.874005383)"
"a53a3f19c3956f44c266bef48af9d2bb25637287","1f4ebbfdcaa03dba403f6f41c2434baa8cd6583b0fde7311dd977d7d9bc51eb46187b3daf6dfef2aacf267e31e99af2543047a8e743ddab23c7265e4f6d4b5e6","2023-12-31T20:45:00.000","2023-12-31T21:15:00.000","2441","19","17031980000",,"76",,"47","15.5","0","30","93","Credit Card","Star North Taxi Management Llc","41.97907082","-87.903039661","POINT (-87.9030396611 41.9790708201)",,,
"da088cc2070875b467b69bc9a918e9a9a3f381b8","23b9866f90ca40c6f83dad34292294e07e864e5b284a7dafa6f67d060a9b3be73864c1e4cf8d8a7da2b6bbb1935c02f812d38f1556e56be6de4a5b9917507105","2023-12-31T20:45:00.000","2023-12-31T21:00:00.000","780","0.1","17031081201","17031280100","8","28","9.5","4","0","0","13.5","Credit Card","Taxi Affiliation Services","41.899155613","-87.626210532","POINT (-87.6262105324 41.8991556134)","41.885300022","-87.642808466","POINT (-87.6428084655 41.8853000224)"
"c95aeb9bf943cc2e0bd58754ff45af2a5b97fc51","c7a8a53874bbcdb11e70a488485e8bdd0bb8cc0de8f5d98d3ef4d9c3223d7b4024a6d8fda9c00e8e55f3985e5a728ddce0175359c31e0bc5cd3c008d89b23ed1","2023-12-31T20:45:00.000","2023-12-31T20:45:00.000","350","0.65",,,"8","8","9","3.33","0","0","12.33","Mobile","Flash Cab","41.899602111","-87.633308037","POINT (-87.6333080367 41.899602111)","41.899602111","-87.633308037","POINT (-87.6333080367 41.899602111)"
"53e4b94ec4b8166e2845063bfaf1091ef85704fb","10a3a3db038a616cf1e784ef0c6bb9dd6e3d2cfb94f50e927e704d66ceb6313a1cc7b6bf620e40eeb4082ef0447c141bef6e0c8845682a91eae882021b75bc74","2023-12-31T20:45:00.000","2023-12-31T21:00:00.000","906","1.78","17031081700","17031081000","8","8","9.25","0","0","0","9.25","Cash","Sun Taxi","41.892042136","-87.63186395","POINT (-87.6318639497 41.8920421365)","41.900265687","-87.63210922","POINT (-87.6321092196 41.9002656868)"
"7093aa536843937d54ffc3dacec3cea231cad29c","6fa14d5429bf60e4d0fdb5f5d737c7e58e2ba99e1c6f774f7fe851cf9ba1288c28bd0719b84f8acf75d8089d8cf17a05418fd38c1a9138df6183d1276bdf0239","2023-12-31T20:45:00.000","2023-12-31T21:15:00.000","1817","19.66",,,"76","32","48.5","7.95","0","4","60.95","Mobile","Sun Taxi","41.980264315","-87.913624596","POINT (-87.913624596 41.9802643146)","41.878865584","-87.625192142","POINT (-87.6251921424 41.8788655841)"
"a53cd55aeb5eeb556198dbd4e6119125f1be74b2","2d5970d2ce86bb2ea404275fbdd5fce016b817e71997614162a332641f9f7ab200a73fc14415ef76efa5eaf9877158da4da6f88a4f789c48710c1a23d6774602","2023-12-31T20:45:00.000","2023-12-31T20:45:00.000","96","0.26","17031081300","17031081500","8","8","4","6","0","0","10.5","Credit Card","Flash Cab","41.898331794","-87.620762865","POINT (-87.6207628651 41.8983317935)","41.892507781","-87.626214906","POINT (-87.6262149064 41.8925077809)"
"b5aef205143ddebee6530b094eb98158fa240506","4136627ef25b9fad79910c55679c02d8e1f2a42925d29c89625b9a1b45192d184a2a2d368927e2eeccd104c0c21efb24cbe8a9d1c27bc3513911181e1c9ac216","2023-12-31T20:45:00.000","2023-12-31T21:00:00.000","540","1.1","17031081403","17031320400","8","32","7.25","3","0","1","11.25","Credit Card","Taxi Affiliation Services","41.890922026","-87.618868355","POINT (-87.6188683546 41.8909220259)","41.877406123","-87.621971652","POINT (-87.6219716519 41.8774061234)"
"8e257e66333aa1608c96d88c903d7705d5c8fbb5","ab172f16a0f2033e0fb3da3c21353da9704edb989c9b556a1f65300d235dd591226731858313fb551f0eb4c9bdae9fe99ef69179854413f1e566d72455778b5c","2023-12-31T20:45:00.000","2023-12-31T21:00:00.000","579","2.34","17031320100","17031833000","32","28","9","3","0","1","13.5","Credit Card","City Service","41.884987192","-87.620992913","POINT (-87.6209929134 41.8849871918)","41.88528132","-87.6572332","POINT (-87.6572331997 41.8852813201)"
"ec4bb6eacdfc21fe26888672c41cb4dfc49b2acc","c1c67f2b33c7b082494aeb6c64c831356b65dd3da2f80f0e876a8209ae4953f57ede012c675b24c05abd4a023fb768f169b93cdfd35e31ee93f1970e4935a10a","2023-12-31T20:45:00.000","2023-12-31T21:30:00.000","3112","17.07","17031980000",,"76",,"47.25","0","0","31","78.75","Credit Card","City Service","41.97907082","-87.903039661","POINT (-87.9030396611 41.9790708201)",,,
"18c33582cbae79681c4f1d96d516d2c23d942d5b","0156573f07d7ebbb61b0edfd4d783d2762fd0cc74d8221374dfeb933e85efc3f1469c1a56f15bd54ab0cfc7a69f5fa65edd9399748b8a1a56870e7d8c96f6a9f","2023-12-31T20:45:00.000","2023-12-31T21:00:00.000","1560","21.71",,,"76","59","52.75","14.56","0","5","72.81","Credit Card","Sun Taxi","41.980264315","-87.913624596","POINT (-87.913624596 41.9802643146)","41.829922304","-87.672502646","POINT (-87.6725026464 41.8299223039)"
"3cdf3f6383ef8157ea2310c1aed81bef7c9db067","18332569daad955f48c8d965fe85ef855858a72ae12e21b7bf176ccc9bfede27311ae84c604c8dba0f1d22c290ad9f78856d2d0d1ef172f0402c9fa31fb8204d","2023-12-31T20:45:00.000","2023-12-31T21:00:00.000","444","0.51",,,"8","8","5.75","0","0","1.5","7.25","Cash","Chicago Independents","41.899602111","-87.633308037","POINT (-87.6333080367 41.899602111)","41.899602111","-87.633308037","POINT (-87.6333080367 41.899602111)"
"c7d1a396fd424321772c4efe7dfe87d410afb08d","30b16efff2994f00adffb3bce7dc46d98b42a18de5be9ea3e4ee8ebc38d59619ef20dd5485ee3c07ec5da667526bbd9a87798cfd8e946f6475e75a9dd151d453","2023-12-31T20:45:00.000","2023-12-31T20:45:00.000","540","0.8","17031320100","17031081403","32","8","6.5","0","0","2","8.5","Cash","Taxi Affiliation Services","41.884987192","-87.620992913","POINT (-87.6209929134 41.8849871918)","41.890922026","-87.618868355","POINT (-87.6188683546 41.8909220259)"
"733a53acecd9dffae80a017b124d588a6b39c8d3","2780ead18beaa862cc67315ddabd9d1acaadcd6da82eba38b064d7d6f4acc260b68ef1ae3ce06dad845178107940b3493fa99640f0f70c25d15cf57336ab7b8f","2023-12-31T20:45:00.000","2023-12-31T21:00:00.000","832","1.82",,,"8","32","9.75","3","0","1.5","14.75","Credit Card","Flash Cab","41.899602111","-87.633308037","POINT (-87.6333080367 41.899602111)","41.878865584","-87.625192142","POINT (-87.6251921424 41.8788655841)"
"734275b4c0c6e8e0ade66aa6659e110ddf7e5274","ac39a2b21a09aa10349f730d8b2cd2177eacfcc1d1cc5c24fdafe0a29c54e1aff90a80aaf2d472372a7a84d718a4bd9e464745252dbd659b5c80db3a6d0e60a3","2023-12-31T20:45:00.000","2023-12-31T21:15:00.000","1684","12.76",,,"76","3","34","7.7","0","4","46.2","Mobile","Taxicab Insurance Agency Llc","41.980264315","-87.913624596","POINT (-87.913624596 41.9802643146)","41.96581197","-87.655878786","POINT (-87.6558787862 41.96581197)"
"f5645b9ea511a12f3ffb4d6edc1bd0b25bd1c0dd","f1e22a147bdb15246c72c3eca77f684452129a6f3203e2e1ee01ae865fb0b4009657db0c9f6f7a0f6b2f15306018a17fc888aec6b69db4a4ada752147b6dac6c","2023-12-31T20:45:00.000","2023-12-31T21:15:00.000","1237","15.97",,,"76","8","39.5","0","0","5","44.5","Cash","City Service","41.980264315","-87.913624596","POINT (-87.913624596 41.9802643146)","41.899602111","-87.633308037","POINT (-87.6333080367 41.899602111)"
"eb4c38837b9c60cb80a0816f4db6f2135aab69e4","a62df4e9bfec5f3babb7922b1346263cce5c3116fa5fa3465e4845b94774ef86b30bb243f80f396cf2211d7e3309028193f159567ee341b44d39dc3a1f5495f9","2023-12-31T20:45:00.000","2023-12-31T21:15:00.000","2364","8.65",,,"77","24","21.41","2.48","0","0","23.89","Mobile","Medallion Leasin","41.9867118","-87.663416405","POINT (-87.6634164054 41.9867117999)","41.901206994","-87.676355989","POINT (-87.6763559892 41.9012069941)"
"6f3f1fcd8cd9bc909ab918f730f1bf70334cc411","561fbb8af15689fe33fb11b96905cfb95d11ac44700c1a476e474b9b19d4dc24fec8cbfe3df913dc2ee78f919bd0b1cb416be0bc3b0a431d4335bfae2df63278","2023-12-31T20:45:00.000","2023-12-31T20:45:00.000","235","0.85",,,"77","3","5.25","2","0","1","8.75","Credit Card","Flash Cab","41.9867118","-87.663416405","POINT (-87.6634164054 41.9867117999)","41.96581197","-87.655878786","POINT (-87.6558787862 41.96581197)"
"4594254ddd35836c44703a0ca1eb6cc8fd9e6596","25f401ef5193d27d5a1baced30b0597335466ae6f000b1bff87d0e6afe3ec2a58c91471f0325d2ab1a35c7debdc42ce4b96634b19b366495f4580dec7f825326","2023-12-31T20:45:00.000","2023-12-31T20:45:00.000","209","1.13",,,"8","24","9","0","0","0","9","Mobile","Chicago Independents","41.899602111","-87.633308037","POINT (-87.6333080367 41.899602111)","41.901206994","-87.676355989","POINT (-87.6763559892 41.9012069941)"
"eb4c55403821066cb3a37cf34243735ac1bc9689","6607f4be1b8737ffe33ac1f71d10d1132541d86cd00c1dfa870d51ddf9d7ebf86f5fc56e0c03ad1dc7b2be5a5ca0c0b5c993fc87c227b239c37bf6b4275a8fd7","2023-12-31T20:45:00.000","2023-12-31T21:00:00.000","658","0",,,"7","6","12.02","3.01","0","0","15.03","Mobile","Flash Cab","41.922686284","-87.649488729","POINT (-87.6494887289 41.9226862843)","41.944226601","-87.655998182","POINT (-87.6559981815 41.9442266014)"
"1d7cff7e5e423e429e4255e74fa8fb979c933cb5","96a96f52dbf30dc4376ecdb36a6bb955e242a3e2a281c110db95c47f337c786fd92e66121defe5c40dbcec5761ce728718165477882bd09821bd385072ca755c","2023-12-31T20:45:00.000","2023-12-31T20:45:00.000","660","0.2",,,,,"13.25","3.4","0","0","16.65","Credit Card","Taxi Affiliation Services",,,,,,
"08f9967bbe3de28febc23a10ef8581e13fe538cb","30b16efff2994f00adffb3bce7dc46d98b42a18de5be9ea3e4ee8ebc38d59619ef20dd5485ee3c07ec5da667526bbd9a87798cfd8e946f6475e75a9dd151d453","2023-12-31T20:45:00.000","2023-12-31T21:00:00.000","540","0.9","17031081300","17031081700","8","8","6.75","0","0","2","8.75","Cash","Taxi Affiliation Services","41.898331794","-87.620762865","POINT (-87.6207628651 41.8983317935)","41.892042136","-87.63186395","POINT (-87.6318639497 41.8920421365)"
"d7e5d41c28cd8ed8cf8460616d68b761a0d3931f","da89961d90427fbdbddf838baf7427967d18b4852af67e996a031ea43865ebefe6eca4daf294a0593b47281a388b928a7ac7ed95983979a7ce8df655d7c34bb3","2023-12-31T20:45:00.000","2023-12-31T21:15:00.000","1533","18.16","17031980000","17031320400","76","32","44.75","12.31","0","4","61.56","Credit Card","Taxicab Insurance Agency Llc","41.97907082","-87.903039661","POINT (-87.9030396611 41.9790708201)","41.877406123","-87.621971652","POINT (-87.6219716519 41.8774061234)"
"5c0c26523a30b15477d10fbc5f94e0ff27e039db","2104bcfe571fe3f25079dec505fa48dfd86072a7a85c7bba744558a3714e29a01892e054eab767c575a21b318387d1e672f756030bb03bdd5aa2a2f06eec3594","2023-12-31T20:45:00.000","2023-12-31T20:45:00.000","438","1.37",,,"6","6","60","6.05","0","0","66.55","Mobile","Taxicab Insurance Agency Llc","41.944226601","-87.655998182","POINT (-87.6559981815 41.9442266014)","41.944226601","-87.655998182","POINT (-87.6559981815 41.9442266014)"
"b451b02230aa7f3d2819f588b73df86e2dd4fc09","c0d525ee45b1b77f1fcc69c7c56ff91661795d15482cc46a75ca8164ea25736a32169b1ba73fb5eee3ee98e629942c90ed23a5998f29bfe050afd3a08608a9a9","2023-12-31T20:45:00.000","2023-12-31T21:15:00.000","1380","0.7",,,"42","24","29.75","0","0","0","29.75","Unknown","Taxi Affiliation Services","41.77887686","-87.594925439","POINT (-87.5949254391 41.7788768603)","41.901206994","-87.676355989","POINT (-87.6763559892 41.9012069941)"
"6c99702e28a2721a8e00fe3ff250024455f5438e","35057a271731c5b976bda25efe85aa0c1901d0a5fc9ba2b7068508375a4c43033b282303a439c95d4ef479c592268f31ac7eb0b3db8f3998aaa79e82458a1d71","2023-12-31T20:45:00.000","2023-12-31T21:15:00.000","1620","0",,,"76",,"43.75","0","0","27","70.75","Cash","Taxicab Insurance Agency, LLC","41.980264315","-87.913624596","POINT (-87.913624596 41.9802643146)",,,
"668f544746d7e8c049660e0205ed7089c3fa7ace","f438d3a93b6c4cdaf258d31d8ae0d94df9bbc9873f99efa769f5885b3ae1be517887bf0e42cb3502688468b30d18dbb2062515b53c99a15a4fc8360c8dc63745","2023-12-31T20:45:00.000","2023-12-31T21:00:00.000","1599","17.15",,,"76","8","43","9.5","0","4","57","Credit Card","5 Star Taxi","41.980264315","-87.913624596","POINT (-87.913624596 41.9802643146)","41.899602111","-87.633308037","POINT (-87.6333080367 41.899602111)"
"a3443179125c3a589b6623b310947e684f3c5573","6aefbdce394a18f0f9d880bf23b25bb320e9b4e0e085dfdeb1869af5e50e4a590a476d8ea06206d16aaf63f108dda0a65f7878a39e1bd663e40979402e26f935","2023-12-31T20:45:00.000","2023-12-31T21:15:00.000","1445","8.87",,,"76","17","24","5.9","0","5","35.4","Credit Card","Sun Taxi","41.980264315","-87.913624596","POINT (-87.913624596 41.9802643146)","41.94651142","-87.806020002","POINT (-87.8060200025 41.9465114202)"
"c5d0261d7c66f67c8073956e7014007e2c24e732","848a1ee7cd6c9d5c24658a35523ec72ae374eef3f562bc163d62ba20af6083d6044ff6aae2b43ca8021ff2de5610dee92190e43ea660d2a9c694c0c860675b63","2023-12-31T20:45:00.000","2023-12-31T21:15:00.000","1755","15.6",,,"76","7","39.5","8","0","4","52","Credit Card","Sun Taxi","41.980264315","-87.913624596","POINT (-87.913624596 41.9802643146)","41.922686284","-87.649488729","POINT (-87.6494887289 41.9226862843)"
"b495647ae7b6bce943af958001905d04dd0e01c7","e8f673c7d74913eef9b2c58975502e30884a6d7c93a80264c9ef1ee7a3a44652b66f8f74348e5f7b62dc458b19ef474b8c0801463178f03b03bd08f768c42c4e","2023-12-31T20:45:00.000","2023-12-31T21:15:00.000","1140","12.7",,,"76","22","32","5","0","5","42","Credit Card","Taxi Affiliation Services","41.980264315","-87.913624596","POINT (-87.913624596 41.9802643146)","41.92276062","-87.699155343","POINT (-87.6991553432 41.9227606205)"
"3c98a55b99a227adf86aa1640008eb63c6eefb6d","c53face33b74e90c719c30c33f394050ca1e93ca6b11a805560a865d632e9b696d789e073af503ab0f87c19235bbc98859a5a0c51ce1a170f3be076fa864d6e5","2023-12-31T20:45:00.000","2023-12-31T21:00:00.000","1430","0",,,"77","22","16.94","3.95","0","0","20.89","Mobile","Flash Cab","41.9867118","-87.663416405","POINT (-87.6634164054 41.9867117999)","41.92276062","-87.699155343","POINT (-87.6991553432 41.9227606205)"
"4b1fb268526ac5c2bbe4a44aa26e3bdec3d0cf3b","85369e7993a89ca4df45026bf8e60fbdba04450bd197ef895fb280ffa081560014c9c9da95fb74dde5f26c22cd421f25a77b1adca261051cdeb55acd8da259a4","2023-12-31T20:45:00.000","2023-12-31T21:15:00.000","1800","14.9",,,"76","24","38","8.7","0","5","51.7","Credit Card","312 Medallion Management Corp","41.980264315","-87.913624596","POINT (-87.913624596 41.9802643146)","41.901206994","-87.676355989","POINT (-87.6763559892 41.9012069941)"
"3f32720eefcf8cf7fe9e3c204868e503d4ecc0b3","5453573a470c75b36d908d4e664de1c937e68aae86c420191a43870a402b62ca9e81867fc2a769011873a9d7df93f43083246b9691db0c27e29126faacb84f19","2023-12-31T20:45:00.000","2023-12-31T20:45:00.000","769","2.12","17031080100","17031280100","8","28","9","0","0","0","9","Mobile","Chicago Independents","41.907520075","-87.6266589","POINT (-87.6266589003 41.9075200747)","41.885300022","-87.642808466","POINT (-87.6428084655 41.8853000224)"
"998bf38b9478ef17ee9a956a78f6c6afca50b0a7","beb0579501b2745e10d12af72f99864d506abb7c5de1ebad3505133ac3bfb207ffff4cb70c00072aa1895c9f657b9535457108289825085a790991d82994f854","2023-12-31T20:45:00.000","2023-12-31T21:15:00.000","2460","10","17031980000","17031980000","76","76","32","0","0","5.5","37.5","Cash","Taxi Affiliation Services","41.97907082","-87.903039661","POINT (-87.9030396611 41.9790708201)","41.97907082","-87.903039661","POINT (-87.9030396611 41.9790708201)"
"d7a07d42b1ce355d4a0e3b0a4860ef4ffbacd9c8","13c8f729e7e5a9f850e406e3b31524c6881649044dab7669f67659a4e2e229d0438002c52d60c4f99c592735534c313a30f7f809355263608bed2502633ef89d","2023-12-31T20:45:00.000","2023-12-31T21:15:00.000","1724","16.02",,,"56","6","40","0","0","5","45","Cash","5 Star Taxi","41.79259236","-87.769615453","POINT (-87.7696154528 41.7925923603)","41.944226601","-87.655998182","POINT (-87.6559981815 41.9442266014)"
"a2e57a8c024bd045abcbd96c59c1b0e3a0fc0d0d","643bb93d2492e6eda6e928f41ec8e1cb906c3d8bf0dbd9ce7fde2198df5f74ad6159ef5666261e8ebb11e028a0c6f237ca96cccb30ef17857338822abb5f4bf7","2023-12-31T20:45:00.000","2023-12-31T20:45:00.000","365","0.87","17031081700","17031081401","8","8","6","3","0","0","9.5","Credit Card","Sun Taxi","41.892042136","-87.63186395","POINT (-87.6318639497 41.8920421365)","41.89503345","-87.619710672","POINT (-87.6197106717 41.8950334495)"
"e92a55d919f73d25ec6e8a614fd18b4839f68805","511fc9cb2efb73fcb0fa664156beafbfcef79e71de57bfcfa13a988d503726e9a2ddd0c3144b25142f1c7d824e5c17a4b9d8113ae47d07b5f3ba28f7e5c908c9","2023-12-31T20:45:00.000","2023-12-31T21:00:00.000","535","1.64","17031080100","17031081700","8","8","9","2.22","0","0","11.22","Mobile","Sun Taxi","41.907520075","-87.6266589","POINT (-87.6266589003 41.9075200747)","41.892042136","-87.63186395","POINT (-87.6318639497 41.8920421365)"
"6339b6e39f734d99ce041ce7cab199900889be4f","82bc059c3b13e97341f941d60f772ae9f83687498e91f7c399644ec42449cced734834174cb0a29955229b910c3c9810dc67997226ce38a8600bf7f24d149423","2023-12-31T20:45:00.000","2023-12-31T21:15:00.000","1480","12.7",,,"56","8","32.75","0","0","4","36.75","Cash","5 Star Taxi","41.79259236","-87.769615453","POINT (-87.7696154528 41.7925923603)","41.899602111","-87.633308037","POINT (-87.6333080367 41.899602111)"
"529af8ee5f1984c3758648c17a0d614185891d5f","f6d1b6c930d62f6d8cbbd8f86a593ff057408c82f764744a7a38ee63957a74b84eaeea80224ea3a0021ba1572323a282530b0659b5e1ce48d04939eacb504060","2023-12-31T20:45:00.000","2023-12-31T21:00:00.000","665","3.39",,,"33","8","11.5","0","0","1","12.5","Cash","Chicago Independents","41.857183858","-87.620334624","POINT (-87.6203346241 41.8571838585)","41.899602111","-87.633308037","POINT (-87.6333080367 41.899602111)"
"c4e4fbd05f19eead91e58004c0eab5e5516dffb8","cf39200ae52386dfa52be5a8e1da54653690fac9fba627c56b2de87a6450d7cff76ef0f185f95771e8564e67f6e77e98df376659f7264226baa946aec4ee1cc0","2023-12-31T20:45:00.000","2023-12-31T20:45:00.000","537","0.62","17031081201","17031081500","8","8","6.75","0","0","1","7.75","Cash","Taxicab Insurance Agency Llc","41.899155613","-87.626210532","POINT (-87.6262105324 41.8991556134)","41.892507781","-87.626214906","POINT (-87.6262149064 41.8925077809)"
"c50b4af926a92760de17ce3dbc3c22aa3cffd096","1aa7696cf1ac4c5d9e302177fdb918829d2ddcd9d420a3557defecc167a2bc332bc8a4ee0ae70d314ebaf1f66ff1e4cc53aca83691dd0cbfdfca39c7190c4945","2023-12-31T20:45:00.000","2023-12-31T21:00:00.000","525","1.16",,,"8","8","7","0","0","0","7","Cash","Flash Cab","41.899602111","-87.633308037","POINT (-87.6333080367 41.899602111)","41.899602111","-87.633308037","POINT (-87.6333080367 41.899602111)"
"6eaf4eec090b0df55bdc1bf01fe8789cce9785e9","5c03478db811db571ca5a182a9e5b3e7d1078a236ee886492e1eec0a111f1cc8b0b0a5db3ee85595db2ce965cde56efe29ebb9f32c19d8c8325a03121f1e4d58","2023-12-31T20:45:00.000","2023-12-31T21:15:00.000","1711","27.05",,,"76",,"64.5","14.2","0","6","85.2","Credit Card","City Service","41.980264315","-87.913624596","POINT (-87.913624596 41.9802643146)",,,
"e8725ba457ace8e20838ac65be14ecb2ad0b9ce6","5f88daef22c65f61d051338809a96d6bc7f471c4e2cd73a6a5cb0058dd3affb03f82eb2a344695f5cfb9da95399827a5fb8bcdcbdfedda9612bee3fd71b1537c","2023-12-31T20:45:00.000","2023-12-31T21:00:00.000","300","1","17031081201","17031080100","8","8","5.75","0","0","0","5.75","Cash","U Taxicab","41.899155613","-87.626210532","POINT (-87.6262105324 41.8991556134)","41.907520075","-87.6266589","POINT (-87.6266589003 41.9075200747)"
"c517d2b99e112bb4e1aae076c9caae7641b5056a","fa265b3601a73684f856bfe63e0b787d9101c3a292b49c39a97d0667305f8565c1d29df52d208a5beef071b74abc0fd13042840ed50e9bdd66e83575194feb35","2023-12-31T20:45:00.000","2023-12-31T21:15:00.000","1320","13.1",,,"76","22","33.5","9.6","0","4.5","47.6","Credit Card","312 Medallion Management Corp","41.980264315","-87.913624596","POINT (-87.913624596 41.9802643146)","41.92276062","-87.699155343","POINT (-87.6991553432 41.9227606205)"
"7d93279d8d36e821414c49eced9ce6c4f2a0c90a","5e48748b582fe3c16baf5ac371a27773e8aef2927f33440f59bdfc4d05656e7f88d30836a2c448abd8980269053d8c7651e8f3da01acf4321d23213ff8170f8a","2023-12-31T20:45:00.000","2023-12-31T21:00:00.000","429","0.82","17031081500","17031320100","8","32","9","2.22","0","0","11.22","Mobile","Sun Taxi","41.892507781","-87.626214906","POINT (-87.6262149064 41.8925077809)","41.884987192","-87.620992913","POINT (-87.6209929134 41.8849871918)"
"5e47c159240dc0f6f63b43edb875c3eb75ae28d5","4a991432c3e0600b9c919a01148b17b866d29a41751b95a72fa71486c1927c3e9233ede6837d7860faca81e668aa83d07543f50253040e70a6507b10590381ec","2023-12-31T20:45:00.000","2023-12-31T21:15:00.000","1620","0",,,"8",,"33","0","0","0","33","Cash","Taxi Affiliation Services","41.899602111","-87.633308037","POINT (-87.6333080367 41.899602111)",,,
"84934e044524f81e9662f6cc4bded46e96adad2e","31d18c12a75eaeb647e36a502a0c3e548fe4e08ed6f7f46a19c5aa1323e963e9d5d6277727d4a41f4f15077fb84bac332fd855f62f0f4013d1853e4f061b4d6a","2023-12-31T20:45:00.000","2023-12-31T21:15:00.000","1020","10.09",,,"56","28","26.75","0","0","0","26.75","Prcard","5 Star Taxi","41.79259236","-87.769615453","POINT (-87.7696154528 41.7925923603)","41.874005383","-87.66351755","POINT (-87.6635175498 41.874005383)"
"3c421901811d13d0dc2c2dbc7c51f4dbca8aca42","9054e449dca78c2363d025823dfceb7e33bebc5ca24c92db024cd6abe8e2013106a740b276d93cdedc689d2bc222382ca217e41e6ef0389313f6037771090c8e","2023-12-31T20:45:00.000","2023-12-31T21:15:00.000","1388","10.53",,,"76",,"28.25","6.75","0","5","40.5","Credit Card","Taxicab Insurance Agency Llc","41.980264315","-87.913624596","POINT (-87.913624596 41.9802643146)",,,
"c4458964c8cf33b7890406e6d76aec418bcfa1c0","8b8b185d8a60ac5edd94c0494d0b9b9c9c86d54c0ab3dda8499692f5fa23a61ad93ae1782f8757b0a0d2a2bc8a2425568345fa88c935b4319c199380f8a38aa7","2023-12-31T20:45:00.000","2023-12-31T21:15:00.000","1441","11.01",,,"76",,"28.75","0","0","21","49.75","Cash","City Service","41.980264315","-87.913624596","POINT (-87.913624596 41.9802643146)",,,
"d6ddd9554879d63f40fb479097600fc85b2dae73","477e2191cd2213e2db9413d810936b2f24a73c8e5270594c724f811dbe4cfea5b58519d789ac8fb30d3ac6ee375721019e2e793a889be528f59327e0cc32ea94","2023-12-31T20:45:00.000","2023-12-31T21:00:00.000","720","2.1",,,"8","24","9.25","0","0","1","10.25","Cash","Taxi Affiliation Services","41.899602111","-87.633308037","POINT (-87.6333080367 41.899602111)","41.901206994","-87.676355989","POINT (-87.6763559892 41.9012069941)"
"5b6a893ad33d5143634339c373e76ab94c4854ec","6898e40854937399e0ef25dad63740d21b20593439090721b2f747b039ab24c5e74ebda726b98515a4b4c6b7dd9f87717cfc7c1b52e3a8b4d52245214f09d229","2023-12-31T20:45:00.000","2023-12-31T20:45:00.000","301","0.71","17031081100","17031081300","8","8","5.25","0","0","4.5","9.75","Cash","Flash Cab","41.900221297","-87.629105186","POINT (-87.6291051864 41.9002212967)","41.898331794","-87.620762865","POINT (-87.6207628651 41.8983317935)"
"d7036e438eddaa640cb12fbd199d5662b5a33fda","ef5eff6bb140de6acea46bf7980c2547b6d2486f1f8310ba85cfe00587782d44aacc427d6bb339df8ce753fe4f13b44bd325a38c03146d743f26ebfbcb629231","2023-12-31T20:45:00.000","2023-12-31T21:15:00.000","1645","11.58",,,"6","10","32.25","0","0","0","32.25","Prcard","Sun Taxi","41.944226601","-87.655998182","POINT (-87.6559981815 41.9442266014)","41.985015101","-87.804532006","POINT (-87.8045320063 41.9850151008)"
"318010a4edc0a30d49c31b5454f085ed7bbf0106","8c996b78641f57de21b068fa17d4224cd9f1da237ccd7862a4c2121b6794f00f733450c58ad1b950a45a14347d4694f070e16ca8effcac45a5b06a18ba46a430","2023-12-31T20:45:00.000","2023-12-31T21:30:00.000","2280","0.9",,,"60","3","40","0","0","0","40","Cash","Taxi Affiliation Services","41.836150155","-87.648787952","POINT (-87.6487879519 41.8361501547)","41.96581197","-87.655878786","POINT (-87.6558787862 41.96581197)"
"6b0ace27cb05b5dfabf783092b88bb3e62863e54","3835dded237bfc6b12d2181ec37148bd8385590f81597f643e6775df78ed87f2624ed43201cf94fdccdad7080da7a78290ff20e3c218834cc073389ebb82fb3c","2023-12-31T20:45:00.000","2023-12-31T20:45:00.000","148","0.3","17031081100","17031081202","8","8","4.25","0","0","2","6.25","Cash","Blue Ribbon Taxi Association","41.900221297","-87.629105186","POINT (-87.6291051864 41.9002212967)","41.902788048","-87.62614559","POINT (-87.6261455896 41.9027880476)"
"c379f4b46cea147d41b743d3e7ce5f249a303cf9","6a2c9d2b17c17c8c7621c7f8bd3621fde6366bcaa1111bfc74bf9eaa0fe21d6ae86d3bbbee9c0ac3bfa3866f441a02221f4600138485b570ecd18bc1a25fd0e1","2023-12-31T20:45:00.000","2023-12-31T21:15:00.000","1770","12.57",,,"76","6","34.75","7.85","0","4","47.1","Credit Card","City Service","41.980264315","-87.913624596","POINT (-87.913624596 41.9802643146)","41.944226601","-87.655998182","POINT (-87.6559981815 41.9442266014)"
"8c14d38daf0333a95860ea35199423dda445988c","c6afdfd8a7e77a6363705c79438ccc226e23e84f79c200ae985a7707e6626f5c402bb9275a0e3866d0174ec80e57ff47d542355d4c487da812c0540d5de12306","2023-12-31T20:45:00.000","2023-12-31T21:00:00.000","761","2.11",,,"32","24","9.5","3","0","2","15","Credit Card","Sun Taxi","41.878865584","-87.625192142","POINT (-87.6251921424 41.8788655841)","41.901206994","-87.676355989","POINT (-87.6763559892 41.9012069941)"
"8c2281f075a34a2e77c70daf60ae7c92601014fa","84a9489b354cd6dfe99487c12c5c735e40bb1350f645668ae00ec89cc0c22510a043d8461381406b57db35f51c04f215b889e310c6b151caaa0775504ddc4884","2023-12-31T20:45:00.000","2023-12-31T20:45:00.000","4","0","17031980100","17031980100","56","56","3.25","0","0","0","3.25","Cash","Chicago Independents","41.785998518","-87.750934289","POINT (-87.7509342894 41.785998518)","41.785998518","-87.750934289","POINT (-87.7509342894 41.785998518)"
"afb483b4243d8bdf33e453ea5064cdd417757f8d","3d5fcccd2f2e4fb12eba0d94f8cdf657b20d405fece7c8a26571a7a0db7d8f8cf4f257a86ad49ad864417c6d8ceb0763b2207fbb57a78950f2566409e1b93fcd","2023-12-31T20:45:00.000","2023-12-31T21:30:00.000","2160","15.4","17031980000","17031061902","76","6","40.75","0","0","4","44.75","Cash","Taxi Affiliation Services","41.97907082","-87.903039661","POINT (-87.9030396611 41.9790708201)","41.943155086","-87.640698076","POINT (-87.640698076 41.9431550855)"
"52a9eae5ebf8adc9df14f77cfc79eb55b4f844a9","bb580bc1fe37f0f3d911e4a7323a0e4d42a936c715699b15b4f851eff54648c0e9d19956a80b67f716975be3a0ae6b79dc9bcdddcbfd3890de8b4959e1974ef9","2023-12-31T20:45:00.000","2023-12-31T21:00:00.000","694","3.3",,,"6","5","11.75","2","0","0","14.25","Credit Card","Flash Cab","41.944226601","-87.655998182","POINT (-87.6559981815 41.9442266014)","41.947791586","-87.683834942","POINT (-87.6838349425 41.9477915865)"
"5622abcf81d9b2cbf4bcda6b85b5567c14c76bde","40c2ee15a52c7c390c11a77871240593956d41a7946bb33e37f517b1ffe5cc9af4b640fa3cb331378829a69c2a714d322aa88736a3e9def79dd66b14f3616801","2023-12-31T20:45:00.000","2023-12-31T21:00:00.000","773","3.87",,,"8","24","11.93","2.11","0","0","14.04","Mobile","5 Star Taxi","41.899602111","-87.633308037","POINT (-87.6333080367 41.899602111)","41.901206994","-87.676355989","POINT (-87.6763559892 41.9012069941)"
"aff6dfcb87f8607fafaacd229d8a7d0897fa8979","3f68542d52a06c2f726a08b3888acb6e7979a3ade1b74c38c2d8d3932377185103d527e0a018b407d71e80217caa2a9335c74cc0dabf9f13141cf5875ef051b0","2023-12-31T20:45:00.000","2023-12-31T21:15:00.000","1680","15.5",,,"24","49","40.25","0","0","0","40.25","Unknown","Taxi Affiliation Services","41.901206994","-87.676355989","POINT (-87.6763559892 41.9012069941)","41.706587882","-87.623366512","POINT (-87.6233665115 41.7065878819)"
"d61f85cd672092e0acebd832536fceadbbfa1f39","7ac8e47879a8fe2bdb9abdc3b129b1b89c9976ab35090a1ebfad0d83ded0e3334cf9389c70b6d64b8d0084f548f8c19e5827b67c941e106db6476522c88fe09f","2023-12-31T20:45:00.000","2023-12-31T21:15:00.000","1560","0.9",,,"76","7","38.75","8.85","0","5.5","53.1","Credit Card","Taxi Affiliation Services","41.980264315","-87.913624596","POINT (-87.913624596 41.9802643146)","41.922686284","-87.649488729","POINT (-87.6494887289 41.9226862843)"
"1cb581723e454c812a30c1db145f0b5172bd34ce","511d5a90fddd5d591ca80c1c2969c190f8ad2997c0b6e9d1776a3864f2536814f53b603888e6ca6fa11e0e8625b02db335ef976a9a36e8d35b7d714e38e55bef","2023-12-31T20:45:00.000","2023-12-31T21:15:00.000","1844","12.63",,,"47","68","34","0","0","0","34","Prcard","5 Star Taxi","41.728182061","-87.596475596","POINT (-87.5964755956 41.728182061)","41.777196255","-87.642497527","POINT (-87.6424975271 41.7771962546)"
"fd9ef9710b04bba21f7376b4090f1bb256e39954","d7de5a594d0efed735dbce1fe6b9ae0651df194867e00426b93f70cadd9c00ebb6e0951de8d95cf4a50a32eb302e46f0c092453bcae803baa0a3b1b547979592","2023-12-31T20:45:00.000","2023-12-31T20:45:00.000","284","0.67","17031081201","17031081300","8","8","9","2.22","0","0","11.22","Mobile","Taxicab Insurance Agency Llc","41.899155613","-87.626210532","POINT (-87.6262105324 41.8991556134)","41.898331794","-87.620762865","POINT (-87.6207628651 41.8983317935)"
"3c3dc9dafaee254d3f94dfe1552d12be02028561","33c877ad242c484ce01ba5a4447f4b699eb84d5c9a3efa293e79f1c91ff67c4d6edfb5b51f1ca3a570b0df9ab336af70c9768548e5188e06a63583f0a20428c2","2023-12-31T20:45:00.000","2023-12-31T22:15:00.000","5100","30.1",,,"32",,"81.5","0","0","2","83.5","Cash","U Taxicab","41.878865584","-87.625192142","POINT (-87.6251921424 41.8788655841)",,,
"ebcfaf03e571499aecf01665fa3da87af5138e61","e0f0dfba8628846b3c4022833a14ce311c40ac2408a325f76a281fc8fa2e29a9e59d0880d6e26b70e250da812cf3b2b1469dc5a0a239a901119efab1e99ac3e1","2023-12-31T20:45:00.000","2023-12-31T21:00:00.000","1033","7.23",,,"8","21","21","0","0","0","21","Cash","Sun Taxi","41.899602111","-87.633308037","POINT (-87.6333080367 41.899602111)","41.938666196","-87.711210593","POINT (-87.7112105933 41.9386661962)"
"d50a0f39a2478b09d50a1f93ea31bfc94307c0bb","a2e397699c1976e64320846602f598cc984a60697518d25e9416312fb70b0d011e8aa54974c9628f33d1e01b9431c1cc1e809c875e4d73dc0ceea54f5d5c2836","2023-12-31T20:30:00.000","2023-12-31T20:45:00.000","634","0.86","17031320100","17031081402","32","8","7.25","0","0","1.5","8.75","Cash","Globe Taxi","41.884987192","-87.620992913","POINT (-87.6209929134 41.8849871918)","41.891971508","-87.612945414","POINT (-87.6129454143 41.8919715078)"
"0b263f96ceefc0fd3754b46cff52acc0dd3176eb","34ed8ae3af562da8ab7ee7aa07c83287baf647219d79cf41ea18b8656c9ad26d9985aab5aab72faf5de6495f389eee784c340c2a7a94ce675d417d1d5706a48e","2023-12-31T20:30:00.000","2023-12-31T20:45:00.000","720","1.3","17031081500","17031320400","8","32","8","3","0","1","12","Credit Card","Taxi Affiliation Services","41.892507781","-87.626214906","POINT (-87.6262149064 41.8925077809)","41.877406123","-87.621971652","POINT (-87.6219716519 41.8774061234)"
"fecfff7db8dc0dc5684d7e3ee8acb639092a580b","3086567957b42d112fd64e09c620ef867909c5590114df6aee46574d5c941566b517e45a437f560f2ba2962060d813d555fcad82f9ff4d319344e1c91dd68aa3","2023-12-31T20:30:00.000","2023-12-31T20:30:00.000","394","0.83","17031320600","17031320400","32","32","6","0","0","1","7","Cash","City Service","41.870607372","-87.622172937","POINT (-87.6221729369 41.8706073724)","41.877406123","-87.621971652","POINT (-87.6219716519 41.8774061234)"
"c36ce77369b77c1e6bfb7c71fbf41304c75e385c","9778031a3357bc586bbe6b48765130a7a9457d772aafa660915f91541938cd5b54fb7471895f542dda9a46a9627cb68c372e8cfa39a6d3a4fff957e9d86b2224","2023-12-31T20:30:00.000","2023-12-31T20:30:00.000","54","0.04","17031839100","17031839100","32","32","3.5","3","0","2.5","9.5","Credit Card","5 Star Taxi","41.880994471","-87.632746489","POINT (-87.6327464887 41.8809944707)","41.880994471","-87.632746489","POINT (-87.6327464887 41.8809944707)"
"8b7d3f983175545a19fca55b0806fdace30d6913","8f4cde3f6d55c38289233d1679f415c6442273549398887146c6322c8410b29bb3b72514e950e4f7fd080c47f88a53fa8454f8662ae92f84de30fb3da315fa89","2023-12-31T20:30:00.000","2023-12-31T20:45:00.000","962","1.32","17031081500","17031081403","8","8","9","0","0","0","9","Cash","Chicago Independents","41.892507781","-87.626214906","POINT (-87.6262149064 41.8925077809)","41.890922026","-87.618868355","POINT (-87.6188683546 41.8909220259)"
"83bb0739a80b0f0904719b3011bc7e96fefc814a","6f45c05aa231c9dd389ebdb65ca751cd82ef7634766017a1240d6554bf91840a924cf3cd16564a1ca643c9b1880db706d977ab5164f4b0bd030e0fff21cb3934","2023-12-31T20:30:00.000","2023-12-31T20:30:00.000","231","0.55",,,"8","8","4.75","0","0","0","7.25","Cash","Flash Cab","41.899602111","-87.633308037","POINT (-87.6333080367 41.899602111)","41.899602111","-87.633308037","POINT (-87.6333080367 41.899602111)"
"ffb3496a7f9ee3fc915fc6079df4881dc949f2c2","57fa54b44d1e25d82c1de3200158c2475a894490b1c32c4b5356e694a3d15f896fc0ffebb9422cc1875ebd24a578bd9e80d7143e444d36e8ec39f08f19bad982","2023-12-31T20:30:00.000","2023-12-31T21:00:00.000","2026","13.3",,,"76","3","35.25","6.11","0","5","46.86","Mobile","Sun Taxi","41.980264315","-87.913624596","POINT (-87.913624596 41.9802643146)","41.96581197","-87.655878786","POINT (-87.6558787862 41.96581197)"
"e15280023a3681dea561962754584510c1f79317","8dd990653cc2793d96b80ae45e928afc9a590b21b491eea3f522f42a72a5d323e79997fb7b2aab3486de73e89a4c9ae8e8cc377056b9b0d3de37ab822ce2cf33","2023-12-31T20:30:00.000","2023-12-31T20:45:00.000","377","1.52",,,"28","28","7","0","0","0","7","Cash","Sun Taxi","41.874005383","-87.66351755","POINT (-87.6635175498 41.874005383)","41.874005383","-87.66351755","POINT (-87.6635175498 41.874005383)"
"07e95a954e3218796fd8384b2fb74452583c6331","3f365e125eb1d15aae0ae8a4bf53a01191478f26ccf00c877528ac2dcecf8cea91c1ee67aa49721351839fbc0a8fd976abc65438225bd6a39e6ef2e905977225","2023-12-31T20:30:00.000","2023-12-31T21:00:00.000","1916","15.87",,,"76","6","40.5","0","0","5","45.5","Cash","Flash Cab","41.980264315","-87.913624596","POINT (-87.913624596 41.9802643146)","41.944226601","-87.655998182","POINT (-87.6559981815 41.9442266014)"
"4a77c92e91dabaad2c6c9ed1addc127570a1abb3","18332569daad955f48c8d965fe85ef855858a72ae12e21b7bf176ccc9bfede27311ae84c604c8dba0f1d22c290ad9f78856d2d0d1ef172f0402c9fa31fb8204d","2023-12-31T20:30:00.000","2023-12-31T20:45:00.000","457","0.69","17031081403","17031081402","8","8","6.25","0","0","1","7.25","Cash","Chicago Independents","41.890922026","-87.618868355","POINT (-87.6188683546 41.8909220259)","41.891971508","-87.612945414","POINT (-87.6129454143 41.8919715078)"
"aec377f2b000155ef8926ee6177ac0d720b6b315","be7e1462a37397809dadade8e174ef3ccbc3073294df4a0c1786610d3fbbc2cd18543a46938764af03553b89897d23ee9f88307fd485162626822cd306c2fed5","2023-12-31T20:30:00.000","2023-12-31T20:30:00.000","367","0.77","17031081100","17031081800","8","8","9","1","0","0","10","Mobile","Blue Ribbon Taxi Association","41.900221297","-87.629105186","POINT (-87.6291051864 41.9002212967)","41.89321636","-87.63784421","POINT (-87.6378442095 41.8932163595)"
"7c86858f148e5c2cac6ad67e1fa066ea7f6bf76e","32f41dbfab64ed45d31d672512bf4528d078682d839f304a3160e0ffb25e4494702809853735c525b911cb8511f46099b1de425ab86d7431a240e0b55405ef42","2023-12-31T20:30:00.000","2023-12-31T20:45:00.000","318","0",,,"7","7","9","2.22","0","0","11.22","Mobile","Flash Cab","41.922686284","-87.649488729","POINT (-87.6494887289 41.9226862843)","41.922686284","-87.649488729","POINT (-87.6494887289 41.9226862843)"
"e3bbaccc6da9f7b66b328b14f50f5cefa4608632","2562c5abd0c79356d2b6ed696ff9c61f3c6a7452176e067079eeb9ab4869816e5cc637b2464ae3846a2522762c036f3adf77216a829bbed5fbc5bd7da2dda337","2023-12-31T20:30:00.000","2023-12-31T21:00:00.000","1583","10.14",,,"8","11","28.75","0","0","0","28.75","Prcard","Blue Ribbon Taxi Association","41.899602111","-87.633308037","POINT (-87.6333080367 41.899602111)","41.978829526","-87.771166703","POINT (-87.771166703 41.9788295262)"
"7689e076397a7c4bcdcda707e7f16651f6bf20f5","f8c3f707897df1cb42ad97406a34c0047b077c9a1105d34e1b5a0ceba7575f97403536a1bdfebf30af132cd2d0ab3ff79f42545bd3ea4db4f3fa9aa0dc2d0ad4","2023-12-31T20:30:00.000","2023-12-31T21:00:00.000","1704","16.52",,,"56","7","41.5","12","0","6","60","Credit Card","Taxicab Insurance Agency Llc","41.79259236","-87.769615453","POINT (-87.7696154528 41.7925923603)","41.922686284","-87.649488729","POINT (-87.6494887289 41.9226862843)"
"c212bfe1332969af5c9821adc05cab62d47c8d31","83a83c946de3f1d72d9764569c64d39eb97fc7219966be8e997e22906da3ae69451271216f3770044031d8ff58c688f501461abcad390d3322cac6a3316fcbc4","2023-12-31T20:30:00.000","2023-12-31T20:45:00.000","960","0",,,"28","8","10.75","0","0","0","10.75","Cash","Taxicab Insurance Agency, LLC","41.874005383","-87.66351755","POINT (-87.6635175498 41.874005383)","41.899602111","-87.633308037","POINT (-87.6333080367 41.899602111)"
"e36b6c604202bc98429fd13d48278954fb22af2a","b337fc4c965d7a157aabdd4b4d9fecb81dd86de85ac4886cf3017696fc37ed5edb8efb2403d452270d08bbdabe8c61536dbe5dfb88b4deac8ce10809f2a8e526","2023-12-31T20:30:00.000","2023-12-31T20:45:00.000","559","1.85","17031320100","17031330100","32","33","8.25","3","0","0","11.75","Credit Card","City Service","41.884987192","-87.620992913","POINT (-87.6209929134 41.8849871918)","41.859349715","-87.617358006","POINT (-87.6173580061 41.859349715)"
"761a66ced2bc02d7861a674f8bdcec6e91402b87","7555f3aecc6ed3619f5e16fb9836afa9df7ee98d7ec261f5be88fb44ab81dff83f9292792a65316ab6a3a92764c8944ea4a56c9649bc4673c0f621b5549a3d96","2023-12-31T20:30:00.000","2023-12-31T20:45:00.000","1440","16.2","17031980000","17031280100","76","28","40.25","8.95","0","4","53.2","Credit Card","U Taxicab","41.97907082","-87.903039661","POINT (-87.9030396611 41.9790708201)","41.885300022","-87.642808466","POINT (-87.6428084655 41.8853000224)"
"1c57593b1bfbd3438b82e17f41bf21cf57ccc201","2659a61c08f91c6efd9e7d7947a00006a7bc26aa518241786d51cb05c853cdd86fdd1adc4010867706a2daa9f0da856cb2d7a705c111d3c89e53f5499741247e","2023-12-31T20:30:00.000","2023-12-31T20:45:00.000","1200","14.4",,,"76","22","36.25","8.35","0","5","50.1","Mobile","Globe Taxi","41.980264315","-87.913624596","POINT (-87.913624596 41.9802643146)","41.92276062","-87.699155343","POINT (-87.6991553432 41.9227606205)"
"8373abc47d47b5adb5882fd163b13a1c1b322d33","f0d3346678be38422d39a57255c327ec348ad690f71c25727230237b2553f625fe0ff52f71e172c8839439e7253ccd92353442d7daae6a3715acfb5b4754ce8f","2023-12-31T20:30:00.000","2023-12-31T21:00:00.000","2079","17.53",,,"56","14","44.25","10.15","0","6","60.9","Credit Card","Flash Cab","41.79259236","-87.769615453","POINT (-87.7696154528 41.7925923603)","41.968069","-87.721559063","POINT (-87.7215590627 41.968069)"
"9ff3b96d009caf9a4d5bd578e8b9c51cc54a5651","6b50c5bb5761c3cb4853a8ca215dee42e63e922c7ebb0ce74cd52a2b3076c37ed38a45d19077a78a0bd19fe39c5e2efce4ed1ad13af2f2b67cbdb049839aae41","2023-12-31T20:30:00.000","2023-12-31T20:45:00.000","840","9.4",,,"38","73","24.75","0","0","0","24.75","Unknown","Taxi Affiliation Services","41.812948939","-87.617859676","POINT (-87.6178596758 41.8129489392)","41.717493036","-87.648895072","POINT (-87.6488950721 41.7174930361)"
"3aeb7b7ebe24c1f5a5a6c14edcdfb902d9136873","f07a57e895784bd00e38847f25ebf6c1964e28f0e83cc3533ac42e3d263d1794b2c9466d4d29f6a594231d891f4de8c53a7736fabed7eb024568b0df444f457b","2023-12-31T20:30:00.000","2023-12-31T21:00:00.000","1249","8.71",,,"56",,"24","15","0","21","60.5","Credit Card","Medallion Leasin","41.79259236","-87.769615453","POINT (-87.7696154528 41.7925923603)",,,
"19f5aeeadc138ec10709c8d762e3ce1ce4f46639","68e19b1900a5a4e8193b45649935a261ceb26c8e01d1dcd08bbd9b78930fbcac1a323716936fb8baa6507d24e796aac4b9458cbf484d8a56499f7a8da3e03a74","2023-12-31T20:30:00.000","2023-12-31T20:30:00.000","193","0.72","17031081403","17031081201","8","8","9","1.11","0","0","10.11","Mobile","Flash Cab","41.890922026","-87.618868355","POINT (-87.6188683546 41.8909220259)","41.899155613","-87.626210532","POINT (-87.6262105324 41.8991556134)"
"e3001f1498be37d3fb1ba240eac55a6e957e4964","57c40509cae37a0e5e536a657cdb7f8c6824314bc466a78ece1747f86565de8527721e24e67bcb4df69d763ca286b3c227c7993484b6c2c3d16def47a6d4a917","2023-12-31T20:30:00.000","2023-12-31T21:00:00.000","1920","0",,,"68","33","21.25","0","0","0","21.25","Unknown","Taxi Affiliation Services","41.777196255","-87.642497527","POINT (-87.6424975271 41.7771962546)","41.857183858","-87.620334624","POINT (-87.6203346241 41.8571838585)"
"3e7ddae09c0580d52f205018115f832b1cf1e4d5","2e7f98f477c93ec4c458c0f46cad563cc83e813d5ebc0dc2b60c2fb8907ff808ff6b033d283097aea82bff81f2e1d8a0494154963acca3df2bde798570693440","2023-12-31T20:30:00.000","2023-12-31T20:45:00.000","631","1.66","17031281900","17031320100","28","32","9","2.25","0","0","11.25","Mobile","Sun Taxi","41.879255084","-87.642648998","POINT (-87.642648998 41.8792550844)","41.884987192","-87.620992913","POINT (-87.6209929134 41.8849871918)"
"82db00a7be2c25ca4aab8371ae0f5fdd7f5430f6","fa00293f740bb9c2bdaf0b119dfc057ebbe9ea87ae533da0e97a0bc475978f80f8e91ae04c8c4b1d2729685356a8a80a368f4093a16ec62261da341d0aecc400","2023-12-31T20:30:00.000","2023-12-31T20:45:00.000","637","0.97",,,"8","8","7.25","4","0","2","13.75","Credit Card","Medallion Leasin","41.899602111","-87.633308037","POINT (-87.6333080367 41.899602111)","41.899602111","-87.633308037","POINT (-87.6333080367 41.899602111)"
"6dc433f004d87f9a71d3f519bca6efb7932ac20d","22c14626f6bfb534f0181e4584ad8bd04d7f988f254d9f04a5ca8a000d0cf601bb373e31701a613c023760af2458d94c11084879ad30fa1c644e1086f2e312ce","2023-12-31T20:30:00.000","2023-12-31T20:30:00.000","286","0.4","17031081600","17031320100","8","32","5","0","0","1","6","Cash","Chicago Independents","41.892072635","-87.628874157","POINT (-87.6288741572 41.8920726347)","41.884987192","-87.620992913","POINT (-87.6209929134 41.8849871918)"
"5aa4c46369260623a274d9f25ab3a1d720dfd974","c38a211cb84a44a24e959493d5842a48dd150b1e947b30656a4507d235418d33b3390cd664a32a0199c9611b87914f8a1d1e53756983b725ace2e8df20e490a0","2023-12-31T20:30:00.000","2023-12-31T20:45:00.000","1092","4.35",,,"24","8","13.02","1.53","0","0","14.55","Mobile","5 Star Taxi","41.901206994","-87.676355989","POINT (-87.6763559892 41.9012069941)","41.899602111","-87.633308037","POINT (-87.6333080367 41.899602111)"
"d24e2e91a86410e071d43c8e2ef58a1867385358","368c2fe7411b3ba707de6ecc150eacc272f347c45202e865e4002c347b3a03d6ccb804e2ae8da9cf4f229b9740ed58cc120b5e348a26a8b49d31489106fb55db","2023-12-31T20:30:00.000","2023-12-31T21:00:00.000","1440","15.4",,,"76","7","38.5","8.55","0","4","51.05","Credit Card","Taxi Affiliation Services","41.980264315","-87.913624596","POINT (-87.913624596 41.9802643146)","41.922686284","-87.649488729","POINT (-87.6494887289 41.9226862843)"
"f9cd651f1545bc37819eba381d5d407ca72b787f","effbf1619864cc88b7cc99ecf936ef65065b329c827b2c63994b4418b9ab9eb0b4f83918ffca1e454032bea5f48874102aa2720b537347c52965608ade129c18","2023-12-31T20:30:00.000","2023-12-31T20:45:00.000","685","1.79",,,"28","32","9","3","0","0","12.5","Credit Card","Star North Taxi Management Llc","41.874005383","-87.66351755","POINT (-87.6635175498 41.874005383)","41.878865584","-87.625192142","POINT (-87.6251921424 41.8788655841)"
"b96cd83a50ee157a7a83a4e64797b9978786c7af","1aa3449094125b4b7fd178df05e0abde0e191878670ec9e378602641b67cdeb93946e84aab491cd4ab8646124c8beb9f6261c4966a59aede046be4fb7c1679d9","2023-12-31T20:30:00.000","2023-12-31T20:30:00.000","360","0",,,,,"17.5","0","0","0","17.5","Credit Card","Taxi Affiliation Services",,,,,,
"406bd2e5c088db9e439f9dcdece5384a4168e5e7","9ac243b4bb4548e7214a248a491aa3ddddf391820e6c7b930ef83dfbbe1b5c7949124f32e696a68797f685661ee880b9be65fb3bf65c18c558a697dde86ba460","2023-12-31T20:30:00.000","2023-12-31T20:30:00.000","110","0.26",,,"32","32","4","0","0","0","4","Cash","Medallion Leasin","41.878865584","-87.625192142","POINT (-87.6251921424 41.8788655841)","41.878865584","-87.625192142","POINT (-87.6251921424 41.8788655841)"
"07b787c67a691f56afbbb27d7fce142f44388e35","6b1b1e151c90fecc87c9f51e5e607acea049dedc6c5091ce75b8960739a55d3e851502e8a32b082b7c56e3b73367f2d661372a641eab5898b89160b8a9f9b2dd","2023-12-31T20:30:00.000","2023-12-31T20:30:00.000","35","0","17031040100","17031040100","4","4","3.25","0","0","4","7.25","Cash","Sun Taxi","41.983330806","-87.681993542","POINT (-87.681993542 41.9833308063)","41.983330806","-87.681993542","POINT (-87.681993542 41.9833308063)"
"1f170fc4bb6602147faca69d662174717fa6cb8f","5d853881bf4f0ce73fc83652879af526b3cbe52d02c00898e01ccd026326725a9ad29b746b039ccf3210466409cea4dc93850ecd168db56341a920aa49840daa","2023-12-31T20:30:00.000","2023-12-31T20:45:00.000","625","0",,,"8","6","11.91","2.81","0","0","14.72","Mobile","Flash Cab","41.899602111","-87.633308037","POINT (-87.6333080367 41.899602111)","41.944226601","-87.655998182","POINT (-87.6559981815 41.9442266014)"
"821a591e66cec2125d70a6808f67b557bc712e80","5a2d8508678f817213f775688e8a0dd949cc26dd393542b277a2ee908d605c4cbe49e70ba750da01112b6f87a0d69a6ec2eaa28729eea473b8d35dcb3657b6bc","2023-12-31T20:30:00.000","2023-12-31T21:00:00.000","2115","21.77",,,"14","50","53.75","0","0","0","53.75","Cash","Flash Cab","41.968069","-87.721559063","POINT (-87.7215590627 41.968069)","41.706125752","-87.598255838","POINT (-87.5982558383 41.7061257523)"
"f8804280930189ba97abf18dd204b4a79aaa125d","9d2bc650f24375604a82a15892dfbbea47dce34e8c323631fcb5234ca762b8f2e46e0fe57b6ec34f2c2f288b1bcfcdcb426649628783e44d057240644046744c","2023-12-31T20:30:00.000","2023-12-31T21:00:00.000","1823","24.83",,,"76","41","59.5","8","0","5","73","Credit Card","City Service","41.980264315","-87.913624596","POINT (-87.913624596 41.9802643146)","41.794090253","-87.592310855","POINT (-87.592310855 41.794090253)"
"2160c3bef4de0388c380c468d70de9bc5c9662e6","5f4b687fcddac3ec50959a643b0068496ac8deb19f159968a6f1a340d83820c7103e06d6e198490215058d53afef64c18be7c48bec62a6b5f58d76e09898a84b","2023-12-31T20:30:00.000","2023-12-31T20:45:00.000","567","0",,,"7","8","9.6","2.06","0","0","11.66","Mobile","Flash Cab","41.922686284","-87.649488729","POINT (-87.6494887289 41.9226862843)","41.899602111","-87.633308037","POINT (-87.6333080367 41.899602111)"
"7c100d3f6c6d2093c822904879f9e47dba556e8f","c380f12a04a89cc0e1ec1fb024710f170f212d5211635d812d345461e686bd2e285f0a0bdc5faa02bd15ce258e2df170c4ae86627bb88535522aa7b1addcc960","2023-12-31T20:30:00.000","2023-12-31T21:00:00.000","1367","12.19",,,"76","4","31.25","7.35","0","5","44.1","Credit Card","City Service","41.980264315","-87.913624596","POINT (-87.913624596 41.9802643146)","41.975170943","-87.687515515","POINT (-87.6875155152 41.9751709433)"
"d114a50b083d0d4990f1f5f3fe26b8ef87762420","ed782e24fa9a99ae72b1b2085cb14c065957e99854e22a4ccf85b9b2dd75fc3e5817693eef8d8d219200efd569369977bf82173a244e15c4660d0391e31d2062","2023-12-31T20:30:00.000","2023-12-31T21:00:00.000","1080","4.8",,,"8","7","15.5","3.4","0","1","19.9","Credit Card","Taxi Affiliation Services","41.899602111","-87.633308037","POINT (-87.6333080367 41.899602111)","41.922686284","-87.649488729","POINT (-87.6494887289 41.9226862843)"
"69a4847ac954b30a06073b747beb2c44c7e5de7e","045270ae331ab61646c36aaf542de0077e97a5b0294e29048aca8d607fc0425176cde25d838e6de259ff195eef7cd8ce6d62ec6c24c3f82c873b1750a894c74c","2023-12-31T20:30:00.000","2023-12-31T20:45:00.000","1079","12.22",,,"76",,"31.5","8.18","0","22.5","62.68","Credit Card","Flash Cab","41.980264315","-87.913624596","POINT (-87.913624596 41.9802643146)",,,
"7c3e73409fba455924e5aa731fe04547d7b204dc","cce8f048747a1a8e42aa1ee9a448645d311ad388dbd9f1340fcbb267e82253f78d4f9e3ba1cc2934d983a74ca587224502d1fba4237fb1fb3cfa2f783398aec2","2023-12-31T20:30:00.000","2023-12-31T20:45:00.000","1075","5.24",,,"8","6","16.07","4","0","0","20.07","Mobile","Blue Ribbon Taxi Association","41.899602111","-87.633308037","POINT (-87.6333080367 41.899602111)","41.944226601","-87.655998182","POINT (-87.6559981815 41.9442266014)"
"5ab9b44b76f6a2b91e16c63d7f8c4aba8f4fcfa7","1bb875f74db6b3d8bcab27f6784218036ec738c201e5334b477f2c6b93d866f9f3ef90dc9c7fe1d1c50275b7acc6087cff8011a5ced4e3b546cb6c643c85b119","2023-12-31T20:30:00.000","2023-12-31T21:00:00.000","1002","2.93","17031081500","17031832600","8","7","12","0","0","4.5","16.5","Cash","Flash Cab","41.892507781","-87.626214906","POINT (-87.6262149064 41.8925077809)","41.914747305","-87.654007029","POINT (-87.6540070286 41.9147473049)"
"d099c4f193fc7a1a773feacc1caa144e1a8afb99","6e592d9c29711b8c0dc5888508b382bd0b75de5469930ebc8c6246a3e48f47a2ef08071cb03ce81c4f762ce3dfb1e609eb69b22070ee59d04d371541009ed4c9","2023-12-31T20:30:00.000","2023-12-31T20:45:00.000","360","0.4","17031081500","17031081401","8","8","4.75","5","0","1","10.75","Credit Card","Taxi Affiliation Services","41.892507781","-87.626214906","POINT (-87.6262149064 41.8925077809)","41.89503345","-87.619710672","POINT (-87.6197106717 41.8950334495)"
"81d205f40df3b8e1b71a269896c1f037a3843280","1d68f4a1c3b620f920838643bf3801e757b6791f86700abce6ca5936659e046f715635d4bda0aadcedb6df46949cf9d74003f214779efdd04138bd36adf5d9c9","2023-12-31T20:30:00.000","2023-12-31T20:45:00.000","712","6.42",,,"76",,"17.75","0","0","6","24.25","Credit Card","Sun Taxi","41.980264315","-87.913624596","POINT (-87.913624596 41.9802643146)",,,
"cfe1a40a168fa3e4a408f36a8eeab3ad09918f4e","ab172f16a0f2033e0fb3da3c21353da9704edb989c9b556a1f65300d235dd591226731858313fb551f0eb4c9bdae9fe99ef69179854413f1e566d72455778b5c","2023-12-31T20:30:00.000","2023-12-31T20:45:00.000","639","0.97","17031081300","17031320100","8","32","7.5","0","0","1","8.5","Cash","City Service","41.898331794","-87.620762865","POINT (-87.6207628651 41.8983317935)","41.884987192","-87.620992913","POINT (-87.6209929134 41.8849871918)"
"199d37452c61930967019162e7c8407127ad59c7","1061d157b2a98a1b1e7871639b836de5fb521101d08d736af9eaa6700648adb48fb8df7f97970cc6b2a7bd6da5840251530b3cccb10d81a56f3779ba7a1354ba","2023-12-31T20:30:00.000","2023-12-31T20:30:00.000","525","0",,,"24","24","9","1.61","0","0","10.61","Mobile","5 Star Taxi","41.901206994","-87.676355989","POINT (-87.6763559892 41.9012069941)","41.901206994","-87.676355989","POINT (-87.6763559892 41.9012069941)"
"9e89bb8e784fdac5dcee336cf1b886e5bf7a834c","1aa7696cf1ac4c5d9e302177fdb918829d2ddcd9d420a3557defecc167a2bc332bc8a4ee0ae70d314ebaf1f66ff1e4cc53aca83691dd0cbfdfca39c7190c4945","2023-12-31T20:30:00.000","2023-12-31T20:45:00.000","393","0.69","17031081500","17031081403","8","8","5.5","0","0","2.5","8","Cash","Flash Cab","41.892507781","-87.626214906","POINT (-87.6262149064 41.8925077809)","41.890922026","-87.618868355","POINT (-87.6188683546 41.8909220259)"
"255fe9b2013abbd52174cedce581a9a5c347390b","a39edfa6e2ec6209ece046221d25bdb4c4fee327de239ab3ba59ccf24f5c0fa3ae1d2eae70dca967a16209a8c676b71e685759e76214095b11b8896f4080e607","2023-12-31T20:30:00.000","2023-12-31T21:00:00.000","1999","13.67","17031980000","17031980000","76","76","36.75","0","0","5","41.75","Cash","Sun Taxi","41.97907082","-87.903039661","POINT (-87.9030396611 41.9790708201)","41.97907082","-87.903039661","POINT (-87.9030396611 41.9790708201)"
"cfb14184467be3a0f211f1ec2c9aba55ce677503","ce8e5531edf9255d9ecb2f930e320f9c1c83229e43744564103589a4cf339190c4c17ba66439c436305e3ebf2447ef2d418b2601edc83b81c08abdce5cd20334","2023-12-31T20:30:00.000","2023-12-31T21:15:00.000","2569","12.33",,,"76",,"36.25","8.35","0","5","50.1","Credit Card","Blue Ribbon Taxi Association","41.980264315","-87.913624596","POINT (-87.913624596 41.9802643146)",,,
"03be3642d2c52a371971feb0fca73e849808e705","033605c7145dea0e56be0ca74bb89a85bce0d2fd11c408b92c42d83d202081a0d6d48e37c8143824f38f01fd1bbc4fa22181761f07d613386472d71618171dc7","2023-12-31T20:30:00.000","2023-12-31T20:45:00.000","60","0",,,"76",,"3.25","7.95","0","36","47.7","Credit Card","Globe Taxi","41.980264315","-87.913624596","POINT (-87.913624596 41.9802643146)",,,
"22f864aed574b7704ca2f742ef0aafbe9e94b16c","13016372e777da1289d557edbe4ce2be8a68e77bc64768acaf5e0539b10be2ca089238dc27408b49b17899014e6e178e17c3ba455812fd84024f93e266324439","2023-12-31T20:30:00.000","2023-12-31T20:30:00.000","6","0",,,"24","24","10.22","2.43","0","0","12.65","Mobile","Taxicab Insurance Agency Llc","41.901206994","-87.676355989","POINT (-87.6763559892 41.9012069941)","41.901206994","-87.676355989","POINT (-87.6763559892 41.9012069941)"
"1697f8b3c728dce2ebc4fdff899efa70c22961bf","8b07f9156e568a37d362463c84dbd1118b4eeb753bae502fded3dd7ba0040f5476ebbabb0428fc752b6b1e3de90c50ae9f33c396493a873a33c9663c51fe2508","2023-12-31T20:30:00.000","2023-12-31T20:45:00.000","540","3.7",,,"76",,"12","0","0","5","17","Cash","Choice Taxi Association","41.980264315","-87.913624596","POINT (-87.913624596 41.9802643146)",,,
"3214949da258ce21198c3080ae3b6cf1eb3d6f89","7d2e7cdd59237335e96b9b1a897a5e48cb4df467e6c09242b1e9461256f36aa4f9ab9649279f19ab5c8ad32ad7eb683800a0fd566f3f4fbd48323bab81908955","2023-12-31T20:30:00.000","2023-12-31T20:45:00.000","883","5.2",,,"8","6","14.94","2.62","0","0","17.56","Mobile","City Service","41.899602111","-87.633308037","POINT (-87.6333080367 41.899602111)","41.944226601","-87.655998182","POINT (-87.6559981815 41.9442266014)"
"3a64fb4f58ace96357598f4310c3d1db554f7459","2f21ce2d929ceaec2f75935bd2c0f54ddaea2d9bee0e55289c87100930212e2324b086863a389099e4fa4d4c6f309fc00a9c72e07b8a0ec6edc866d1bc7f635b","2023-12-31T20:30:00.000","2023-12-31T21:00:00.000","1649","17.06",,,"76",,"42.5","0","0","28","71","Credit Card","Globe Taxi","41.980264315","-87.913624596","POINT (-87.913624596 41.9802643146)",,,
"aa830d9f329940f46bc81fbe4fb4ba9f155a9029","4f27abbc3d72b36f617bd91b2ebf202582eb821fd21af0add6d212cd9989abea65dc552404f0d52baaa4b6c5a1a31976dabfdb9929f4b2d4e1ae929755be305e","2023-12-31T20:30:00.000","2023-12-31T20:30:00.000","435","0.99","17031320100","17031320400","32","32","6.5","0","0","1","7.5","Cash","Taxicab Insurance Agency Llc","41.884987192","-87.620992913","POINT (-87.6209929134 41.8849871918)","41.877406123","-87.621971652","POINT (-87.6219716519 41.8774061234)"
"56747b508e767b7f72e723c1e92a24cb5e329d2f","f760c301740afe577d6c0e2f6de2cfecccf6ede158b8a3825331005da37a008716599169f4b467bc8b88e65318b5008499ad0ea4e05a7465c6bce4a1d5e70350","2023-12-31T20:30:00.000","2023-12-31T20:30:00.000","5","0",,,"77","77","40","8.1","0","0","48.6","Credit Card","Sun Taxi","41.9867118","-87.663416405","POINT (-87.6634164054 41.9867117999)","41.9867118","-87.663416405","POINT (-87.6634164054 41.9867117999)"
"bd4bc7f91ca4702d3ff000de26971b32c4e4f51b","6b1b1e151c90fecc87c9f51e5e607acea049dedc6c5091ce75b8960739a55d3e851502e8a32b082b7c56e3b73367f2d661372a641eab5898b89160b8a9f9b2dd","2023-12-31T20:30:00.000","2023-12-31T20:30:00.000","23","0","17031040100","17031040100","4","4","40","0","0","0","40","Cash","Sun Taxi","41.983330806","-87.681993542","POINT (-87.681993542 41.9833308063)","41.983330806","-87.681993542","POINT (-87.681993542 41.9833308063)"
"f7c7a074bc030f56be642f69d847a69f1740e488","19115939d528111c8de7a409abaccdbb6543d70febf17ad238d21450dd6db76f66b4da395d61a808a9a43ffc9b6b1f4cbf09ac4c2fdec9868a5d5ad1032c3d1d","2023-12-31T20:30:00.000","2023-12-31T21:00:00.000","2217","9.76",,,"8","19","29.75","0","0","0","29.75","Prcard","Flash Cab","41.899602111","-87.633308037","POINT (-87.6333080367 41.899602111)","41.927260956","-87.765501609","POINT (-87.7655016086 41.9272609555)"
"7bf8bd4476437a1aab6795521f2a3d91cae5f86b","261b4db1c52868b756351f3cba8d9cc18cbb0166b27610bb408b4083e9aa048547ad745e8441d8d7b5319d3264616eea90012ed7af684585dede410191d1c2cf","2023-12-31T20:30:00.000","2023-12-31T20:45:00.000","760","9.96",,,"76","16","26","6","0","4","36.5","Credit Card","Chicago Independents","41.980264315","-87.913624596","POINT (-87.913624596 41.9802643146)","41.953582125","-87.72345239","POINT (-87.7234523905 41.9535821253)"
"0a83dfd58c6b4a2de79492f3d616edefc6742ae9","bc71b5d2cb8320a69947adef34a809194621917747c14bae6b3f3c163c59f57102f65a33c3d0598ff30d468a756c170931cea53d236f0e0bcff8a5b858351730","2023-12-31T20:30:00.000","2023-12-31T21:00:00.000","1620","0.7",,,"76","4","31.5","7.2","0","4","42.7","Credit Card","Taxi Affiliation Services","41.980264315","-87.913624596","POINT (-87.913624596 41.9802643146)","41.975170943","-87.687515515","POINT (-87.6875155152 41.9751709433)"
"896eca18d731bd4460aaa9d61dd97b55ce0abde3","b5f958b8508ba66e43f28559d6d54c66b9e7a7df9b45daa10b6f3d52a461503aff391464c9bc5195733f7d35d869f76ee49056bf79049b13ac8c1e87fe889f47","2023-12-31T20:30:00.000","2023-12-31T20:45:00.000","1065","12.91",,,"76","22","32.75","7.65","0","5","45.9","Credit Card","Chicago Independents","41.980264315","-87.913624596","POINT (-87.913624596 41.9802643146)","41.92276062","-87.699155343","POINT (-87.6991553432 41.9227606205)"
"cecb5f199cc7bc9433529c8bfe9d29b9d5079b61","3213ff0b6cae1f371c2e30a76504208fc74440a8a6574ba09c290e8f9a13ac7d206fa20157a63997f2f72955734db5bb6bba462a104f806afffb97a1c85219aa","2023-12-31T20:30:00.000","2023-12-31T20:30:00.000","240","0","17031081500","17031081700","8","8","4.75","0","0","2.5","7.25","Cash","Taxicab Insurance Agency, LLC","41.892507781","-87.626214906","POINT (-87.6262149064 41.8925077809)","41.892042136","-87.63186395","POINT (-87.6318639497 41.8920421365)"
"4e36b560b866da6c5f4275bd476c45ba133d3034","63f04d77360d12a3b71ebabb82794a2cc1842a1f5a147cdfc2e32bdcb13b8b2c08024bbfad979af58aec7d7e3757798c04d31de086ad3831a02783bcd90001ee","2023-12-31T20:30:00.000","2023-12-31T21:00:00.000","1370","11.88",,,"28","4","31.25","0","0","0","31.25","Prcard","5 Star Taxi","41.874005383","-87.66351755","POINT (-87.6635175498 41.874005383)","41.975170943","-87.687515515","POINT (-87.6875155152 41.9751709433)"
"49e9b831557179c5834dcd3bf9c562774424f6ea","3ce163544d141c0d3d792160204b0da396d82b387fd1a84e7e0b495e2a90c4f567557048a9bcbad3ee0632571e52a1e6b0f8bdeac024329c5a4bf36fb8e66912","2023-12-31T20:30:00.000","2023-12-31T20:30:00.000","251","0.49","17031081300","17031081500","8","8","5","0","0","1","6","Cash","Taxicab Insurance Agency Llc","41.898331794","-87.620762865","POINT (-87.6207628651 41.8983317935)","41.892507781","-87.626214906","POINT (-87.6262149064 41.8925077809)"
"4e43430c6a09d6ecf811a0a443f5e2b404b20671","7ff3ea8c15d902e432f0f3ca3aab1d5f20bff4c4fedfb5f405d8d1938b0c99cb713ec7e5986fce6f511509c8ad109edf9fb0126f2d47e596a9c0854d0bbca603","2023-12-31T20:30:00.000","2023-12-31T20:45:00.000","720","5.7",,,"32","6","16.5","0","0","0","16.5","Cash","Taxi Affiliation Services","41.878865584","-87.625192142","POINT (-87.6251921424 41.8788655841)","41.944226601","-87.655998182","POINT (-87.6559981815 41.9442266014)"
"3bfc5cc7d9e5487d5d80ba1f2c58b668b7b18172","285f824cae77e5945252689a2881fb3ab75ea3530eb70e0fa24a0511bcfc491dd869840db9ae9b97254073ce31c9555879aca122f5fe624cd13ad07ea97d64ac","2023-12-31T20:30:00.000","2023-12-31T21:00:00.000","1380","0.8",,,"51","28","36.25","0","0","0","36.25","Unknown","Taxi Affiliation Services","41.690633347","-87.570058269","POINT (-87.5700582686 41.6906333472)","41.874005383","-87.66351755","POINT (-87.6635175498 41.874005383)"
"812c8e5a039f6da79b58f93a194199890006915c","ef41432a731d4324591f1de0f8ffb0121cbb1c3dade0e3bc20b40551e4a748abc2708de507181c174a5549a60eaea95b9c673356eca438d8aa74636cd3ee9228","2023-12-31T20:30:00.000","2023-12-31T20:45:00.000","93","0","17031980000","17031980000","76","76","3.5","0","0","7","10.5","Cash","Sun Taxi","41.97907082","-87.903039661","POINT (-87.9030396611 41.9790708201)","41.97907082","-87.903039661","POINT (-87.9030396611 41.9790708201)"
"50e709d891191f89fd578f8a79a825cad47eba97","f71223a469d78a2f65a090adc9d4fb5ae08dfc6694c65046888685e3d850c9e10d9393dc23eab58ce250ab6fd661d74d3879856e07cc7837cc2ec04b75599604","2023-12-31T20:30:00.000","2023-12-31T20:45:00.000","743","2.86","17031081401","17031833000","8","28","11","3.12","0","1","15.62","Credit Card","Chicago Independents","41.89503345","-87.619710672","POINT (-87.6197106717 41.8950334495)","41.88528132","-87.6572332","POINT (-87.6572331997 41.8852813201)"
"cf4dcac7f03056b3548d8ac68ffdd4c14c4ead4d","09ae211e637ee26a0648e80fc833f0c709d25775b2332ff7407bca698ad34546f2b3e04169204d4ffb7758ccda299ae2c76d753046a3dfd74a4833a8f7aac9d6","2023-12-31T20:30:00.000","2023-12-31T20:45:00.000","286","0.64",,,"8","8","5.25","0","0","0","5.25","Cash","Chicago Independents","41.899602111","-87.633308037","POINT (-87.6333080367 41.899602111)","41.899602111","-87.633308037","POINT (-87.6333080367 41.899602111)"
"40027a15ac17153bdca3130576a03df343532d9f","03cfe911366a3ec59f30b328348efcbcb5a55aabe3befeb0338b2655928e4da049a6cbaf6412ef5aed2ace6b67dd3e84c2e5d7507b50797b886796d051f1a893","2023-12-31T20:30:00.000","2023-12-31T21:00:00.000","2092","14.5","17031980000","17031980000","76","76","38","3","0","5","46.5","Credit Card","5 Star Taxi","41.97907082","-87.903039661","POINT (-87.9030396611 41.9790708201)","41.97907082","-87.903039661","POINT (-87.9030396611 41.9790708201)"
"1042957b637b6a8124b08b3af991ca16665a3bf2","c6df39b55631b17e347502b2d2faf91b740a3e5a44384b9cabe785631f3018445f42b756eac8637ce107e2b310ee5c24952882562c4a5c8415bb59cd75cca8f1","2023-12-31T20:30:00.000","2023-12-31T20:30:00.000","314","0.7","17031320600","17031839100","32","32","5.25","0","0","1","6.25","Cash","Star North Taxi Management Llc","41.870607372","-87.622172937","POINT (-87.6221729369 41.8706073724)","41.880994471","-87.632746489","POINT (-87.6327464887 41.8809944707)"
"f3c92c306ea2f54390b35d56da1a5f5dd9f044a1","89a40bbeb44e22e8169b4ba823c5eee94b324219fbe8c007ec52243acb7b0aed5ac28fc53132e13d6deb4fcd6eec8911cc70ac7233fe3bdd8f8a5ea6f23e5f71","2023-12-31T20:30:00.000","2023-12-31T21:30:00.000","3180","35.1","17031980000",,"76",,"84","0","0","16","100","Credit Card","Taxi Affiliation Services","41.97907082","-87.903039661","POINT (-87.9030396611 41.9790708201)",,,
"5fec4ada4dadca590c12732fd3acac51cbc55ff5","2bb3cec6c1f7c3ea064aff56988b02be67da8f90a02af8ffe64d88b042564125da6abbcd3448bd6f7bc0836827aa8c40007fb6a72e8acd3122983486e6c26222","2023-12-31T20:30:00.000","2023-12-31T21:00:00.000","1966","10.64",,,"76",,"30.25","0","0","7","37.75","Credit Card","Sun Taxi","41.980264315","-87.913624596","POINT (-87.913624596 41.9802643146)",,,
"7a9ed3d2a3e95d4fb20d0d503b51832921e3436c","ed0f91893d236599f6d6b7f42a5a7b2059988f5ab06ec969e0e742fc11e89ba6f026b84daf1580bfac547118b8485d5c371482b8dc5c7b9ac968fb16326b79b3","2023-12-31T20:30:00.000","2023-12-31T21:00:00.000","1526","17.91",,,"33",,"44.25","0","0","0","44.25","Prcard","Flash Cab","41.857183858","-87.620334624","POINT (-87.6203346241 41.8571838585)",,,
"3e4cc6c275f0cb51ac8743ca218e817b26958e85","b2a007b1410c7208af92ef3a97b87c0af4c3e7b49c2b765a39fccd2f06b2f836ed410f8507081389b033082d814a0ee5598e1fa925facbc5c0d20e13b7bc0e5a","2023-12-31T20:30:00.000","2023-12-31T20:45:00.000","1094","12.09",,,"32","71","31","0","0","0","31","Prcard","Flash Cab","41.878865584","-87.625192142","POINT (-87.6251921424 41.8788655841)","41.744205146","-87.656305986","POINT (-87.6563059862 41.7442051463)"
"3e04b89dab5ea676572fb34ffd7e1c6ff77d3c0e","7b6db2bfb6f570dc013061147b1fbe93975a5d556c6666912aac0b5c1cfa3e8f50cffa16fa56e8e9b1b4c032d7cd6b494bc5174a4e85cd18fff68ff16091bff1","2023-12-31T20:30:00.000","2023-12-31T21:00:00.000","2004","17.75","17031980000","17031081300","76","8","45","10.3","0","6","61.8","Mobile","Medallion Leasin","41.97907082","-87.903039661","POINT (-87.9030396611 41.9790708201)","41.898331794","-87.620762865","POINT (-87.6207628651 41.8983317935)"
"cd22fcec4fe0c36cb5e37e3ca76a8b4c07f98505","a8f2da49faaea02204d8d5a68886a889bb71d872b25147b6285e10cdd5bf87f20caa48b533dd36d34195dfc40aedc09709907f7934371fa9f8f8496d99196cc7","2023-12-31T20:30:00.000","2023-12-31T21:00:00.000","1662","14.75",,,"76","6","38.25","0","0","6.5","44.75","Cash","Chicago Independents","41.980264315","-87.913624596","POINT (-87.913624596 41.9802643146)","41.944226601","-87.655998182","POINT (-87.6559981815 41.9442266014)"
"9c9cc6a2d787c89d11953def6937eb3cdf02edaa","b93891115fae950e569cac0f2348202c6de7235082a3504f7078ef4504d17325692a9511543c8f23777451dc4f1f013c6001c6a09f42aee9ebd46b53bd4214fe","2023-12-31T20:30:00.000","2023-12-31T21:00:00.000","1583","11.69",,,"6","25","31.5","0","0","0","31.5","Prcard","Flash Cab","41.944226601","-87.655998182","POINT (-87.6559981815 41.9442266014)","41.890608853","-87.756046711","POINT (-87.7560467111 41.8906088526)"
"100f24306509a323409e9fd7c4a0d5f2c45eba75","da60c0b2a94e4c516b9c9bdaceeb3f17066f98190eb3895010b6071915a64752e5cb1532dc6d36f992a6ed48287e4409110651d140ba63296c1f68f0ed853676","2023-12-31T20:30:00.000","2023-12-31T21:15:00.000","2639","13.58",,,"8",,"39.25","0.08","0","0","39.33","Prcard","5 Star Taxi","41.899602111","-87.633308037","POINT (-87.6333080367 41.899602111)",,,
"8153bc32b93fdf451a1b686bf33b19a7207b53e1","11d27841ca91177af186bee8a9fdd7a2ead81b3fc96e1b95bf8b39d5aff3f56ee1c5ae2d6bd82775764d7f7ff9178c2c23a724c975614125a93bf28d13dcbc66","2023-12-31T20:30:00.000","2023-12-31T20:45:00.000","248","0.2","17031081201","17031081300","8","8","4.5","0","0","1","5.5","Cash","Globe Taxi","41.899155613","-87.626210532","POINT (-87.6262105324 41.8991556134)","41.898331794","-87.620762865","POINT (-87.6207628651 41.8983317935)"
"95164a9b66254fea7d055090cd6e769d89e44620","ce261d848de6da143b8f88782c3e86196ebcbdac96e4d9aff669be33accbbebcc189590e6a9b1ae0f45bb1d83f0ec9557ae26a932266fc7ed972ae25b3692783","2023-12-31T20:30:00.000","2023-12-31T20:45:00.000","1520","18.12",,,"76","28","44.5","8","0","5","58","Credit Card","Taxicab Insurance Agency Llc","41.980264315","-87.913624596","POINT (-87.913624596 41.9802643146)","41.874005383","-87.66351755","POINT (-87.6635175498 41.874005383)"
"14a02cf71ff3fcea55f06a4d33746a04c886ccb5","7fd4686df9203e2623a18cab7e0cc600a594edbabcb1aaaea45e1cb93e6d3c519aecded8763ccf09e3d3990d164f58cc104d0ab037b470a25ecbf6d57b05387b","2023-12-31T20:30:00.000","2023-12-31T20:30:00.000","3","0",,,"24","24","40","6.08","0","0","46.58","Credit Card","5 Star Taxi","41.901206994","-87.676355989","POINT (-87.6763559892 41.9012069941)","41.901206994","-87.676355989","POINT (-87.6763559892 41.9012069941)"
"546daf3d0439a5a7b7d4ac3216f43f8a91d4527b","18332569daad955f48c8d965fe85ef855858a72ae12e21b7bf176ccc9bfede27311ae84c604c8dba0f1d22c290ad9f78856d2d0d1ef172f0402c9fa31fb8204d","2023-12-31T20:30:00.000","2023-12-31T20:30:00.000","243","0.55","17031320100","17031081403","32","8","4.75","2","0","1.5","8.75","Credit Card","Chicago Independents","41.884987192","-87.620992913","POINT (-87.6209929134 41.8849871918)","41.890922026","-87.618868355","POINT (-87.6188683546 41.8909220259)"
"f2dced0aae66850bf3aad273dcd8e57964a22723","c85b14c46a0a7fc5391cdfbf0a516073a276dca0cf6a985e8796935fafbe8376fb4b6d81af836a64a2b5324cbeb8e13cc73d5be94eee3529e0d83a91af265a77","2023-12-31T20:30:00.000","2023-12-31T21:00:00.000","1380","0",,,"76","24","57.54","5","0","0","62.54","Credit Card","Chicago Independents","41.980264315","-87.913624596","POINT (-87.913624596 41.9802643146)","41.901206994","-87.676355989","POINT (-87.6763559892 41.9012069941)"
"87220450944d8ae0e08324d4c1d585246ba92c1e","e97ff21e0c8f655aa03ec62fbccdf33578a21516535ce7b13f4e1801542d2c8cfadb09631d5cf772da86f18e74d054b1b5f19285a9dde394cc217cced353068a","2023-12-31T20:30:00.000","2023-12-31T20:30:00.000","390","1.45",,,"7","24","9","2.1","0","0","11.1","Mobile","City Service","41.922686284","-87.649488729","POINT (-87.6494887289 41.9226862843)","41.901206994","-87.676355989","POINT (-87.6763559892 41.9012069941)"
"0c570b9f66587d0ef14e5c56f9c0f3574e1a77a7","bca79085da78d157007711d04c6e06f655ee5eafb1e5b654033c2f34fcea1d1fd230b48cff6ab67c598d1baa406d0689fd207404711267f2d56fdd93e3a0e6ec","2023-12-31T20:30:00.000","2023-12-31T21:00:00.000","1980","12.26",,,"76","77","33.25","7.95","0","6","47.7","Credit Card","Flash Cab","41.980264315","-87.913624596","POINT (-87.913624596 41.9802643146)","41.9867118","-87.663416405","POINT (-87.6634164054 41.9867117999)"
"24f0e33d0accd1e9b88b778814ff251ef1ce1d5e","c3fe9312c9722befcf39d581225faa3d8dfae24c783c7443d360a6ffd567782720616e61ad54176b81d68a5611199c2fa710d69cc8427bc3d9d08bd8f9bab052","2023-12-31T20:30:00.000","2023-12-31T20:30:00.000","665","2.86",,,"7","8","9.92","3.54","0","0","13.46","Mobile","City Service","41.922686284","-87.649488729","POINT (-87.6494887289 41.9226862843)","41.899602111","-87.633308037","POINT (-87.6333080367 41.899602111)"
"74582db741a5b57c5a999992163c04ebc7b64912","4399985da5ca143d850858bc197bf4a744366cfc19bb86db009acacf2c15ee12944e1647c09ad85dc966eff4a0f2cb5540ac336fd895743f5bd7cf144e4a190b","2023-12-31T20:30:00.000","2023-12-31T20:45:00.000","917","6.21",,,"76","10","18.5","4.8","0","5","28.8","Credit Card","5 Star Taxi","41.980264315","-87.913624596","POINT (-87.913624596 41.9802643146)","41.985015101","-87.804532006","POINT (-87.8045320063 41.9850151008)"
"f1394b7c050df9a987d605b66ca23ad6840f529c","d49aa86282666bf46ee41b825c4697a6e18532cbcb484a1377aed277ce9b0a18ea11b9330a04bda0ebd45f9a06cc8e575522b8b40c08ccb8c3eafb3f069797c6","2023-12-31T20:30:00.000","2023-12-31T21:00:00.000","1260","5",,,"14","6","16","0","0","0","16","Cash","Chicago City Taxi Association","41.968069","-87.721559063","POINT (-87.7215590627 41.968069)","41.944226601","-87.655998182","POINT (-87.6559981815 41.9442266014)"
"dcd72cc486742dabf513fd040f6364e39cb06d4e","cedeef3646a2dacfb67265f39bf7acfd3a0f0954434a4cfbfce78c3b8e01fbe8a12fc4a11917014fc3523e3d7ac796b0755bab6f2b28da84ea7c4c6fd27ce775","2023-12-31T20:30:00.000","2023-12-31T20:30:00.000","232","0.49","17031081403","17031081500","8","8","4.25","0","0","2","6.25","Cash","5 Star Taxi","41.890922026","-87.618868355","POINT (-87.6188683546 41.8909220259)","41.892507781","-87.626214906","POINT (-87.6262149064 41.8925077809)"
"5996a81a09c22079dfa640f210db54e61578b91d","d4e172502a18df80190c19176a06c0d9344f71abdbe521e964ad99caae1c73860f3f1f7cc96e1dcac410fbe9aba385af639ef03c028b0453429bbfb67e78010b","2023-12-31T20:30:00.000","2023-12-31T20:45:00.000","1231","1.73","17031081300","17031081402","8","8","11","0","0","0","11","Cash","Globe Taxi","41.898331794","-87.620762865","POINT (-87.6207628651 41.8983317935)","41.891971508","-87.612945414","POINT (-87.6129454143 41.8919715078)"
"dc8d6ed00f0084ef8924c83a68ebd7b920561626","f509c57d2f0b196f54d9b751ce2a1b6e956f378841b1e88b178bed2240a6aa347b50ef81087dff1f91efb1a52f5580848cd8467316b6eb4d02f2642814b8996e","2023-12-31T20:30:00.000","2023-12-31T20:45:00.000","1256","10.56",,,"8","43","28.5","0","0","0","28.5","Prcard","City Service","41.899602111","-87.633308037","POINT (-87.6333080367 41.899602111)","41.761577908","-87.572781987","POINT (-87.5727819867 41.7615779081)"
"20caa4890472b2c4c4caeb28d16412f4fbb156aa","707bf241e39c6a1e051cc7f153487e9f2d65801042cb031cdcd693bdf0eb3d22a9e2089eef897457ea8db41a281076181af5ad2592b3257cc94edd1eb19d8c0d","2023-12-31T20:30:00.000","2023-12-31T20:45:00.000","1380","11.7",,,"33","52","30.25","0","0","0","30.25","Unknown","Taxi Affiliation Services","41.857183858","-87.620334624","POINT (-87.6203346241 41.8571838585)","41.707311449","-87.534902901","POINT (-87.5349029012 41.707311449)"
"9c662485df5f9bb0d945f695ea8bfca51a994f0c","e533bfdc483206f9c02c1c879a118d88f0a3ca1cd2703f3cf88e318716bbbb0c71d5f1c5f86b042b4ee1a06dbc750fa840acec0ebaf5fc1d90edbdc215114a1d","2023-12-31T20:30:00.000","2023-12-31T21:00:00.000","1373","19.33","17031980000",,"76",,"47","0","0","30","77.5","Credit Card","Flash Cab","41.97907082","-87.903039661","POINT (-87.9030396611 41.9790708201)",,,
"274c690803a346d55689383bca34ed70c4c25500","d41e198fbed96bdbe8649a6c626cfeb16e5f82ca39a0c72bde5344a5166779475e0035d83523884b2e5d36ec55f91f94101f6e7c35bb3d056464c726614f1a81","2023-12-31T20:30:00.000","2023-12-31T20:45:00.000","1089","12.49",,,"76","22","32","4","0","4","40.5","Credit Card","Medallion Leasin","41.980264315","-87.913624596","POINT (-87.913624596 41.9802643146)","41.92276062","-87.699155343","POINT (-87.6991553432 41.9227606205)"
"1dd5e36706307fa66decd9b083ecbbfeefc5e79d","9de14279ac4dc5696c73c13b07b0aaf2b1a1796dda9f4c4d2c809598181f772b8a0222f63fbb99d13f5d673fed0a2b5128aee90d2ded26e3536e50dfbe6277ec","2023-12-31T20:30:00.000","2023-12-31T20:45:00.000","339","0.92","17031081500","17031320100","8","32","6","0","0","2","8","Cash","City Service","41.892507781","-87.626214906","POINT (-87.6262149064 41.8925077809)","41.884987192","-87.620992913","POINT (-87.6209929134 41.8849871918)"
"dc04afdedf355c42845bccca1e39008c09f1729a","f8f44c9d76773e3c761356078d786b151d2f206685454f64f76736d54bda25d7b9b96bb2271718561132707b3d65d14afbd26f146b8e6f659013376c82989ce0","2023-12-31T20:30:00.000","2023-12-31T20:30:00.000","60","0",,,"76","76","4.25","0","0","0","4.25","Cash","Taxi Affiliation Services","41.980264315","-87.913624596","POINT (-87.913624596 41.9802643146)","41.980264315","-87.913624596","POINT (-87.913624596 41.9802643146)"
"efc120af572e9945d3e3ccf7dd02e1b5deb6bc92","dd38b7cebd5414ae2b17595c68048ff8745c5147487c6c21819daf489517055192acf8e79b37a52b929601021940f63b5fcae96aa07346acff8bc4298fdc9be6","2023-12-31T20:30:00.000","2023-12-31T21:00:00.000","1380","11",,,"28","69","29.75","0","0","0","29.75","Unknown","Taxi Affiliation Services","41.874005383","-87.66351755","POINT (-87.6635175498 41.874005383)","41.763246799","-87.616134111","POINT (-87.6161341112 41.7632467988)"
"db7f9af94aa3aca360ea2bf0e49a36b97ec01a1c","63d895bf335c522af83a8f2c608e31bb46a5d78cde4df21dbed059b4c61798625c7eb0591a46fd6224d257d5eae6519b621fb341a45510bced64a821f81b7fa6","2023-12-31T20:30:00.000","2023-12-31T20:45:00.000","853","6.76",,,"76",,"19","0","0","4","23","Cash","Blue Ribbon Taxi Association","41.980264315","-87.913624596","POINT (-87.913624596 41.9802643146)",,,
"02cf02d7b703506fdb0bf90f345c908216f6982b","5fcbc591653ef40e9c13064b3f546bbed4fabf421ed70e173111c53f0c144c91ddbc5da9562067e85aada81f948e314d393572b818600c4f671961408e73d414","2023-12-31T20:30:00.000","2023-12-31T20:30:00.000","614","2.72","17031081401","17031842300","8","24","9.3","2.36","0","0","11.66","Mobile","Sun Taxi","41.89503345","-87.619710672","POINT (-87.6197106717 41.8950334495)","41.89830587","-87.653613982","POINT (-87.6536139825 41.8983058696)"
"b8d3484d055caca2d5d172e5715a6e43dd708c31","2c1267cbb5667c1f61fe7807c2fd963de1ed9b17851fd3d3b4df9f1df8f7eedff1ebb08069a0da1e890787c12429efe98e46e3cb8d0f0bd68786b9477a5826bc","2023-12-31T20:30:00.000","2023-12-31T20:45:00.000","984","0",,,"22","6","12.03","2.84","0","0","14.87","Mobile","Flash Cab","41.92276062","-87.699155343","POINT (-87.6991553432 41.9227606205)","41.944226601","-87.655998182","POINT (-87.6559981815 41.9442266014)"
"db6fd7f755f43bb9efc37493181b247a5e1eef9e","5a39ce6735602a410710f5173b102bdb27ae488239ef0b2dcec86b71cf7a6e42eda6991f40da24348ebd3df073966ab8afb5db8af747675ef7a87a17992e1277","2023-12-31T20:30:00.000","2023-12-31T20:45:00.000","755","1.5",,,"8","8","9","2.18","0","1","12.18","Mobile","Sun Taxi","41.899602111","-87.633308037","POINT (-87.6333080367 41.899602111)","41.899602111","-87.633308037","POINT (-87.6333080367 41.899602111)"
"09acf7f34adbbfc81d8f80c91fb7d9212656b9a9","a542a0925c3905b90f56c23d5d6243e815695666f0c0e5a50a794d2e9de7351ec23079fb810b7d9e55f6a206468ce01aa444c6bb0a5d77d15383c8c48dc4ece4","2023-12-31T20:30:00.000","2023-12-31T20:30:00.000","540","0","17031320600","17031081700","32","8","7.5","0","0","1","8.5","Cash","Taxi Affiliation Services","41.870607372","-87.622172937","POINT (-87.6221729369 41.8706073724)","41.892042136","-87.63186395","POINT (-87.6318639497 41.8920421365)"
"384ffa293af0d02a0d1256bb9d42e53e9422db4e","763ae7383c3fd4eb95375759ee5d926e3309fa63656a57782b9353f91183c0ca5fbe53a103713c6ae89a95523ef83c69da0c591c42ba40502edf725d4ea4f6fb","2023-12-31T20:30:00.000","2023-12-31T21:00:00.000","1500","0.6",,,"76",,"27.25","6.95","0","7","41.2","Credit Card","Taxi Affiliation Services","41.980264315","-87.913624596","POINT (-87.913624596 41.9802643146)",,,
"6b416add58f66b3d93e88a206aac4ec33b952c94","3c0868927194b2901fad4463dea178de530dc0ed3f7888c5720390737f01deab51fa305e015456e35d4fdf033da0186c813d9ef637061e033e3598caf7e9d49d","2023-12-31T20:30:00.000","2023-12-31T21:00:00.000","1813","17.77","17031980000",,"76",,"100","0","0","0","100","Cash","Sun Taxi","41.97907082","-87.903039661","POINT (-87.9030396611 41.9790708201)",,,
"4dcd4df6ffabc774dd34c4b1236fc87b6ed2814e","5cffb97a6fd517bd5bc14f2d55ded4698066eb285e8c0234d27f2539212b3732e8c43290d848a8a381934266de9f681f38cb9c40abd39ce41a45c34321eb9eb8","2023-12-31T20:30:00.000","2023-12-31T21:00:00.000","1522","14.12",,,"76","6","36.25","8.15","0","4","48.9","Credit Card","5 Star Taxi","41.980264315","-87.913624596","POINT (-87.913624596 41.9802643146)","41.944226601","-87.655998182","POINT (-87.6559981815 41.9442266014)"
"a70a890d47ef170c395c6cbdbe784b5b5554713e","a5af44e477d4a113284fc380e77366cecd26cf2d5dcf668a27be74b6eb2b50ad4c73271ffb06bbd4e7d22b1369bcaf63e6b416ee94ea20d07a8328674eb9be91","2023-12-31T20:30:00.000","2023-12-31T21:00:00.000","1768","18.69","17031980000","17031081401","76","8","46.75","7.91","0","5.5","60.66","Credit Card","5 Star Taxi","41.97907082","-87.903039661","POINT (-87.9030396611 41.9790708201)","41.89503345","-87.619710672","POINT (-87.6197106717 41.8950334495)"
"0c1c701a4d5b54f2e5c09b446f42fdac8b1819cc","ac1f0defd00d6b7417e39256ebe1cad16b64955f9a64f2eaecee6f54e52ec118133f687c8b6603d6e9a27d86a8921fc30e1458e804686d05f9cb83751fac3382","2023-12-31T20:30:00.000","2023-12-31T21:00:00.000","1860","0","17031980000","17031081300","76","8","45.25","0","0","4","49.25","Cash","Taxi Affiliation Services","41.97907082","-87.903039661","POINT (-87.9030396611 41.9790708201)","41.898331794","-87.620762865","POINT (-87.6207628651 41.8983317935)"
"4dfe8295dd7b22d2ec0dd59560c3cf6b2b107706","f8885a88420906f7a1f6859d9951b4df65c56c52e9ad0bd395a43efb7ed2a264130b01b70984e914e6a4c12c5dcbe18189ad0770a34e7ff2f05d8dd6f5b32642","2023-12-31T20:30:00.000","2023-12-31T20:45:00.000","406","1.04",,,"8","8","9","2.22","0","0","11.22","Mobile","Chicago Independents","41.899602111","-87.633308037","POINT (-87.6333080367 41.899602111)","41.899602111","-87.633308037","POINT (-87.6333080367 41.899602111)"
"73d76f983376827b82b54a787853877ccc0ed751","253812852c69e45c1e67580db8752b943958e86ef3608782ba482066751586ec757321c039920844f7812aada604f1ac042b7eaf030b6b4ef483b96be9c7fe41","2023-12-31T20:30:00.000","2023-12-31T20:30:00.000","184","0.48","17031081201","17031081300","8","8","4.5","0","0","0","4.5","Cash","Taxicab Insurance Agency Llc","41.899155613","-87.626210532","POINT (-87.6262105324 41.8991556134)","41.898331794","-87.620762865","POINT (-87.6207628651 41.8983317935)"
"ed7c46c6d498a6f82766a16133b36107f82ebd6c","d94f7ec4baf6952b7f0ac3422c0acddedae3828ade423e9566b14f55c000fd08354c5e1fee325d25b22fd049075f1327971299da88af65b9232fdf6ca0e51ab1","2023-12-31T20:30:00.000","2023-12-31T20:45:00.000","600","2.9",,,"33","28","10.75","0","0","0","10.75","Credit Card","Choice Taxi Association","41.857183858","-87.620334624","POINT (-87.6203346241 41.8571838585)","41.874005383","-87.66351755","POINT (-87.6635175498 41.874005383)"
"608fc043b1f30173de58b1b870d0e12591d01ae2","565d45f83a15ee7d65f7e519ebd063597b2e7e4ef6309038af538a0091ba887e72011276f3c1f3a051eb1194c6af5cff4e431e1628b6649b6092c43f7a48fcf1","2023-12-31T20:30:00.000","2023-12-31T21:00:00.000","1291","16.1","17031980000","17031242200","76","24","39.75","9.05","0","5","54.3","Mobile","Sun Taxi","41.97907082","-87.903039661","POINT (-87.9030396611 41.9790708201)","41.899589796","-87.674719134","POINT (-87.6747191345 41.8995897957)"
"ecf8b0b65813c4126048d26b5402193973c1919b","4477f5eda3c0c9379d7526db1b5029184a7d75a2adcad3b338b20c83f351865360b02546bc50125c663edc0ed86b206261dc50f7f002199e4d0880802c51311d","2023-12-31T20:30:00.000","2023-12-31T20:45:00.000","439","0.75","17031320100","17031081401","32","8","6","0","0","0","8.5","Cash","Medallion Leasin","41.884987192","-87.620992913","POINT (-87.6209929134 41.8849871918)","41.89503345","-87.619710672","POINT (-87.6197106717 41.8950334495)"
"9afd965a83d9d2c33db093ee29e4271c392417e1","80dfad24d2431332619d27e7cc7d874a2a3ae2e6dc00f7f62b873c39b0196397cde05c516ca57de730999bac78e27c33fed120d7bcd45ffefce39e97b30c85f0","2023-12-31T20:30:00.000","2023-12-31T20:30:00.000","610","1.04","17031081100","17031081700","8","8","7.5","1","0","2","11","Mobile","City Service","41.900221297","-87.629105186","POINT (-87.6291051864 41.9002212967)","41.892042136","-87.63186395","POINT (-87.6318639497 41.8920421365)"
"9a762f55440a653e3efdf0957aae205355c93164","7274daf07dd4da878465e03ee2f72165d7e044bcde1c2c0c6ae74a0cc1626b8f4bbf895d70b18d522bc2be82dd058ea0a35e9105b3aed6dd912916bd170981d9","2023-12-31T20:30:00.000","2023-12-31T20:45:00.000","919","0",,,"33","6","17.24","4.02","0","0","21.26","Mobile","Flash Cab","41.857183858","-87.620334624","POINT (-87.6203346241 41.8571838585)","41.944226601","-87.655998182","POINT (-87.6559981815 41.9442266014)"
"593e4801ee5c23302851fe13805df44d66ec40f3","f5b5de5c0c42601f6878d82eeb1984d06c977aab60cb0d5b8d43bda03e10446f74011ce03de186ce73ffce10190ee946e0038ab34f1e134adddf264dfa810bbd","2023-12-31T20:30:00.000","2023-12-31T21:00:00.000","1620","0.7",,,"6",,"32.75","0","0","0","32.75","Unknown","Taxi Affiliation Services","41.944226601","-87.655998182","POINT (-87.6559981815 41.9442266014)",,,
"ece6aa76c073ff7e07c845d83bf980ff358dbb73","643bb93d2492e6eda6e928f41ec8e1cb906c3d8bf0dbd9ce7fde2198df5f74ad6159ef5666261e8ebb11e028a0c6f237ca96cccb30ef17857338822abb5f4bf7","2023-12-31T20:30:00.000","2023-12-31T20:30:00.000","387","0.62","17031081500","17031081700","8","8","5.75","3","0","1","10.25","Credit Card","Sun Taxi","41.892507781","-87.626214906","POINT (-87.6262149064 41.8925077809)","41.892042136","-87.63186395","POINT (-87.6318639497 41.8920421365)"
"45b13a98b3ab0c01b83a49045f84dee18d6c3a4c","c17582be31089967bcc79faa83fe8c0f7521a55e172fa83398c78255eeace47b45af0bbbd241d68db5b8c6e139c93c5e39be80db33402a1a37a22657c74475cf","2023-12-31T20:30:00.000","2023-12-31T20:45:00.000","479","1.13",,,"8","8","6.75","0","0","0","6.75","Cash","Medallion Leasin","41.899602111","-87.633308037","POINT (-87.6333080367 41.899602111)","41.899602111","-87.633308037","POINT (-87.6333080367 41.899602111)"
"3a25f2b3e741f30909bc75395a848e2514597bf7","268adf547f9027a7e3272f0c2ca392dba34fd3e2e1fd4adf868ba868605cb2948221a4eb23ccda3ebe05996a32f12138f82a0b981c5c7baa75f76075d7f4b975","2023-12-31T20:30:00.000","2023-12-31T20:45:00.000","468","1.37","17031081401","17031080300","8","8","7","2","0","0","9.5","Credit Card","Flash Cab","41.89503345","-87.619710672","POINT (-87.6197106717 41.8950334495)","41.90749193","-87.63576009","POINT (-87.6357600901 41.9074919303)"
"86350fad8e827166799fe8762d95c92e84fcefb5","00f4b381570486f8575cbaa57ed41f116ed2e1f9d85f73bb2f6dba13a72541761d2ad4cb1727990d97795a2b0bdd99f0e4a8826245c81dac443cebb1c19b26fb","2023-12-31T20:30:00.000","2023-12-31T20:45:00.000","1560","0.8",,,"76","6","34","8.05","0","6","48.05","Credit Card","Taxi Affiliation Services","41.980264315","-87.913624596","POINT (-87.913624596 41.9802643146)","41.944226601","-87.655998182","POINT (-87.6559981815 41.9442266014)"
"493964eb6a9754bfc9b0d8f779b95d2cd9d539d1","0b9152b7405a9c87621a0ce10065993f133753a744b1d8dd029368ffca49284501f91464e5e9565940d1adc2adb59e76de17090fd46ce21b8865f43530075677","2023-12-31T20:30:00.000","2023-12-31T20:30:00.000","480","1.1","17031081700","17031081300","8","8","6.5","0","0","0","6.5","Cash","Globe Taxi","41.892042136","-87.63186395","POINT (-87.6318639497 41.8920421365)","41.898331794","-87.620762865","POINT (-87.6207628651 41.8983317935)"
"6f874eaa6af7d9a896b863f707ca09ac5d775ccd","5243796f344a1e5abd1916c3ae67465a37aa16436c8ba48787ff6fd13c51db9330c223074a4faababf957be9ab1de76c731d0ae613fd78b8b0595f357591ebc2","2023-12-31T20:30:00.000","2023-12-31T21:00:00.000","1509","14.49",,,"76","6","37","8.3","0","4","49.8","Credit Card","Sun Taxi","41.980264315","-87.913624596","POINT (-87.913624596 41.9802643146)","41.944226601","-87.655998182","POINT (-87.6559981815 41.9442266014)"
"326045df760db8a32f8363adaea81c24306f6d5a","da6780f1544c235ad2b71e14522482347d180a08ba4622b6c6e5e003d3edecd3c00aa0da34874e73d207677cfa93c6181e987addccb0f0b681efca2562cd17af","2023-12-31T20:30:00.000","2023-12-31T20:30:00.000","360","0",,,"8","8","6","3","0","1","10","Credit Card","Taxi Affiliation Services","41.899602111","-87.633308037","POINT (-87.6333080367 41.899602111)","41.899602111","-87.633308037","POINT (-87.6333080367 41.899602111)"
"9a3007d856f7371fe7e692e6ac393a8b99869ddf","0cae7ec64456b1830bd58df1991f046410f5506cf28b3aa16b6d5c4940b44ff0ca069324233093161b43d212c2c5eac61536cfa6e3284117bb62ee4105e945b1","2023-12-31T20:30:00.000","2023-12-31T21:00:00.000","1500","0.6",,,"3","33","26","0","0","0","26","Unknown","Taxi Affiliation Services","41.96581197","-87.655878786","POINT (-87.6558787862 41.96581197)","41.857183858","-87.620334624","POINT (-87.6203346241 41.8571838585)"
"05f7495ced2ca2e686b76bb487f60f4252e93a5b","5da013ec65199c182be94d5f8a640d1f0981620378d3f049dd54130737aab7cfd001918946c8ece01c3565a76531d192a719590c8b2abe2909777162ee50fc5e","2023-12-31T20:30:00.000","2023-12-31T20:45:00.000","698","1.59","17031281900","17031081500","28","8","8.5","3","0","0","12","Credit Card","Chicago Independents","41.879255084","-87.642648998","POINT (-87.642648998 41.8792550844)","41.892507781","-87.626214906","POINT (-87.6262149064 41.8925077809)"
"ebdbe7ce25ac43cc9f9c5f5b0e0a38317f1eb4aa","2a342ab47780aec1f79d04cc913ac20c099335d24571cdf1ed325dd3ae89de9b9454d6cfd6d1fde8c019aff7ba6d310befad1bd38b53262113ec9b6a8358692a","2023-12-31T20:30:00.000","2023-12-31T21:00:00.000","1568","14.58","17031980100","17031080100","56","8","37","10.38","0","4","51.88","Credit Card","Sun Taxi","41.785998518","-87.750934289","POINT (-87.7509342894 41.785998518)","41.907520075","-87.6266589","POINT (-87.6266589003 41.9075200747)"
"09a5f0c843422fcf0c4ba7a68445d18fd767bedd","b951b7af9a405d88275b77b6a04970bc2085661297b5e62a397c8e1431d3e86ed4b7a2ae5f5818bfd16b8656bbbbbc830221458b697de216dccc749720884b0d","2023-12-31T20:30:00.000","2023-12-31T20:30:00.000","213","0.43","17031081700","17031081800","8","8","9","0","0","0","9","Mobile","5 Star Taxi","41.892042136","-87.63186395","POINT (-87.6318639497 41.8920421365)","41.89321636","-87.63784421","POINT (-87.6378442095 41.8932163595)"
"8dd0bc81c8e8dccf2b10598e689d13c00d95d2c4","5f9b8ebe05b8a28245cdc7b2c203aa8997bd86c7d87b05ced10faba715b760bbc484f3cb5f219abad87a2077054c1aeb1fcaacf348d9c9a60a82b0cacf67d00b","2023-12-31T20:30:00.000","2023-12-31T20:30:00.000","155","0.1",,,"76","76","4","0","0","5","9","Cash","5 Star Taxi","41.980264315","-87.913624596","POINT (-87.913624596 41.9802643146)","41.980264315","-87.913624596","POINT (-87.913624596 41.9802643146)"
"bb546913f848e167f32f9b4159523c2f4c50e47e","dd49823dc32cc1ab686ed5873c2652d7bc1ffde6aac7ccc173d124a3a094d8e97ffe907fffd1257e2b27c17b44d352a0cd138df02ba89c3c27b7d3bc28a23a22","2023-12-31T20:30:00.000","2023-12-31T20:45:00.000","241","0.93",,,,,"5.75","0","0","0","5.75","Cash","Medallion Leasin",,,,,,
"a4ffcfa519b4d193e422078f300e60003b1afc84","90d83b1a646ae05a1b32e9a0ee7a13e01a41d34ae8c8031f3f416e02327109884e4f55a8a6d6fc5eaa9ea6393d3a367f99d8cec474f02a2ed7c13233d91e9c9b","2023-12-31T20:30:00.000","2023-12-31T21:15:00.000","2760","12.7",,,"76","2","36.75","0","0","5","41.75","Cash","Chicago City Taxi Association","41.980264315","-87.913624596","POINT (-87.913624596 41.9802643146)","42.001571027","-87.695012589","POINT (-87.6950125892 42.001571027)"
"ddac871a541056086832dffd2340a4f3d1768eac","09ae211e637ee26a0648e80fc833f0c709d25775b2332ff7407bca698ad34546f2b3e04169204d4ffb7758ccda299ae2c76d753046a3dfd74a4833a8f7aac9d6","2023-12-31T20:30:00.000","2023-12-31T20:30:00.000","337","0.9",,,"8","8","9","1.11","0","0","10.11","Mobile","Chicago Independents","41.899602111","-87.633308037","POINT (-87.6333080367 41.899602111)","41.899602111","-87.633308037","POINT (-87.6333080367 41.899602111)"
"4c1941d45bb20ea08b4a20738e83ccb86afde09f","e5d37daef01a6f52e47d06cab1590918df8f15f86e90637d9d880fd21992652993bf8f1b41f04cf8db9adf1208c05488b57c7fa4633c02ef846371d951eabb57","2023-12-31T20:30:00.000","2023-12-31T21:00:00.000","1740","16.4",,,"76","8","41.5","11.5","0","4","57","Credit Card","Taxi Affiliation Services","41.980264315","-87.913624596","POINT (-87.913624596 41.9802643146)","41.899602111","-87.633308037","POINT (-87.6333080367 41.899602111)"
"09232e55e77ce233c7c3f2e730f47897631762f9","5067aae3d9e1474101b1df5c6b7fe79389e429ea7d820315b964dade113f9db00fd09bdaae86c17e22b9e197059dbc86b2c7e36ce25358737993f757f0b26e94","2023-12-31T20:30:00.000","2023-12-31T20:45:00.000","695","4.82",,,"7","3","13.22","1.65","0","0","14.87","Mobile","Flash Cab","41.922686284","-87.649488729","POINT (-87.6494887289 41.9226862843)","41.96581197","-87.655878786","POINT (-87.6558787862 41.96581197)"
"273d65cfc1609d3e1f0b721bba66290513959ce6","d7a7bb002b49257d43e0f0c00702f1182ba37f9eda065c59f7d6d8645c644bae9b6734ea9d5d035b6849da9b4fa4d5da10ef248d03d7e1fbcd302dddb964cdbf","2023-12-31T20:30:00.000","2023-12-31T20:45:00.000","1760","12.42",,,"76","4","33","9.75","0","5.5","48.75","Credit Card","Sun Taxi","41.980264315","-87.913624596","POINT (-87.913624596 41.9802643146)","41.975170943","-87.687515515","POINT (-87.6875155152 41.9751709433)"
"c7a3ad72498965c358a41a7b261ae63d0ad3bbfc","196d0cab116da01f1cb8685842d0ce1052d6e0b368d7d5cd560154f6d7a7f0b94903fbd090629f3172f2103f9b3eaf359d0024e4c29007ab571c961ee2241f67","2023-12-31T20:30:00.000","2023-12-31T21:00:00.000","1620","0.8",,,"76","7","34.75","7","0","7","48.75","Credit Card","Taxi Affiliation Services","41.980264315","-87.913624596","POINT (-87.913624596 41.9802643146)","41.922686284","-87.649488729","POINT (-87.6494887289 41.9226862843)"
"a434ec3d345770cf178493578ea332f02ec526c8","52ca9a97ddafa021d0588c76040babc4e8ddeb917c9dc4a15b72e7348617e0dd086b830349f04a33a5d29e5eee3dfb7ec11abc598e1748a2b70b497662558f96","2023-12-31T20:30:00.000","2023-12-31T21:00:00.000","1613","12.96",,,"76","5","34","7.7","0","4","46.2","Credit Card","Flash Cab","41.980264315","-87.913624596","POINT (-87.913624596 41.9802643146)","41.947791586","-87.683834942","POINT (-87.6838349425 41.9477915865)"
"c71e3c3ae06136125d8e2889a7c2f121636701a0","694d1417f20bc465bf6f926a2893ffda7512bba4d930213eb1f83f714e088037a3fafa54f8a96504e07a1c288093de746de32375e8666f842af0a6224d84bb6d","2023-12-31T20:30:00.000","2023-12-31T21:15:00.000","2157","18.18",,,"56","4","46","0","0","5","51","Cash","Taxicab Insurance Agency Llc","41.79259236","-87.769615453","POINT (-87.7696154528 41.7925923603)","41.975170943","-87.687515515","POINT (-87.6875155152 41.9751709433)"
"a4032768f460756b2236225363c250e24eadd936","314f48fcaf3556a8f1c5a32b497057bb479a7afded63d262a5bd50d85a12ee308958f096b3a375648d64eee4bf19d6be55358257fd31009f88c04da6cac3d0c8","2023-12-31T20:30:00.000","2023-12-31T20:45:00.000","1469","15.72",,,"76","8","39.75","8.85","0","4","53.1","Credit Card","5 Star Taxi","41.980264315","-87.913624596","POINT (-87.913624596 41.9802643146)","41.899602111","-87.633308037","POINT (-87.6333080367 41.899602111)"
"73370272c0d08d88165f6abdbe80ed8af6d6b776","3835dded237bfc6b12d2181ec37148bd8385590f81597f643e6775df78ed87f2624ed43201cf94fdccdad7080da7a78290ff20e3c218834cc073389ebb82fb3c","2023-12-31T20:30:00.000","2023-12-31T20:30:00.000","530","2.73",,,"8","7","10.25","2","0","1","16.25","Credit Card","Blue Ribbon Taxi Association","41.899602111","-87.633308037","POINT (-87.6333080367 41.899602111)","41.922686284","-87.649488729","POINT (-87.6494887289 41.9226862843)"
"b3bda9e82a5d5a1728b028e54032ae2e4d26b578","dd49823dc32cc1ab686ed5873c2652d7bc1ffde6aac7ccc173d124a3a094d8e97ffe907fffd1257e2b27c17b44d352a0cd138df02ba89c3c27b7d3bc28a23a22","2023-12-31T20:30:00.000","2023-12-31T20:30:00.000","523","3.52","17031980000","17031770700","76",,"11.75","3.45","0","5","20.7","Mobile","Medallion Leasin","41.97907082","-87.903039661","POINT (-87.9030396611 41.9790708201)","41.982775009","-87.8773054","POINT (-87.8773053996 41.9827750091)"
"a3cb9bc85e77151774391b71d825ccce18860871","e64ae81fa38a2e8716a35dfa4e316dddd2eda286f5824e561efb5d5510089add938e5fcacd330751d5d02a2693418f6d31466234ec681cfedf115e9ccda9debf","2023-12-31T20:30:00.000","2023-12-31T20:45:00.000","1371","16.64","17031980000","17031081800","76","8","41.5","5","0","4","51","Credit Card","Sun Taxi","41.97907082","-87.903039661","POINT (-87.9030396611 41.9790708201)","41.89321636","-87.63784421","POINT (-87.6378442095 41.8932163595)"
"58ca122ed6eeb94d2c03122e4a978749e71caf65","aeae74b676d686b382b5a5ad197aa0b7dded703bce5bf3fdc459e6e91253ff97fdf4f3835b94e85003fb00ad3dc7ccff870f4c3c9e705d3abb6e485faa6f3085","2023-12-31T20:30:00.000","2023-12-31T20:45:00.000","635","2.93",,,"6","4","10.08","1.91","0","0","11.99","Mobile","Chicago Independents","41.944226601","-87.655998182","POINT (-87.6559981815 41.9442266014)","41.975170943","-87.687515515","POINT (-87.6875155152 41.9751709433)"
"eb0f0f2120d0acd6f6856146e84f4f71f98db7fe","64b71bd4e488e9c5571cdfcca045e7cb7a4abb0931f17b9689b4049c2a71df3161c216d73fd2cb53ba148afc4bb00df5bcdc9790cd679e9000319c12e37217e3","2023-12-31T20:30:00.000","2023-12-31T20:30:00.000","282","0.21","17031081403","17031081402","8","8","4.75","0","0","1","5.75","Cash","Flash Cab","41.890922026","-87.618868355","POINT (-87.6188683546 41.8909220259)","41.891971508","-87.612945414","POINT (-87.6129454143 41.8919715078)"
"7835fcb296e39d4dfcedb4a03a339c5bc57ff76c","6c1e4e8e25a1b47575b359c5a0844cf23c50e540a86ecd0716fcd41f8c69995471259465f9936a4f3f80ba88d9ef7a2f9f02c40102f1c5c21b8f23f77ef48d84","2023-12-31T20:30:00.000","2023-12-31T21:00:00.000","1023","4.59",,,"6","32","15.5","0","0","1","16.5","Cash","Flash Cab","41.944226601","-87.655998182","POINT (-87.6559981815 41.9442266014)","41.878865584","-87.625192142","POINT (-87.6251921424 41.8788655841)"
"08e9143322226219ba88ca6d649cfe39c01c66c9","0826a2682f598bf0e39aa460479bc87757bd2fcb72c171a07fbaac72f6647afa3aeab0500a096fb33452bf906e31d95a1944185caa22c398c198b261de059cb0","2023-12-31T20:30:00.000","2023-12-31T21:00:00.000","1793","8.24",,,"4","19","21.38","5.16","0","1","27.54","Mobile","Taxicab Insurance Agency Llc","41.975170943","-87.687515515","POINT (-87.6875155152 41.9751709433)","41.927260956","-87.765501609","POINT (-87.7655016086 41.9272609555)"
"66a301f458d8db9144b0bfae25fbce60910032e3","7f3eadd008844fca4c6c04421f054c09caa0585ca8797bc34dacc93a6f41cbf20a854ab87b19ce1ee607107c6e16ca994e213e41dd94c226bc4d12d9bef7d2ea","2023-12-31T20:30:00.000","2023-12-31T20:45:00.000","633","1.67","17031320600","17031081800","32","8","8.25","3","0","0","11.75","Credit Card","5 Star Taxi","41.870607372","-87.622172937","POINT (-87.6221729369 41.8706073724)","41.89321636","-87.63784421","POINT (-87.6378442095 41.8932163595)"
"5bb8177942d699f1d2b9534b9146f123383943c1","e637e1afe0dab0e2d04c635335602caf1045d43e3741c21eaea2a3507318a6a054a2ed9eb0a60db6bfd31b749a6fce3994639813662c25cf663ed4614cab4ec0","2023-12-31T20:30:00.000","2023-12-31T20:45:00.000","900","0.4",,,"76",,"21","4.5","0","6.5","32","Credit Card","Taxi Affiliation Services","41.980264315","-87.913624596","POINT (-87.913624596 41.9802643146)",,,
"36fe3565a485531f35f9152d09f4253a5c66d2ae","514cf6fcbb45930b05d82dadc8f9585c742d61e4323d5d9f4b90a8222efc5d95f8d9873bc28af6c1ec017c3ef9011b467d0f224f0b3c586ab1a96c2f31987022","2023-12-31T20:30:00.000","2023-12-31T21:00:00.000","1680","14.76",,,"76","6","37.25","0","0","0","37.25","Cash","Flash Cab","41.980264315","-87.913624596","POINT (-87.913624596 41.9802643146)","41.944226601","-87.655998182","POINT (-87.6559981815 41.9442266014)"
"8d1191b5b1b67f5865a9643a4b0830bbb71b42bc","9ac243b4bb4548e7214a248a491aa3ddddf391820e6c7b930ef83dfbbe1b5c7949124f32e696a68797f685661ee880b9be65fb3bf65c18c558a697dde86ba460","2023-12-31T20:30:00.000","2023-12-31T21:00:00.000","1114","11.64",,,"28","49","30.25","0","0","0","30.25","Prcard","Medallion Leasin","41.874005383","-87.66351755","POINT (-87.6635175498 41.874005383)","41.706587882","-87.623366512","POINT (-87.6233665115 41.7065878819)"
"ea266ee95900959dd74acee9c62d59e52893401a","3b084cc9045b3afc1c8bb8b5b76921d8e41c00494b15bdfc5d1d6e7a36fd63f2dd5acf5cdff5fe483a6facb786e1de836bea1a63d992f80c410c3f05ddea9106","2023-12-31T20:30:00.000","2023-12-31T21:00:00.000","1475","4.3",,,"32","7","14.12","3.31","0","0","17.43","Mobile","Globe Taxi","41.878865584","-87.625192142","POINT (-87.6251921424 41.8788655841)","41.922686284","-87.649488729","POINT (-87.6494887289 41.9226862843)"
"602a1dd8a5ca280b1bac941b6a28181c996feccd","bb580bc1fe37f0f3d911e4a7323a0e4d42a936c715699b15b4f851eff54648c0e9d19956a80b67f716975be3a0ae6b79dc9bcdddcbfd3890de8b4959e1974ef9","2023-12-31T20:30:00.000","2023-12-31T20:45:00.000","903","3.82",,,"8","7","11.03","2.61","0","0","13.64","Mobile","Flash Cab","41.899602111","-87.633308037","POINT (-87.6333080367 41.899602111)","41.922686284","-87.649488729","POINT (-87.6494887289 41.9226862843)"
"1d757b3b861d1c5ac166f068aadcc8e093905bf2","50fcee6711df1d794e4f337c99f44abe8109795ec69474fe5276c335e2a6204ec1158bef970303b2d6769c2c85cb302fd305d1365d0a13cbd860f1701e89106b","2023-12-31T20:30:00.000","2023-12-31T21:15:00.000","2032","18.47","17031980000","17031330100","76","33","47","7.88","0","5","60.38","Credit Card","Medallion Leasin","41.97907082","-87.903039661","POINT (-87.9030396611 41.9790708201)","41.859349715","-87.617358006","POINT (-87.6173580061 41.859349715)"
"b2a46667661b863da554f38925e834aa9e9a0d11","81092e4881f56106fae845c3ae4492f8b3c3213c33c92074805b52ebc1d357964d7766dbe8560f542415936bf66ca91e70f93c55b29af20b3c827da4b8cfb4f3","2023-12-31T20:30:00.000","2023-12-31T20:30:00.000","316","1.07",,,"77","77","6.25","0","0","1","7.25","Cash","Taxicab Insurance Agency Llc","41.9867118","-87.663416405","POINT (-87.6634164054 41.9867117999)","41.9867118","-87.663416405","POINT (-87.6634164054 41.9867117999)"
"4b08413b4151287b0f164113aefda1b5ab62bf51","c7a0a182e884af18d25c22584df83f14df5b044b900930885d55b2a2a5c0ddb23d2d3eadbb652b2e15b4167609d461a8af488b075a458d2ed19647feac570602","2023-12-31T20:30:00.000","2023-12-31T20:45:00.000","697","4.86",,,"76",,"15","4.3","0","6","25.8","Credit Card","Flash Cab","41.980264315","-87.913624596","POINT (-87.913624596 41.9802643146)",,,
"c56988dce497c4d3a312a6a686d807f93b4c40d0","4ba3690e7f7bde263c96de93e97af2af2545f6d16f06b7ebb4ebdf2e0808e40a2eb225589935ec91db11ccc6f33538288b54e4d28443a08396d8ab9288f047d7","2023-12-31T20:30:00.000","2023-12-31T20:45:00.000","243","0.61",,,"6","6","5","2","0","0","7.5","Credit Card","Flash Cab","41.944226601","-87.655998182","POINT (-87.6559981815 41.9442266014)","41.944226601","-87.655998182","POINT (-87.6559981815 41.9442266014)"
"7d782d2d47d87f793a7bc429e2ab0ff4be6c6cd7","435c3f0bb3774c35800330140eb6a9027c7f72033f0a60666b5ebf0b1ff751b19d89a5b0bd0ec0d1e5a5fec9022588d731cff99ee163e14200fc3a9cef16db3f","2023-12-31T20:30:00.000","2023-12-31T20:45:00.000","420","0","17031839100","17031320400","32","32","5.5","0","0","1.5","7","Cash","Taxi Affiliation Services","41.880994471","-87.632746489","POINT (-87.6327464887 41.8809944707)","41.877406123","-87.621971652","POINT (-87.6219716519 41.8774061234)"
"b14cb213ad550c8450b0fe539c13860e80128401","2d5970d2ce86bb2ea404275fbdd5fce016b817e71997614162a332641f9f7ab200a73fc14415ef76efa5eaf9877158da4da6f88a4f789c48710c1a23d6774602","2023-12-31T20:30:00.000","2023-12-31T20:45:00.000","698","0",,,"3","8","15.81","2.77","0","0","18.58","Mobile","Flash Cab","41.96581197","-87.655878786","POINT (-87.6558787862 41.96581197)","41.899602111","-87.633308037","POINT (-87.6333080367 41.899602111)"
"46e5359d95d5a409c382f2af258c97a0e72c427d","acad560bbc140c4015f4685c6559c93b61ccaf0f7d80143fa408d25169652c7b861a3be42e8fbcb91cac8da7e691489626884bc2bab1ae6015710cde1eab4e3f","2023-12-31T20:30:00.000","2023-12-31T20:45:00.000","1026","5.14",,,"32","7","16.5","0","0","1.5","18.5","Credit Card","Taxicab Insurance Agency Llc","41.878865584","-87.625192142","POINT (-87.6251921424 41.8788655841)","41.922686284","-87.649488729","POINT (-87.6494887289 41.9226862843)"
"3426228c5a4dd8402dbdba6889a3e2c95762c977","f8f44c9d76773e3c761356078d786b151d2f206685454f64f76736d54bda25d7b9b96bb2271718561132707b3d65d14afbd26f146b8e6f659013376c82989ce0","2023-12-31T20:30:00.000","2023-12-31T20:45:00.000","1440","0.8",,,"76","7","36.5","8","0","5","49.5","Credit Card","Taxi Affiliation Services","41.980264315","-87.913624596","POINT (-87.913624596 41.9802643146)","41.922686284","-87.649488729","POINT (-87.6494887289 41.9226862843)"
"c20f292c4caf4f377951093d4ba62045c5a9a24b","da1f1726f4ce251e2be79a9d7062ffb2298080117049d80900116e18d9beeb6892e561a91e53af84f46d513fd509b77070b532b85d6695dede4bc1eecbaaaaf6","2023-12-31T20:30:00.000","2023-12-31T20:45:00.000","600","2",,,"8","6","9","2","0","0","11","Credit Card","Taxi Affiliation Services","41.899602111","-87.633308037","POINT (-87.6333080367 41.899602111)","41.944226601","-87.655998182","POINT (-87.6559981815 41.9442266014)"
"1fb5731de50570a82bb3c209775d3792948c311c","f6d1b6c930d62f6d8cbbd8f86a593ff057408c82f764744a7a38ee63957a74b84eaeea80224ea3a0021ba1572323a282530b0659b5e1ce48d04939eacb504060","2023-12-31T20:30:00.000","2023-12-31T20:45:00.000","783","2.78","17031320100","17031330100","32","33","11","3.12","0","1","15.62","Credit Card","Chicago Independents","41.884987192","-87.620992913","POINT (-87.6209929134 41.8849871918)","41.859349715","-87.617358006","POINT (-87.6173580061 41.859349715)"
"6ae38999bb799ae73a28f1152a6658baa3553d95","6436b1ea087d8dd1c5b6393c8c3331353195b37673bfa29193e13df48096dee0d000a539e29ae747b828e217e5332d50473ff67e4f8ec5fbae89504eaf36e1f2","2023-12-31T20:30:00.000","2023-12-31T21:00:00.000","2254","35.42",,,"76",,"107.28","0","0","0","107.28","Cash","Flash Cab","41.980264315","-87.913624596","POINT (-87.913624596 41.9802643146)",,,
"11fd9689bc0330890eb0b2db0077eb5003507d7e","524bfb96fdc1b3d414cade414c1dbc14c16402eb60137fe97a06902a4930db9a1c5f7e4dfef9eb3d861524fefbd4a89688a870ddcedf3532f37477da5b23ffd0","2023-12-31T20:30:00.000","2023-12-31T20:45:00.000","1200","0",,,,,"15","0","0","5","20","Credit Card","Taxi Affiliation Services",,,,,,
"58d803f6933259986896c24f28702079c8e779e5","58c784c628cc2b0b77468e6a406acea729301abbc17a6240eed68ac3b5ce5a9378deffab5b2b940db6c83e7c9553eacd8fdb8d10593e071cefffe2b388af3bd7","2023-12-31T20:30:00.000","2023-12-31T21:00:00.000","1474","16.25","17031980000","17031080100","76","8","40.5","9.2","0","5","55.2","Mobile","Taxicab Insurance Agency Llc","41.97907082","-87.903039661","POINT (-87.9030396611 41.9790708201)","41.907520075","-87.6266589","POINT (-87.6266589003 41.9075200747)"
"e7d51cbe93629ed3b448b1d63198bd7b4ca28b19","7da8dfbf5db7bed94dd92856d29697c070590f703b0b291173e02e6dbfa7a3810577d571f1be9d482a5470f61e14dbd022e8a7743e32295ec59d18cb9b203f53","2023-12-31T20:30:00.000","2023-12-31T21:00:00.000","1339","15.61","17031980000","17031242200","76","24","38.75","4.48","0","5.5","49.23","Mobile","Sun Taxi","41.97907082","-87.903039661","POINT (-87.9030396611 41.9790708201)","41.899589796","-87.674719134","POINT (-87.6747191345 41.8995897957)"
"d6c737d619c4bfb0cc48aa6a2586bb34addd8978","64b71bd4e488e9c5571cdfcca045e7cb7a4abb0931f17b9689b4049c2a71df3161c216d73fd2cb53ba148afc4bb00df5bcdc9790cd679e9000319c12e37217e3","2023-12-31T20:30:00.000","2023-12-31T20:30:00.000","143","0.49","17031081700","17031081403","8","8","9","2.22","0","0","11.22","Mobile","Flash Cab","41.892042136","-87.63186395","POINT (-87.6318639497 41.8920421365)","41.890922026","-87.618868355","POINT (-87.6188683546 41.8909220259)"
"01b42d84ffecbb17974f128d07f2429bb4c4e2f7","4bb55b69e710d1792f5fd4888001f4ff0ce34040f976f8dd0307a1b5846f9a5f8855d2ab73ede4ba5167f8101c22dba1ff68f2a6d8a402ebafca9cbab923f694","2023-12-31T20:30:00.000","2023-12-31T20:30:00.000","333","0.87",,,"28","32","9","1.11","0","0","10.11","Mobile","Medallion Leasin","41.874005383","-87.66351755","POINT (-87.6635175498 41.874005383)","41.878865584","-87.625192142","POINT (-87.6251921424 41.8788655841)"
"84f3a905d1d81cd69dc81f8f3aaceda2bd96f0c7","cfbd7f55fa135ea0d514faa2bd53482c5e1397ced1ebcb02b1efd45c84c1ac0676c4983dfbd3b953272c5d5798b1fd3c791a86276d82ace7f77663d695a07ea5","2023-12-31T20:30:00.000","2023-12-31T20:45:00.000","1248","9.95",,,"76","13","26.5","0","0","5","32","Mobile","Sun Taxi","41.980264315","-87.913624596","POINT (-87.913624596 41.9802643146)","41.983636307","-87.723583185","POINT (-87.7235831853 41.9836363072)"
"b122de875ee645dd82ad001422ecf7a870aca400","6bc975b054cd112a098b45c12b9757d29fe9abd8103cc378b4b45873e0dfa0d4182cf841ae55f6f28074dcf212edef898f1fae8f952247302a42d5cd5a65e1e3","2023-12-31T20:30:00.000","2023-12-31T20:45:00.000","755","2.66",,,"7","22","9.9","2.94","0","0","12.84","Mobile","Flash Cab","41.922686284","-87.649488729","POINT (-87.6494887289 41.9226862843)","41.92276062","-87.699155343","POINT (-87.6991553432 41.9227606205)"
"a17a4171c1d4dd28af25ca650ffe2a1159d279ee","54044c4ce47d539663e1520272de87e38a14d38ca23a666360031dadffe5fb5b8be396c3219a60f4b5325d461a8bb9c1202e3aedb1b1b77dfbfcdb68dd8c144e","2023-12-31T20:30:00.000","2023-12-31T20:30:00.000","152","0.25","17031320100","17031320100","32","32","30","6.1","0","0","36.6","Credit Card","Chicago Independents","41.884987192","-87.620992913","POINT (-87.6209929134 41.8849871918)","41.884987192","-87.620992913","POINT (-87.6209929134 41.8849871918)"
"97fc0d9d4a123fb7bdbddaefbc0c9fdcbe4a02dc","bcda8c3cc4c7917b5e59fdbda4a08b57312fd55f6cb3cf8fcbebf4543377a34555c3b9f788715cb8782c28e4979b3cebd0802abb30d88402d460d32b11fe582b","2023-12-31T20:30:00.000","2023-12-31T21:00:00.000","2256","13.06",,,"76","2","35.5","12.45","0","5.5","53.95","Mobile","Star North Taxi Management Llc","41.980264315","-87.913624596","POINT (-87.913624596 41.9802643146)","42.001571027","-87.695012589","POINT (-87.6950125892 42.001571027)"
"e64000a3fedbb77f890cbaf83a788d01d639ae9b","3cf614bd7410ac2d0334dd9e1275a2d1c5a3ede41a98a5dcf8203a72226ef1387ccaf9f9b24cbb58a4d7deac95252390f81ea44107dbe33aa10157b79f80fd4b","2023-12-31T20:30:00.000","2023-12-31T20:45:00.000","1440","0.8",,,"76","7","35.5","0","0","4","39.5","Cash","Taxi Affiliation Services","41.980264315","-87.913624596","POINT (-87.913624596 41.9802643146)","41.922686284","-87.649488729","POINT (-87.6494887289 41.9226862843)"
"a11a1f6384b2bd08acbdce69d55b99cbd838ecb7","2f8c51760f8358b29119959a9a4864d3d320e18a642b598248ccab958908a1da90ed708a7665d4a22a6c0c986b048239e4cd8fcff79c744d5ea2713259678b6a","2023-12-31T20:30:00.000","2023-12-31T20:30:00.000","267","1.07",,,"33","33","9","2.22","0","0","11.22","Mobile","Flash Cab","41.857183858","-87.620334624","POINT (-87.6203346241 41.8571838585)","41.857183858","-87.620334624","POINT (-87.6203346241 41.8571838585)"
"a19b8ce8ee9826f02e10dac6b18852dbd02c0364","6b1b1e151c90fecc87c9f51e5e607acea049dedc6c5091ce75b8960739a55d3e851502e8a32b082b7c56e3b73367f2d661372a641eab5898b89160b8a9f9b2dd","2023-12-31T20:30:00.000","2023-12-31T20:30:00.000","82","0","17031040100","17031040100","4","4","3.5","0","0","24","27.5","Cash","Sun Taxi","41.983330806","-87.681993542","POINT (-87.681993542 41.9833308063)","41.983330806","-87.681993542","POINT (-87.681993542 41.9833308063)"
"2a578bb09e2fc30e2e4479f51935f4de1edf81e4","1e3a48e9cf98c6228b3016d217e7b600aae23da58ba4e14a098944bdd5f6ecdf314f02c51a583be206812c63e29052ac9d15aca4d46260fd47ea3d5719cfe350","2023-12-31T20:30:00.000","2023-12-31T21:00:00.000","1620","16.8","17031980000","17031842300","76","24","42","2","0","4","48","Credit Card","Chicago Independents","41.97907082","-87.903039661","POINT (-87.9030396611 41.9790708201)","41.89830587","-87.653613982","POINT (-87.6536139825 41.8983058696)"
"72b2557f8aad9c66ce740d2423f593f13ff0f986","650abe6b4d67899fb67b2631a830ea90b5626ec5724ad7ca29ba6a233e6bbbc5d4de5a00e8501b25d9c9b631d0089e55e03702070848c012ba7ba5e7f838430f","2023-12-31T20:30:00.000","2023-12-31T21:15:00.000","1920","1.3",,,"76","30","53","15.5","0","8.5","77","Credit Card","Taxi Affiliation Services","41.980264315","-87.913624596","POINT (-87.913624596 41.9802643146)","41.839086906","-87.714003807","POINT (-87.714003807 41.8390869059)"
"c3dc58ad15da6ab5d2df634036bfab2ecdd7ef20","c53face33b74e90c719c30c33f394050ca1e93ca6b11a805560a865d632e9b696d789e073af503ab0f87c19235bbc98859a5a0c51ce1a170f3be076fa864d6e5","2023-12-31T20:30:00.000","2023-12-31T20:30:00.000","311","1.15",,,"6","3","6","3","0","0","9.5","Credit Card","Flash Cab","41.944226601","-87.655998182","POINT (-87.6559981815 41.9442266014)","41.96581197","-87.655878786","POINT (-87.6558787862 41.96581197)"
"c58ed3514d27b3deb0db09fd3ed60d0211b84e73","52c3ffa685a3b5ced3d16461deec5a0326086bee3d8f6a3699460f1c2c1dae0b239fbbb9b9cece5401785fcf9b4a378ff9675f32598bb94fb26898c1cc2289bc","2023-12-31T20:30:00.000","2023-12-31T20:45:00.000","1137","4.98",,,"76",,"15.75","0","0","5","21.25","Credit Card","Sun Taxi","41.980264315","-87.913624596","POINT (-87.913624596 41.9802643146)",,,
"426589016a419e6930a73524e1989f3b530ba393","624e8f2a6af3b7f032d3c40d6f925f6fc5f0bf6a358ecc7d01503a55553689cf6b36732e7d972a664d2d55e928baadb5d5d387884a6b0cf2701453f45c14a7cf","2023-12-31T20:30:00.000","2023-12-31T21:00:00.000","2040","17.1",,,"76",,"43.5","15.4","0","7.5","66.4","Credit Card","Taxicab Insurance Agency, LLC","41.980264315","-87.913624596","POINT (-87.913624596 41.9802643146)",,,
"524284438e9dd7cd57f131301ce00c2ac8c1343b","38628169e76729f1997d73048677f82098e28b1b4d0d71cec5cd5d1599211c2d96bd3009a215b14b7b92a529406310fe2067060435853e9fcb939c8df3668353","2023-12-31T20:30:00.000","2023-12-31T20:45:00.000","1020","2.7",,,"8","24","11.5","5","0","1","18","Credit Card","Globe Taxi","41.899602111","-87.633308037","POINT (-87.6333080367 41.899602111)","41.901206994","-87.676355989","POINT (-87.6763559892 41.9012069941)"
"1c7e013cb8bdd56f26e95a76aa289a2fe258b73d","f4275d08eb48c554a46a407ad6cd014d5f1442eb1fb68d78c698d438733b8f1e1ce11faa9bd5a6c1a01308d0bb402dbab61ff52967f276a44437092115e3c834","2023-12-31T20:15:00.000","2023-12-31T21:00:00.000","2714","6.71",,,"6","2","25.25","0","0","0","25.25","Prcard","Flash Cab","41.944226601","-87.655998182","POINT (-87.6559981815 41.9442266014)","42.001571027","-87.695012589","POINT (-87.6950125892 42.001571027)"
"8b72e03977e4ca0333ebc42a38ea18ce98e5f5e1","422aa525858cddde977f39fa4e58947555918726746ebd72be48d2a2d09af86e2b5e5318fea36ecc84de5b6af8354307064e73672f67e4bc907dcabc21e61c09","2023-12-31T20:15:00.000","2023-12-31T20:15:00.000","420","0",,,"8","8","6","0","0","1","7","Cash","Taxi Affiliation Services","41.899602111","-87.633308037","POINT (-87.6333080367 41.899602111)","41.899602111","-87.633308037","POINT (-87.6333080367 41.899602111)"
"76e348a65bacc1113deb27f3bf71d2b6ded75a78","2562c5abd0c79356d2b6ed696ff9c61f3c6a7452176e067079eeb9ab4869816e5cc637b2464ae3846a2522762c036f3adf77216a829bbed5fbc5bd7da2dda337","2023-12-31T20:15:00.000","2023-12-31T20:30:00.000","1263","14.44","17031980000","17031842200","76","8","56.75","0","0","0","56.75","Cash","Blue Ribbon Taxi Association","41.97907082","-87.903039661","POINT (-87.9030396611 41.9790708201)","41.904935302","-87.649907226","POINT (-87.6499072264 41.9049353016)"
"7ce2e4878912a360e849cb5635111be1b0d84f13","c73ed8e66953a7aa9645b72a5fc45ad19ce6c1c84279608104598ef6332655a31378c76f37c64fac9d5a3bcd5bd499624294ef5173475875b5fd5eedacfb0870","2023-12-31T20:15:00.000","2023-12-31T20:45:00.000","1805","17.82","17031980000","17031081202","76","8","45","12.75","0","5.5","63.75","Credit Card","Sun Taxi","41.97907082","-87.903039661","POINT (-87.9030396611 41.9790708201)","41.902788048","-87.62614559","POINT (-87.6261455896 41.9027880476)"
"4392096d1a0360a8c83583ab6f23a6fd8bd98a44","ec56c095d0e5b779d527c06e9551ccb27b04c70e1b8d8efb43307687869ce0412747b884e1012be095f35d5a0a8775c852b7bb4a237eb5d76992fea145bb7ff6","2023-12-31T20:15:00.000","2023-12-31T20:30:00.000","1200","12.3",,,"56","39","31.75","10.55","0","10","52.3","Credit Card","Chicago Independents","41.79259236","-87.769615453","POINT (-87.7696154528 41.7925923603)","41.808916283","-87.596183344","POINT (-87.5961833442 41.8089162826)"
"323047b1ebff6be93d40803d9c8129b4e8f523d2","9a3b307a7d2c71565a27a2bcef5560f576240023bf21ca8b35cf00a429f4653938690dbf6a6571af275d15d15d8accabd814b25746c33c5efbdc516b6374e673","2023-12-31T20:15:00.000","2023-12-31T20:45:00.000","1613","15.9","17031980000","17031980000","76","76","40.75","0","1.5","26","68.25","Cash","Top Cab","41.97907082","-87.903039661","POINT (-87.9030396611 41.9790708201)","41.97907082","-87.903039661","POINT (-87.9030396611 41.9790708201)"
"fedb6c92994709401f1762f33d651912e115fe25","6a72345f26db5779d5bdb7b4dafae43f1c505f62c3577d932ff45d3fdcaa0bd435f7bde47a522b88ea9b64ce33c844a66d1b75eb60480669660612a629ece2fa","2023-12-31T20:15:00.000","2023-12-31T20:45:00.000","1519","20.54","17031980000","17031330100","76","33","50","0","0","4","54","Cash","City Service","41.97907082","-87.903039661","POINT (-87.9030396611 41.9790708201)","41.859349715","-87.617358006","POINT (-87.6173580061 41.859349715)"
"e3ff6e7e5913783f2dd03f5a782402fa1f77db23","8dd990653cc2793d96b80ae45e928afc9a590b21b491eea3f522f42a72a5d323e79997fb7b2aab3486de73e89a4c9ae8e8cc377056b9b0d3de37ab822ce2cf33","2023-12-31T20:15:00.000","2023-12-31T20:15:00.000","270","0.61","17031320100","17031320100","32","32","9","3","0","0","12","Mobile","Sun Taxi","41.884987192","-87.620992913","POINT (-87.6209929134 41.8849871918)","41.884987192","-87.620992913","POINT (-87.6209929134 41.8849871918)"
"e3c0659117f98d73554de19543ce61b5c534ccfe","fd392b7cb9674d1c02f556bcfe211b32f36c89c36793e671ba69d3e676329abc9bb64a2b1dc30f64373f997a0f194ba5a88218ee5783df9bba3a916796a529e6","2023-12-31T20:15:00.000","2023-12-31T20:30:00.000","1020","2.9",,,"33","8","12","0","0","1","13","Credit Card","Taxi Affiliation Services","41.857183858","-87.620334624","POINT (-87.6203346241 41.8571838585)","41.899602111","-87.633308037","POINT (-87.6333080367 41.899602111)"
"fc6b10a80e15aa86c58462ae534d41b3fa29a18d","04b96cbbdcfe5b7cbb6884bc1b922819466f652662ead83eac149f6c108ce8ffd4bd7298abbe9ea2c33712f922a16f680c3543e2dbdbd929a8f1a8f44265d1ba","2023-12-31T20:15:00.000","2023-12-31T20:30:00.000","1511","11.31",,,"76",,"30.5","7","0","5","43","Credit Card","5 Star Taxi","41.980264315","-87.913624596","POINT (-87.913624596 41.9802643146)",,,
"04e664e8a59fbfd252669515521d8846ffb009bd","983ee2eeec397e929937d68bf086a640e2e573f8e701232bd9e16db5a36c53bf5bf031751d3971949c919cfdebd87a6f996321263d4f2d777bcc08800cb41f12","2023-12-31T20:15:00.000","2023-12-31T20:30:00.000","420","0.9","17031081700","17031081201","8","8","6","3","0","1","10","Credit Card","Taxi Affiliation Services","41.892042136","-87.63186395","POINT (-87.6318639497 41.8920421365)","41.899155613","-87.626210532","POINT (-87.6262105324 41.8991556134)"
"d3f6e011b42f4bbc005aec4b0744a38d4518d87c","7d8179131ea9952793af4cda8635e94b56c2b92d3c376cd92517f7319ec4a3031207af4d7b8165367e1f8a185275814ab89c26ace551ac3bf96a04ea174371c1","2023-12-31T20:15:00.000","2023-12-31T20:30:00.000","1161","8.42",,,"28","3","22.75","0","0","0","22.75","Cash","5 Star Taxi","41.874005383","-87.66351755","POINT (-87.6635175498 41.874005383)","41.96581197","-87.655878786","POINT (-87.6558787862 41.96581197)"
"96ab5e9adadbe8c162a9f3a703ca0c67ba1cd08c","667b6c6c56d5ae56fc1adbc8f7a40c8ed2820ba98ecef617b81044092e38f6e0f32ac1616659bafae6628e82195d5ca786d05262e53c935b1cfbdb5586f6d2f8","2023-12-31T20:15:00.000","2023-12-31T20:30:00.000","1491","13.78",,,"76",,"36.25","10","0","25.5","72.25","Credit Card","City Service","41.980264315","-87.913624596","POINT (-87.913624596 41.9802643146)",,,
"454da81441cde57850027d1774532d177e90a9fa","b337fc4c965d7a157aabdd4b4d9fecb81dd86de85ac4886cf3017696fc37ed5edb8efb2403d452270d08bbdabe8c61536dbe5dfb88b4deac8ce10809f2a8e526","2023-12-31T20:15:00.000","2023-12-31T20:30:00.000","588","1.26","17031081300","17031320100","8","32","7.25","4","0","1","12.75","Credit Card","City Service","41.898331794","-87.620762865","POINT (-87.6207628651 41.8983317935)","41.884987192","-87.620992913","POINT (-87.6209929134 41.8849871918)"
"23be490afb4062a8bc5e1a9081bbe17df93fcf4c","6f3c8bee0eb9f2eb5b7bd4c279792dbf7c2e1bd5f5c6db017087b4ee58875dc8552fb74f6345eb0e21afa044814a63c14079116be3fdd3708eea8d28d6b52f47","2023-12-31T20:15:00.000","2023-12-31T20:30:00.000","948","2.29","17031980000","17031770700","76",,"11","2.32","0","4","17.82","Credit Card","Flash Cab","41.97907082","-87.903039661","POINT (-87.9030396611 41.9790708201)","41.982775009","-87.8773054","POINT (-87.8773053996 41.9827750091)"
"fbf620e7e61f51b438bafced73e8dad002d8a2fe","6a48a68a9c7fb30412fa64e76102c787b170ff53c867b7e3d066aa39ddfa4386eedbec2d3f38bac72adbcd5cb1992cb0ac17578ff63e2ab7061acadfaeb6e379","2023-12-31T20:15:00.000","2023-12-31T20:15:00.000","240","0.7","17031081403","17031081100","8","8","5.25","5","0","1","11.25","Credit Card","Taxi Affiliation Services","41.890922026","-87.618868355","POINT (-87.6188683546 41.8909220259)","41.900221297","-87.629105186","POINT (-87.6291051864 41.9002212967)"
"4398236aef2072b3937fcf0fa7ace3eb915a4e5e","b089c967bedb833ae9fbb66fa770fe579b7f46ea75099108034c4ec0f1ff0580e0eec633d99e38f7c8a97fc1b52a417dc4bfce0e6018bb0b688f653b18085d25","2023-12-31T20:15:00.000","2024-01-01T15:15:00.000","68308","10.18",,,"77","10","29.5","0","0","0","29.5","Cash","Star North Taxi Management Llc","41.9867118","-87.663416405","POINT (-87.6634164054 41.9867117999)","41.985015101","-87.804532006","POINT (-87.8045320063 41.9850151008)"
"489153ea196a18865ab0eb6eafd9626b099b4a9a","4dc0edeb1e43bb0cd3aa52ded5fa3152242d392e17c7600d2861b98a0ab0b5837ac1bca9eedd7d6d49a84e30b5f52964bb4fb8b7902ae7733a206e750c8f5c44","2023-12-31T20:15:00.000","2023-12-31T20:30:00.000","826","2.31","17031281900","17031330100","28","33","10.5","3","0","1","15","Credit Card","Medallion Leasin","41.879255084","-87.642648998","POINT (-87.642648998 41.8792550844)","41.859349715","-87.617358006","POINT (-87.6173580061 41.859349715)"
"e3ba13103c88a794bdbe039926de2d7a94a836e1","67492f30cea5835460bdf432575c374bbccf9b6fc50ce5eac6587739d2d20fdc6019cfd6652f30374aa71b53800c9cb42985a29877af8958b31c2006b40b35db","2023-12-31T20:15:00.000","2023-12-31T20:30:00.000","871","0",,,"6","8","11.05","1.96","0","0","13.01","Mobile","Flash Cab","41.944226601","-87.655998182","POINT (-87.6559981815 41.9442266014)","41.899602111","-87.633308037","POINT (-87.6333080367 41.899602111)"
"a08f0a96ea86ae27850e19ba25b847fc71cf6d0e","39c5b1afbd9856f33218efea0a669e7c7f8c186197b83e22ad2bce7b2339d83ba2bbfdb1b5ae01ddb17c64d6450f4507baeb350dbddf82e5bc4871519d9b33d8","2023-12-31T20:15:00.000","2023-12-31T20:45:00.000","1400","11.71",,,"11","8","30.5","0","0","0","30.5","Prcard","Flash Cab","41.978829526","-87.771166703","POINT (-87.771166703 41.9788295262)","41.899602111","-87.633308037","POINT (-87.6333080367 41.899602111)"
"fd6f440a67e59dd62949d356cdc902c6d02912af","4cf389626b3d1df35aef815a964571fd5ea7dddda01e56057b88ec6a8b80e20d5d9eb27e67fd25923feefbbf684cc9e003f51498d9dafbf7eb9c062415af5d8b","2023-12-31T20:15:00.000","2023-12-31T20:45:00.000","1854","14.28",,,"76","6","37.75","6.34","0","4","48.59","Credit Card","Flash Cab","41.980264315","-87.913624596","POINT (-87.913624596 41.9802643146)","41.944226601","-87.655998182","POINT (-87.6559981815 41.9442266014)"
"d280fd0c9d69979ba9a5df905787a5d075e23050","da344b3cd0e4fa07f30b6373fd40f9ea8456e9a799949258ec453ba9e279cc10028c4841290c311bd7b250f930166fc689069642bae8feb4e35297eca526ca9c","2023-12-31T20:15:00.000","2023-12-31T20:15:00.000","326","0.59","17031320600","17031320600","32","32","5.25","0","0","0","5.25","Cash","Taxicab Insurance Agency Llc","41.870607372","-87.622172937","POINT (-87.6221729369 41.8706073724)","41.870607372","-87.622172937","POINT (-87.6221729369 41.8706073724)"
"d298ee071796e9dbcf83cb5331586a5bb0b3b1f9","b2949139bf976ce9b80d79cfc2acd4889a2e5939dae4444360fa0e3146c41935be1c6b00b7201f19cb57e19ceee3ef4267f1a6c38d167e6ac31c06529b077fd5","2023-12-31T20:15:00.000","2023-12-31T20:45:00.000","1740","15.4",,,"76","7","39","10.85","0","4","53.85","Credit Card","Taxi Affiliation Services","41.980264315","-87.913624596","POINT (-87.913624596 41.9802643146)","41.922686284","-87.649488729","POINT (-87.6494887289 41.9226862843)"
"8af2d9612556926c551a2e574942dfe39c785c43","552720f76dd5338d0cf254f8eb4045839a5501e095a0d34fee849df1633dce909ed9b7e001b6e904f64f5b235fc56377ef450dd8c29f16fcbd7a7c2116386654","2023-12-31T20:15:00.000","2023-12-31T20:30:00.000","1027","5.46",,,"28","24","17","3.5","0","0","21","Mobile","Choice Taxi Association Inc","41.874005383","-87.66351755","POINT (-87.6635175498 41.874005383)","41.901206994","-87.676355989","POINT (-87.6763559892 41.9012069941)"
"adfef4d4860ba8f905b4328a2b58bcb9e47d81af","76195767851c0e4807795915d7a0579a1c625c2eae552b36d989d32a60ca58318ca88fe17fcd825ceab7b45cb639e7c77d7b4a44629afa03f6f85b4e62c1d6b0","2023-12-31T20:15:00.000","2023-12-31T21:00:00.000","2400","1.9",,,"56",,"73","0","0","44","117","Cash","Taxi Affiliation Services","41.79259236","-87.769615453","POINT (-87.7696154528 41.7925923603)",,,
"4176e27aaf0a13fcbac31dcddab445ee7fd9dd9e","19447854f6105afc7307d18998685917b36bbbb2c8a7e59a6801448176ca7c8064ac13ac7cbf0f6858fcc28613497a7623fbffe4393fe437df465d609226c018","2023-12-31T20:15:00.000","2023-12-31T20:30:00.000","900","0",,,"28","49","28.75","0","0","0","28.75","Unknown","Taxi Affiliation Services","41.874005383","-87.66351755","POINT (-87.6635175498 41.874005383)","41.706587882","-87.623366512","POINT (-87.6233665115 41.7065878819)"
"e2277be2cb8764112ffc2824825de3ee56fdfc77","07f3ce687dce8fa4518b83cd63bfbfb0383339fd188b5b6b22f4d33d0dbc445b56eabe1b74a1e06ab4cd5533bfdb89f0322934d5a2cc4fa67a4eb383ffd743ec","2023-12-31T20:15:00.000","2023-12-31T20:45:00.000","1560","1",,,"76","8","42.75","5","0","4","51.75","Credit Card","Taxi Affiliation Services","41.980264315","-87.913624596","POINT (-87.913624596 41.9802643146)","41.899602111","-87.633308037","POINT (-87.6333080367 41.899602111)"
"006d642a43d3ebdb88fbaea47a2cf2b4e23aa924","78893d83a12762723e5a8ef770b3fb541e9b2cd8d4316d708a441760143a4ef1e313205a8801abec9e7a152b970f673d3f9b990c228de3a6499b933d7e9aedc9","2023-12-31T20:15:00.000","2023-12-31T20:45:00.000","2280","10.5",,,"7","6","30","0","0","0","30","Unknown","Choice Taxi Association","41.922686284","-87.649488729","POINT (-87.6494887289 41.9226862843)","41.944226601","-87.655998182","POINT (-87.6559981815 41.9442266014)"
"486718b5b3be6326fbda56ce93f31b005a9f059c","d7f7e8e4b06fea15a11863397d5df6352cc6e786f535408dfe304d950f4539a3972cac285ae16163d476339e4d036f1ccf2a3961d8f79eb22002bc3db1eafb69","2023-12-31T20:15:00.000","2023-12-31T20:45:00.000","1460","15.41",,,"76","7","38.75","11.06","0","5","55.31","Credit Card","Globe Taxi","41.980264315","-87.913624596","POINT (-87.913624596 41.9802643146)","41.922686284","-87.649488729","POINT (-87.6494887289 41.9226862843)"
"95dd8f72cae79c3f63e528b503170631eb622480","1a277ae3bc2961540fb1fce1dbd9b4174a4f614f981b24c1a6b1268cb52c45f85372ecca683d6b4c4b1f405e4aa5614f0177d4fd39ba220b84fd0dc05f094c4b","2023-12-31T20:15:00.000","2023-12-31T20:15:00.000","156","0.63",,,"77","77","4.75","0","0","1.5","6.25","Cash","Sun Taxi","41.9867118","-87.663416405","POINT (-87.6634164054 41.9867117999)","41.9867118","-87.663416405","POINT (-87.6634164054 41.9867117999)"
"95d461aa42adf216654a5b7272c6900d1a4160c3","971fa4446fe8b29da09564476ab378d9c582ebc3c4334c022963ac93c5eebabe88a3fc903bba1b48a21d1d1cb597f785ad481fcad514d18c231a1641d01db177","2023-12-31T20:15:00.000","2023-12-31T20:45:00.000","1492","14.13",,,"76","7","36.5","4.4","0","7","48.4","Mobile","Taxicab Insurance Agency Llc","41.980264315","-87.913624596","POINT (-87.913624596 41.9802643146)","41.922686284","-87.649488729","POINT (-87.6494887289 41.9226862843)"
"95ce61719deb1b242b642e6acbc29538097780f9","8a5199a793c450f59f8ba5dcc3592de895a32081f1f86d11d0ca19101fa7fe5947b5176c07a2429e08c7305a93c50a90d2db2b860404ac15b99d9b826ec20072","2023-12-31T20:15:00.000","2023-12-31T20:30:00.000","980","7.29",,,"8","36","21","0","0","1","22","Cash","Sun Taxi","41.899602111","-87.633308037","POINT (-87.6333080367 41.899602111)","41.82371281","-87.602350437","POINT (-87.6023504372 41.8237128095)"
"d21f13853716cfbb2443dd8112916289eb545159","8989b51001d4b9175be9aedeb003a6a611d1a312dfe6d3f77bf51bc4371613805b7300f9573e01a705ffedb2618ff45e385b662a9389c507cddb1f0c12d43838","2023-12-31T20:15:00.000","2023-12-31T20:30:00.000","505","1.23","17031081700","17031081201","8","8","9","2.01","0","0","11.01","Mobile","Sun Taxi","41.892042136","-87.63186395","POINT (-87.6318639497 41.8920421365)","41.899155613","-87.626210532","POINT (-87.6262105324 41.8991556134)"
"d1dc10f939771738fe4a9dda57ee0347a38cc68d","f1ed8794238deb1c8f7c3759aa096ae20e3e769cc4c9ad6b0b5622db04a03ad19f07235a1fb70f90e0402c5d563ced420495c06f0ecb27469bc95d56af5841c8","2023-12-31T20:15:00.000","2023-12-31T20:30:00.000","1009","6.82",,,"32","38","20","3.15","0","0.5","24.15","Credit Card","Flash Cab","41.878865584","-87.625192142","POINT (-87.6251921424 41.8788655841)","41.812948939","-87.617859676","POINT (-87.6178596758 41.8129489392)"
"6d95182392a930db813a7614b786b709df65ed5e","c53dba6f2d4174b792e113023de74f54e5af52ba87cf1a0610f9ce669032e3ed9eea4c9b7a1c6185cbdfc3e98163e38a151c4807a4a1db9bd977043f3bb836f4","2023-12-31T20:15:00.000","2023-12-31T20:45:00.000","2197","14.55",,,"51","8","46.79","0","0","0","46.79","Cash","Flash Cab","41.690633347","-87.570058269","POINT (-87.5700582686 41.6906333472)","41.899602111","-87.633308037","POINT (-87.6333080367 41.899602111)"
"95f4defd5ba2cef6a35b475fbfa1ec3315180330","89ef36585d68603f58ba7a6f23998ad78fd67f1a9a9ea4f38f06167114ca6d1b1b532e0f0ca38315d09542504b488d13865e6c372900a1c3ccf4acc044376134","2023-12-31T20:15:00.000","2023-12-31T20:15:00.000","468","1.71",,,"8","8","7.75","1.31","0","0.5","10.06","Mobile","City Service","41.899602111","-87.633308037","POINT (-87.6333080367 41.899602111)","41.899602111","-87.633308037","POINT (-87.6333080367 41.899602111)"
"1c48f579356a0390f000cce658b03eb9beae3fa7","2e9532b31632bc0f91611dd090a2ae6d4447eece8adade3c8e786f0e8aebdb6a5d6086f5fbcfe19fe00fef9a5c86e84df55433ac0db349f5c2085a51c8dc57c3","2023-12-31T20:15:00.000","2023-12-31T20:15:00.000","790","1.85","17031081300","17031320400","8","32","9","0","0","1.5","10.5","Cash","Taxicab Insurance Agency Llc","41.898331794","-87.620762865","POINT (-87.6207628651 41.8983317935)","41.877406123","-87.621971652","POINT (-87.6219716519 41.8774061234)"
"d183974d841030ef8544d50c40441ac6a9fd096b","1a1189d1e9f4f676bbeaf49903912684b94453576a234f5d936dd20a4c68663576906b385222d8e26caaacefdad8a154d7dd0cda53857350c7ea755e7a51bcfc","2023-12-31T20:15:00.000","2023-12-31T20:30:00.000","954","9.99",,,"76","16","26.5","0","0","4","30.5","Cash","Sun Taxi","41.980264315","-87.913624596","POINT (-87.913624596 41.9802643146)","41.953582125","-87.72345239","POINT (-87.7234523905 41.9535821253)"
"95aa7b3dd7ff02e44a018dfec2afe8a4328a8779","3d4d650b0b10ca90ad2b4ac59a5f5b5f6d7bec7485211b2a41f1f63c5b83edd5b2efb7bf7290bddb0ddd12a91d0c89738767d70f47cfb1689686936a376031db","2023-12-31T20:15:00.000","2023-12-31T20:15:00.000","376","1.68","17031081403","17031320400","8","32","7.5","3","0","1","12","Credit Card","Flash Cab","41.890922026","-87.618868355","POINT (-87.6188683546 41.8909220259)","41.877406123","-87.621971652","POINT (-87.6219716519 41.8774061234)"
"5b5a6c0a3718a704d7bb938881858efd75a6e41a","271cde2c4b4cc7b38a86c7e9b1543474230949e7fa592586be7f68717f4b2a9077f84158643ac62cacfb70d6d01317cce6b8f7b8891cda8c736361843eb5b23d","2023-12-31T20:15:00.000","2023-12-31T20:30:00.000","961","5.2",,,"24","14","14.97","10","0","0","24.97","Mobile","Sun Taxi","41.901206994","-87.676355989","POINT (-87.6763559892 41.9012069941)","41.968069","-87.721559063","POINT (-87.7215590627 41.968069)"
"ae935f795bb12dbf7b5f696f422b529ccec5f4db","b2cc9f31ae8d3049d0968618cc33ac6482c083023df2a0f29d6efd7e722d731a0f1745b2baf1852a9d509adc373aeee4528118373283ade9db346112e4764e29","2023-12-31T20:15:00.000","2023-12-31T20:45:00.000","1772","15.5",,,"76","7","40.25","9.15","0","5","54.9","Credit Card","Flash Cab","41.980264315","-87.913624596","POINT (-87.913624596 41.9802643146)","41.922686284","-87.649488729","POINT (-87.6494887289 41.9226862843)"
"bf6b4f50b0ab5e94e9171d11ba92db330e99ab92","6a48a68a9c7fb30412fa64e76102c787b170ff53c867b7e3d066aa39ddfa4386eedbec2d3f38bac72adbcd5cb1992cb0ac17578ff63e2ab7061acadfaeb6e379","2023-12-31T20:15:00.000","2023-12-31T20:30:00.000","240","0.6","17031081500","17031081402","8","8","5.25","0","0","1","6.25","Cash","Taxi Affiliation Services","41.892507781","-87.626214906","POINT (-87.6262149064 41.8925077809)","41.891971508","-87.612945414","POINT (-87.6129454143 41.8919715078)"
"16c541cc8b7a7780468a187054e2baf09751d3d7","e628f53f67d53e0da9fef6ac51f3bf9a971a9b31a5a173b05895001a08a88dc0f69c10b878c9735252ba450f1c378dec943e27d479d5503d64a5b9fbc773658e","2023-12-31T20:15:00.000","2023-12-31T20:45:00.000","1842","18.82",,,,,"46.75","15.52","0","30.37","93.14","Credit Card","Choice Taxi Association Inc",,,,,,
"e62cf431e512ddc6d37a32fa8d2d80b784494e3e","34ed8ae3af562da8ab7ee7aa07c83287baf647219d79cf41ea18b8656c9ad26d9985aab5aab72faf5de6495f389eee784c340c2a7a94ce675d417d1d5706a48e","2023-12-31T20:15:00.000","2023-12-31T20:15:00.000","300","0.5","17031081500","17031081700","8","8","5.25","0","0","1","6.25","Credit Card","Taxi Affiliation Services","41.892507781","-87.626214906","POINT (-87.6262149064 41.8925077809)","41.892042136","-87.63186395","POINT (-87.6318639497 41.8920421365)"
"4ec46f702689630d1db3b5bea8e6fed5e095c61e","71814d03248bb96c740eaad440cb07cd90e4ccf862d54d7adc2aacea42c22448cb33db56f2deb8245822e37a269107655c5dd4d612c1aeaddac50001106b6d72","2023-12-31T20:15:00.000","2023-12-31T21:00:00.000","2076","19.83",,,"76","60","49","0","0","4.5","53.5","Cash","City Service","41.980264315","-87.913624596","POINT (-87.913624596 41.9802643146)","41.836150155","-87.648787952","POINT (-87.6487879519 41.8361501547)"
"3095c1bd9b7339b24c4f29940a268339024e80e1","1aa7696cf1ac4c5d9e302177fdb918829d2ddcd9d420a3557defecc167a2bc332bc8a4ee0ae70d314ebaf1f66ff1e4cc53aca83691dd0cbfdfca39c7190c4945","2023-12-31T20:15:00.000","2023-12-31T20:30:00.000","425","1.85",,,"7","8","8","0","0","2","10","Cash","Flash Cab","41.922686284","-87.649488729","POINT (-87.6494887289 41.9226862843)","41.899602111","-87.633308037","POINT (-87.6333080367 41.899602111)"
"1f022debd6044c60ed23c97aaca78bde2a3c4011","654bc1d39e720d10dfc5625757b0843d7ab0b4b764d01b3b888439697b5c1af62b0adcf6ed335869764f8b328d72bb54e12fc07d419f9c153ea064426f18b15d","2023-12-31T20:15:00.000","2023-12-31T20:15:00.000","240","0.3",,,"6","3","4.75","0","0","0","4.75","Cash","Taxi Affiliation Services","41.944226601","-87.655998182","POINT (-87.6559981815 41.9442266014)","41.96581197","-87.655878786","POINT (-87.6558787862 41.96581197)"
"9fd2d2977a5aa3cee7f843c22dd0079b3f5dfa6a","04c44d1bf8cc741f86f8ccdee5b64b65e5a6631d743450a231aa5efbd6f3cde831cf7b983a65bd9b22563c53f4f0deca843c689ba3db19124a48e6fb05f23b61","2023-12-31T20:15:00.000","2023-12-31T20:30:00.000","771","0",,,"8","6","12.42","2.93","0","0","15.35","Mobile","Flash Cab","41.899602111","-87.633308037","POINT (-87.6333080367 41.899602111)","41.944226601","-87.655998182","POINT (-87.6559981815 41.9442266014)"
"d080be063c3c397fd3ffe9594d1699776dcd4176","ba00e9e869bec19b8a1fda607747c69673802b3a468e206af24177b03010903f9231c91fb51e4aed7d5bab4ce8d015445ef30c2e83b8a57d7438f824ce5bde84","2023-12-31T20:15:00.000","2023-12-31T20:45:00.000","1461","16.22",,,"76","24","40.5","0","0","5","45.5","Cash","Flash Cab","41.980264315","-87.913624596","POINT (-87.913624596 41.9802643146)","41.901206994","-87.676355989","POINT (-87.6763559892 41.9012069941)"
"6c80fe156bd66e4766c1ed499a06016ad723aaef","d2a9362483decbe7b2d28d38ff371f05fafd542a60e8c9e4d5e3150e2c0b41b9e2b69e561807859b9ccb8c0f27922c183460b9f858df03f53b9656b8b829ceb1","2023-12-31T20:15:00.000","2023-12-31T20:15:00.000","477","3",,,"76","76","10.5","3.4","0","6","20.4","Credit Card","Flash Cab","41.980264315","-87.913624596","POINT (-87.913624596 41.9802643146)","41.980264315","-87.913624596","POINT (-87.913624596 41.9802643146)"
"94d4ca7e17780040dfe1f0f2b70450ddab1a98cf","5d957f1479cfb6a300e287a043cd6f4f4cc0d304b8de0911e712ee49d0c822442d00dcb9c042c1c8f88b623b60263a29daeab0ac805b037da24ccf35a64f1cf5","2023-12-31T20:15:00.000","2023-12-31T20:15:00.000","5","0",,,,,"30","7.62","0","0","38.12","Credit Card","Taxicab Insurance Agency Llc",,,,,,
"0d91a1287ab8fe908366e2d8ed8e3ee9dcb7ecce","8820d05ed4f054f9b52842e8018ec0b0ae18b45a766af2a155c93a6cbb196a93aaa035821007d02db18130cb83ca5cb49698e309dec3d59ea444ef4647161469","2023-12-31T20:15:00.000","2023-12-31T20:30:00.000","745","2.77",,,"7","28","9.71","2.31","0","0","12.02","Mobile","Taxicab Insurance Agency Llc","41.922686284","-87.649488729","POINT (-87.6494887289 41.9226862843)","41.874005383","-87.66351755","POINT (-87.6635175498 41.874005383)"
"9eaa5cdfea5cbf566c43514f8fe057156468537c","e0f0dfba8628846b3c4022833a14ce311c40ac2408a325f76a281fc8fa2e29a9e59d0880d6e26b70e250da812cf3b2b1469dc5a0a239a901119efab1e99ac3e1","2023-12-31T20:15:00.000","2023-12-31T20:30:00.000","644","1.05","17031320400","17031081403","32","8","7.5","0","0","1","8.5","Cash","Sun Taxi","41.877406123","-87.621971652","POINT (-87.6219716519 41.8774061234)","41.890922026","-87.618868355","POINT (-87.6188683546 41.8909220259)"
"110bc48bfd37eca72b09b479d7119cb7a58350fe","df7f095eceaff9d875d832c9d2f3c0958f1c098d35ac69cfe0d21dc462c44c52d17485832d48703e2abad6f09fefdb1389097a31f3fa517cc4b65bb809a35c0f","2023-12-31T20:15:00.000","2023-12-31T20:30:00.000","1484","13.93",,,"76","7","35.75","0","0","6","41.75","Cash","Flash Cab","41.980264315","-87.913624596","POINT (-87.913624596 41.9802643146)","41.922686284","-87.649488729","POINT (-87.6494887289 41.9226862843)"
"1126c67ab023128f766870e0e7ba045501425caf","ab348dc13e306a79cd69bf16e590df4e160b4c098c0d9a0592cbb596225d6f786d492af1b920fad2783ba4fc5d2566d70ab58bb0c30796a0c07a66c4cbf1be84","2023-12-31T20:15:00.000","2023-12-31T20:45:00.000","1277","9.7",,,"76",,"27","0","0","0","27","Cash","Choice Taxi Association Inc","41.980264315","-87.913624596","POINT (-87.913624596 41.9802643146)",,,
"94666e859b8ba985de236ce47b214278167e01a9","9a26991eb0f188c6b8c8ad555d4fafbd9c3419259bfbd955a6268c59e1c1870e49037ecf205e53ea82dc3770c2f0286fa356df846369d7d3783a6dcfe726304d","2023-12-31T20:15:00.000","2023-12-31T20:45:00.000","1650","14.95",,,"76","14","38","8.5","0","4","51","Credit Card","Sun Taxi","41.980264315","-87.913624596","POINT (-87.913624596 41.9802643146)","41.968069","-87.721559063","POINT (-87.7215590627 41.968069)"
"03ea9d74999bb467ef64f9936ee03a67ab380fb9","80919866bf50fd1163efd329eb8a9fdf198fda2465473a58ecb720b45e5a6b95cca6ba0d8f7a1b2f7b4a56b4e34a4ec0c5399c40e3bc4e05b4ec60d9810c12c5","2023-12-31T20:15:00.000","2023-12-31T20:45:00.000","2137","22.95","17031980000",,"76",,"56","0","0","36","92","Cash","Blue Ribbon Taxi Association","41.97907082","-87.903039661","POINT (-87.9030396611 41.9790708201)",,,
"81d84fc754e357648f8f8852888ba8852514382d","8d4a87f9c4150448fa72263beee9f6166bbbb39812be81ea983c70bc9b973d64f40650751b2820249222aa26ae738b3d1d5487535204a705defd90c507ccd185","2023-12-31T20:15:00.000","2023-12-31T20:45:00.000","1655","16.75","17031980000",,"76",,"43","0","0","30","73","Cash","Taxicab Insurance Agency Llc","41.97907082","-87.903039661","POINT (-87.9030396611 41.9790708201)",,,
"e0e0452bb848b795d32d79103a616e77e751d94e","83e84e47cc9c5fb7eecc1d701cc6edc9a09d986f79413f2fb7cce808a19e6c4badffd5a19ece2e5f5dba89126b968e5eb40639821dd245107f096554929f669b","2023-12-31T20:15:00.000","2023-12-31T20:30:00.000","1214","13.28",,,"76",,"33.5","0","0","20.5","54","Cash","Sun Taxi","41.980264315","-87.913624596","POINT (-87.913624596 41.9802643146)",,,
"09dfa666e92686a673de764a718b15e6cba4e119","b67c358162b4dbf47ca3cad892f6cf33d05d7dfe0b13977707ae9032a1ecf4e68653e98c8218097c4d1fd5971ef607694286849caa35882bc0189b76d291402c","2023-12-31T20:15:00.000","2023-12-31T20:15:00.000","6","0",,,,,"25","0","0","0","25.5","Credit Card","Taxicab Insurance Agency Llc",,,,,,
"3e40153a9ecb39b70ab88a99e9c075cfd333728a","ae61536025042a43c682f2450eaa073da8c7a7f736aec5de1dde1d7e0e2c6be21402ea0d779c9b079b91c58fdccc9091ce99dbf01dbf8de1a81648a34c1f267b","2023-12-31T20:15:00.000","2023-12-31T20:30:00.000","900","1.8",,,"3","3","9.75","0","0","0","9.75","Cash","Choice Taxi Association","41.96581197","-87.655878786","POINT (-87.6558787862 41.96581197)","41.96581197","-87.655878786","POINT (-87.6558787862 41.96581197)"
"2780b4aeb48bd14f93163ce52636a69b618833c3","44450ce5d7c93afb896a1645acef2f8903fdc80a3b7c2ce7d09a884c65112792ecd8a0228ceba4d443bc10e351c9b1f5b48e569628e9f0f44a2b815da6fbdab8","2023-12-31T20:15:00.000","2023-12-31T20:30:00.000","1406","12.66",,,"34","1","32.25","0","0","0","32.25","Prcard","Flash Cab","41.842076117","-87.633973422","POINT (-87.6339734222 41.8420761168)","42.009622881","-87.670166857","POINT (-87.6701668569 42.0096228806)"
"bf47b0b023986b62222e08d5566c35edafa224ee","d7de5a594d0efed735dbce1fe6b9ae0651df194867e00426b93f70cadd9c00ebb6e0951de8d95cf4a50a32eb302e46f0c092453bcae803baa0a3b1b547979592","2023-12-31T20:15:00.000","2023-12-31T20:15:00.000","717","1.52","17031320400","17031081201","32","8","8.5","0","0","0","11","Cash","Taxicab Insurance Agency Llc","41.877406123","-87.621971652","POINT (-87.6219716519 41.8774061234)","41.899155613","-87.626210532","POINT (-87.6262105324 41.8991556134)"
"9e10a2d6f2b377bd52f919cf66c441a37a5333ef","4ab7a7510c1ebcc9b2e3eaa7bdd6508dbea34da7986aca2d8478bb55d1eabf707cda06384ba05783521e50bd5c027c95e6feda8af5eb623f31aceb1c9cf7c6cf","2023-12-31T20:15:00.000","2023-12-31T20:15:00.000","9","0.05","17031839100","17031320400","32","32","20","4.1","0","0","24.6","Credit Card","Sun Taxi","41.880994471","-87.632746489","POINT (-87.6327464887 41.8809944707)","41.877406123","-87.621971652","POINT (-87.6219716519 41.8774061234)"
"0d196372a7cbc09b4fad32b8e2f6d2a0fa8216f1","3d77b9fc21a6484a88ca7f79552d5ea5e712563dfa3051170a20ec433a6eb2146859a352e46b9c6da70766f36166a2b7b68422aaaef89b241e500b7e9b206c55","2023-12-31T20:15:00.000","2023-12-31T21:00:00.000","2400","17.5","17031980000","17031081500","76","8","46","0","0","4","50","Cash","Taxi Affiliation Services","41.97907082","-87.903039661","POINT (-87.9030396611 41.9790708201)","41.892507781","-87.626214906","POINT (-87.6262149064 41.8925077809)"
"7b1e1b4a3d696388f1e2f4da7eb1e573234abbed","23b9866f90ca40c6f83dad34292294e07e864e5b284a7dafa6f67d060a9b3be73864c1e4cf8d8a7da2b6bbb1935c02f812d38f1556e56be6de4a5b9917507105","2023-12-31T20:15:00.000","2023-12-31T20:30:00.000","180","0","17031839100","17031839100","32","32","5","0","0","1","6","Cash","Taxi Affiliation Services","41.880994471","-87.632746489","POINT (-87.6327464887 41.8809944707)","41.880994471","-87.632746489","POINT (-87.6327464887 41.8809944707)"
"937bfa25a348dacdda0aac3ee83722abc4accb4a","b00c5a92a2d7cd526d9ca9a5b63b98eb3111a00db69c57548bc256f9fb41046da0fc078b2c8843dc32558517ff09fc765e6c71ebe37bc3cc6368c33d259fda92","2023-12-31T20:15:00.000","2023-12-31T20:15:00.000","5","0",,,,,"103","20.8","0","0","124.8","Credit Card","City Service",,,,,,
"93261b3770f36fc4698be5084b9352b3e6974705","9400757c30cc4592f54bcd4d10f8cb2a5db5bd507f285fd365de4e15488c0949522b140dddf750a438bba104b1d5a04129d8c9c9a0fc0e4690b582d5a51390f8","2023-12-31T20:15:00.000","2023-12-31T21:00:00.000","2071","16.06",,,"76","7","43","0","0","4","47","Cash","Flash Cab","41.980264315","-87.913624596","POINT (-87.913624596 41.9802643146)","41.922686284","-87.649488729","POINT (-87.6494887289 41.9226862843)"
"45095d3ab65a5cbb574472dc872702888ff906fb","a794ce0e20adbd37537a89f6594db731a9fb48ddf73eb7a4be03f9d3e256c8411cbb0278a7b53219c1781e1cba2c3fef7d7e5ab4161b4c034a46724b41c35d7d","2023-12-31T20:15:00.000","2023-12-31T20:30:00.000","619","0",,,"8","7","11.17","2.64","0","0","13.81","Mobile","Flash Cab","41.899602111","-87.633308037","POINT (-87.6333080367 41.899602111)","41.922686284","-87.649488729","POINT (-87.6494887289 41.9226862843)"
"bd5102aa8bb3b7449e07db63333cfe2dbe061822","175a4c9a16e22bfd2fee721e6cdfdc85dfde21cccb1fdcf514631f3719704bad1c82db8ff3320b8e305e11116bc8932a220910da15c991926772cca793bafd5c","2023-12-31T20:15:00.000","2023-12-31T21:00:00.000","2126","16.73",,,"76",,"43.25","0","0","8","51.25","Cash","Sun Taxi","41.980264315","-87.913624596","POINT (-87.913624596 41.9802643146)",,,
"886a2bf6becebf647c656227151713551a8d238c","84c1b73a53716992bb15f3ebdef723af162153556c14312408a3ff41dd5e13168351fee9aaf0ad1aa537540c771aafdc3f21feb227c881d906946839dcc48c37","2023-12-31T20:15:00.000","2023-12-31T20:15:00.000","350","0.8","17031081300","17031081500","8","8","5.75","15","0","0","21.25","Credit Card","Medallion Leasin","41.898331794","-87.620762865","POINT (-87.6207628651 41.8983317935)","41.892507781","-87.626214906","POINT (-87.6262149064 41.8925077809)"
"3a9098d5e3ddfbd542a1d11b679cb53a82956369","f7782da531b08c6ce5a1e16a8c2998f6f4f7943f29ab53713949ec17f3b4d7f8b4cd8a84da2fe7c4b0a17f1fc3439e376d3bfec25d83652dfa4468342e25f6b1","2023-12-31T20:15:00.000","2023-12-31T20:15:00.000","431","0.75","17031081500","17031081100","8","8","6","3","0","0","9.5","Credit Card","Taxicab Insurance Agency Llc","41.892507781","-87.626214906","POINT (-87.6262149064 41.8925077809)","41.900221297","-87.629105186","POINT (-87.6291051864 41.9002212967)"
"bcbd4ec2d6d4ea14956334f332871ff92c0dcb81","4ab7a7510c1ebcc9b2e3eaa7bdd6508dbea34da7986aca2d8478bb55d1eabf707cda06384ba05783521e50bd5c027c95e6feda8af5eb623f31aceb1c9cf7c6cf","2023-12-31T20:15:00.000","2023-12-31T20:15:00.000","7","0","17031839100","17031839100","32","32","3.25","0","0","0","3.25","Cash","Sun Taxi","41.880994471","-87.632746489","POINT (-87.6327464887 41.8809944707)","41.880994471","-87.632746489","POINT (-87.6327464887 41.8809944707)"
"4c26a87d281c74ab1c32d81769fbf4b5139697d6","54270f3cd6c3f5c7377ece5ea2403dcbf079610ddf47169b6c72631baab3571bff2f224d626cf61c9c0f52686bbba62f3bcf3c5cf5cbf7b30fd4b091415e9038","2023-12-31T20:15:00.000","2023-12-31T20:45:00.000","1661","21.07",,,,"28","56.33","0","0","0","56.33","Cash","Flash Cab",,,,"41.874005383","-87.66351755","POINT (-87.6635175498 41.874005383)"
"5e7c42e0f4803dc99728daa75fbc6b1288edd10e","fe3f654450472e6aa241347b9ebb7f78ce4628a0069cfcfa8586e2389a5e43d50a248cc6cedf81acd3a433f0180589e28deb4b0960fa10db9cb184adf7cfa765","2023-12-31T20:15:00.000","2023-12-31T20:30:00.000","296","1",,,"8","8","9","2.22","0","0","11.22","Mobile","Sun Taxi","41.899602111","-87.633308037","POINT (-87.6333080367 41.899602111)","41.899602111","-87.633308037","POINT (-87.6333080367 41.899602111)"
"564ca11d782b65eb8a374564f518303b4a3a0e93","4634e511c40f4d1617cc543347c17518b98aed2fcde089335962c6e66931a726de6ab5aea2cb431931efbe9f8d0a769240115b62752a8ba347aa3362f4721ba1","2023-12-31T20:15:00.000","2023-12-31T20:15:00.000","210","0.44","17031081700","17031081700","8","8","4.75","0","0","1","5.75","Cash","Sun Taxi","41.892042136","-87.63186395","POINT (-87.6318639497 41.8920421365)","41.892042136","-87.63186395","POINT (-87.6318639497 41.8920421365)"
"bcc8fba0c6385e1e62d1b994ee48910e507e7904","2e56a64ca70738f48b04e1a8dd0f54f1013a1596145f728cd1ceb4668f57e4e504618063b012848da4a1ee3b2e53af3d7a3c785eb254f78db344de3131f32843","2023-12-31T20:15:00.000","2023-12-31T20:15:00.000","240","0.44","17031081202","17031081201","8","8","9","2.22","0","0","11.22","Mobile","Medallion Leasin","41.902788048","-87.62614559","POINT (-87.6261455896 41.9027880476)","41.899155613","-87.626210532","POINT (-87.6262105324 41.8991556134)"
"dee6aba6ba718d9008ef034d7c4b953cbc8437cf","6fe3a00b45ce19e32d13df6abf236857b542db5a6bfed7ae16a090dc02f8d93f269f9b2b0b39e919cfad668d506db73a37f0787b1334b335016ccbd44531f626","2023-12-31T20:15:00.000","2023-12-31T20:30:00.000","777","0",,,"6","32","16.38","3.82","0","0","20.2","Mobile","Flash Cab","41.944226601","-87.655998182","POINT (-87.6559981815 41.9442266014)","41.878865584","-87.625192142","POINT (-87.6251921424 41.8788655841)"
"546cce967212cf2d8a14392dd16801ddbe9039ee","0097753fe60f11c95766e0c88d0b7fc93806043ea4713c6df7e093c643fc5f2d480e06d0e97f3e0b7c96bc399176f93b7ce98629b2433fd9f32f9c6483ae9855","2023-12-31T20:15:00.000","2023-12-31T20:15:00.000","0","0","17031980000",,"76",,"3.25","5.5","0","0","8.75","Cash","Taxi Affiliation Services","41.97907082","-87.903039661","POINT (-87.9030396611 41.9790708201)",,,
"52356a68c07c74285e08645f48a6faf8c473f90a","a62df4e9bfec5f3babb7922b1346263cce5c3116fa5fa3465e4845b94774ef86b30bb243f80f396cf2211d7e3309028193f159567ee341b44d39dc3a1f5495f9","2023-12-31T20:15:00.000","2023-12-31T20:30:00.000","302","1.51",,,"6","3","13.29","5","0","0","18.29","Mobile","Medallion Leasin","41.944226601","-87.655998182","POINT (-87.6559981815 41.9442266014)","41.96581197","-87.655878786","POINT (-87.6558787862 41.96581197)"
"4c1f6eb14bb46aca51ed8699a2537b8b33c07946","f5c756af951438fa99d3296978697bf2477729311014201fe80f2d68b75daf9d3c00971ca241ae5de541b7e75872901788447d744d502afe3019d6c408e10675","2023-12-31T20:15:00.000","2023-12-31T20:45:00.000","1595","19.06","17031980000","17031330100","76","33","46.75","12.81","0","4","64.06","Credit Card","Star North Taxi Management Llc","41.97907082","-87.903039661","POINT (-87.9030396611 41.9790708201)","41.859349715","-87.617358006","POINT (-87.6173580061 41.859349715)"
"92b227f4c1130467ba03aee7f4038353d621d0b1","3a9b3a469a10f36ddefefc31b6929bbd53fc72bd2228dee053966fc882aa8d64c3daadab32c67be5683cf0a3511ef9a05d6825ce3b38c8d113293fda0bc9ecce","2023-12-31T20:15:00.000","2023-12-31T20:45:00.000","1320","13.7",,,"76","22","34.25","8.75","0","9","52","Credit Card","Chicago Independents","41.980264315","-87.913624596","POINT (-87.913624596 41.9802643146)","41.92276062","-87.699155343","POINT (-87.6991553432 41.9227606205)"
"5641633bb0ad41b6f87ed450fc497c583de2ee80","83a03e93bf25ce653700ec8360c79b5f393ab5c9167f31f9151dd36c7f91538049c1e558bcda79475f8858037ab10446b5ad23997ffea791fe87fc56304eff34","2023-12-31T20:15:00.000","2023-12-31T20:45:00.000","1440","13.7",,,"76","23","35","8.05","0","5","48.05","Credit Card","Taxi Affiliation Services","41.980264315","-87.913624596","POINT (-87.913624596 41.9802643146)","41.900069603","-87.720918238","POINT (-87.7209182385 41.9000696026)"
"165f4965e52cc6669f67fd3ac7891c72cab8e22e","6d54d44f2f1efbae655ecdd87c179aef972a641d5cb08ada6842bb2614de30ae68e187e859904106147db52ed276392cacaef560a619afd63da5e8b1df6dd1f4","2023-12-31T20:15:00.000","2023-12-31T20:15:00.000","607","4.32",,,"22","8","15.66","3.66","0","0","19.32","Mobile","Sun Taxi","41.92276062","-87.699155343","POINT (-87.6991553432 41.9227606205)","41.899602111","-87.633308037","POINT (-87.6333080367 41.899602111)"
"f4b5bb1081a3fc35619c859645359dcd0bb86e87","7ec17a8416dca01eef674860959ae50b91aeecb1b417b0fd7581851cf7e8a3e84d61f95d616b364ddeb9c0a9bb44b160c5b9319390d85c16552fbc2a513dca78","2023-12-31T20:15:00.000","2023-12-31T20:30:00.000","857","6.8",,,"76",,"19","5.1","0","6","30.6","Credit Card","Taxicab Insurance Agency Llc","41.980264315","-87.913624596","POINT (-87.913624596 41.9802643146)",,,
"9d290bcdf9033edb7e84234e9195752fa7f0ae76","9254a08e0db3d3927e9cca4b40763bc6867c61350211ac81695e7282f8da382fe4a780827005bc1e361bfea4c54d655d4967405c34a156306a47fe5e6663e0c3","2023-12-31T20:15:00.000","2023-12-31T20:30:00.000","1517","11.5",,,"76",,"30.5","0","0","6","36.5","Cash","5 Star Taxi","41.980264315","-87.913624596","POINT (-87.913624596 41.9802643146)",,,
"bbf43a0658b582d3866f660d81a4d02346e26950","b7f7dbb452c0fb980a0f2050a146147c1006fe5f34e3b0ac6f0b589c697eaf969d9fd384fafacac5ef06cbd330795f0b8a983b65b75eafff16a1a29f55d5eb1f","2023-12-31T20:15:00.000","2023-12-31T20:30:00.000","724","7.51",,,"76",,"20.25","0","0","5","25.75","Credit Card","5 Star Taxi","41.980264315","-87.913624596","POINT (-87.913624596 41.9802643146)",,,
"2a4d88c9f0d55ca6c8606d9f14efe04a74bba965","093e9e4c05ea53bf75c51763839d5f5bd5d1785c11ee5ec5e805c14bcb833c9fbfd81ab2b7874a85cba14046e54062335b2221738a0bb0bf1ddcfe83a7efa382","2023-12-31T20:15:00.000","2023-12-31T20:30:00.000","496","0.67","17031320100","17031081700","32","8","6.25","0","0","1","7.25","Cash","City Service","41.884987192","-87.620992913","POINT (-87.6209929134 41.8849871918)","41.892042136","-87.63186395","POINT (-87.6318639497 41.8920421365)"
"1bb47c8660e19b236eb8abaf5af4c01c9a8c18b8","1ea5004ae3f44bd45e15417e3f740814c9d18093801d65dfbb6acf7e7d67ef2d1a68a572d1f7459788ba66b2a0395c3738b5f3055f69f9bde7d26ac771a28f06","2023-12-31T20:15:00.000","2023-12-31T20:15:00.000","713","1.18","17031081403","17031320100","8","32","8","0","0","1.5","9.5","Cash","Sun Taxi","41.890922026","-87.618868355","POINT (-87.6188683546 41.8909220259)","41.884987192","-87.620992913","POINT (-87.6209929134 41.8849871918)"
"9db282ef4f222d60720431d04eb9f74b73cdccd0","2199b1a70d767c998a0c058f4fa30fb26cda2bc567ce18bf1b9df84ffdb06dabfc344cc0e854aef77dc66cdf5e3445bb89e393ec6932c25712b1a512c27438a1","2023-12-31T20:15:00.000","2023-12-31T20:30:00.000","1140","11.6",,,"8","56","30.25","0","0","0","30.25","Unknown","Taxi Affiliation Services","41.899602111","-87.633308037","POINT (-87.6333080367 41.899602111)","41.79259236","-87.769615453","POINT (-87.7696154528 41.7925923603)"
"1bb388fff9b7a8366c50e20bfbe2659cc8c22ee3","5d853881bf4f0ce73fc83652879af526b3cbe52d02c00898e01ccd026326725a9ad29b746b039ccf3210466409cea4dc93850ecd168db56341a920aa49840daa","2023-12-31T20:15:00.000","2023-12-31T20:15:00.000","279","1.08",,,"8","8","6","0","0","0","6","Cash","Flash Cab","41.899602111","-87.633308037","POINT (-87.6333080367 41.899602111)","41.899602111","-87.633308037","POINT (-87.6333080367 41.899602111)"
"10560cd9718426b45b0fdff3eacf795498b0c29e","8e08799f421f71f00bb9ded6011b7e5369296773e81ad078ae697fb824355684a43c4f160084e6a69d998ac44b91602d11ce5ef89ceda6fadefa2a9bfe404c3e","2023-12-31T20:15:00.000","2023-12-31T20:15:00.000","66","0","17031081403","17031320100","8","32","3.5","0","0","0","6","Cash","Taxicab Insurance Agency Llc","41.890922026","-87.618868355","POINT (-87.6188683546 41.8909220259)","41.884987192","-87.620992913","POINT (-87.6209929134 41.8849871918)"
"72a1bb083de6c1ecdade755ebf2d39a6810b0ebd","a31d2ea87ea4f5a4793c30f84f000b0c6aad4cd956f6ea73b5628ebd509d47a7d051a0b7ccd201a550c236c42ed6e19ce5efbd4caa4bf2d1fcd77827b64b39f9","2023-12-31T20:15:00.000","2023-12-31T20:15:00.000","335","0.82","17031081300","17031081800","8","8","5.75","0","0","1","6.75","Cash","Flash Cab","41.898331794","-87.620762865","POINT (-87.6207628651 41.8983317935)","41.89321636","-87.63784421","POINT (-87.6378442095 41.8932163595)"
"7a9f19c23f5dad0863b4cc11d472da47dfaa843f","f8885a88420906f7a1f6859d9951b4df65c56c52e9ad0bd395a43efb7ed2a264130b01b70984e914e6a4c12c5dcbe18189ad0770a34e7ff2f05d8dd6f5b32642","2023-12-31T20:15:00.000","2023-12-31T20:30:00.000","544","2.73",,,"6","8","9.25","1","0","0","10.25","Mobile","Chicago Independents","41.944226601","-87.655998182","POINT (-87.6559981815 41.9442266014)","41.899602111","-87.633308037","POINT (-87.6333080367 41.899602111)"
"afae3dd930b625ef9fcd6df4b883724841149d07","2d72c5e6313ad93f663008a55045cad0c76164b057dcb756f23448dcfc082f616d8626020794704f296e6ad06f65837ff799930aa961729096167c5ef8612663","2023-12-31T20:15:00.000","2023-12-31T20:45:00.000","1364","8.67",,,"76",,"24.5","0","0","5","29.5","Cash","City Service","41.980264315","-87.913624596","POINT (-87.913624596 41.9802643146)",,,
"2669cfeb8e93b968e3fa5e4c1ce2cc56d52e0b31","bda723ff7d3238b616907b89512c7279801247b06581903556082767ad0e277669915c5e7a4b5f994b76aad0559230b2cee05ab633fd1ffbe84e3feed888f70d","2023-12-31T20:15:00.000","2023-12-31T20:30:00.000","1035","0",,,"6","28","17.29","4.03","0","0","21.32","Mobile","Flash Cab","41.944226601","-87.655998182","POINT (-87.6559981815 41.9442266014)","41.874005383","-87.66351755","POINT (-87.6635175498 41.874005383)"
"6d5538795710e0a688bc988698ab3e04ebbf9e90","30a2ec0ae79a56492f2b7301c8084c0e7bc56b2c84b1c6af4b9dca24267a0a839b79fc7a336e2461d7596fadcbf51310b65dd65363160677a693008625af0708","2023-12-31T20:15:00.000","2023-12-31T20:30:00.000","1380","18","17031980000",,"76",,"44","0","2","31.5","77.5","Credit Card","Taxi Affiliation Services","41.97907082","-87.903039661","POINT (-87.9030396611 41.9790708201)",,,
"25dc3777452c449452fa3fa30424153c3eb704cf","033605c7145dea0e56be0ca74bb89a85bce0d2fd11c408b92c42d83d202081a0d6d48e37c8143824f38f01fd1bbc4fa22181761f07d613386472d71618171dc7","2023-12-31T20:15:00.000","2023-12-31T20:30:00.000","1500","11.7",,,"76",,"31","0","0","8","39","Cash","Globe Taxi","41.980264315","-87.913624596","POINT (-87.913624596 41.9802643146)",,,
"a8cc3c8ac331e8da7c4684b019c064616ee9aec5","a43d80513b519b01df933c10ec09d170add6868927049271ede3901739783685886f72063188ffb0614533e067fff866dc025119e3128dfd7fe5889f436ef3b8","2023-12-31T20:15:00.000","2023-12-31T20:30:00.000","750","1.26","17031081500","17031320100","8","32","8.25","0","0","2.5","13.25","Cash","Taxicab Insurance Agency Llc","41.892507781","-87.626214906","POINT (-87.6262149064 41.8925077809)","41.884987192","-87.620992913","POINT (-87.6209929134 41.8849871918)"
"a86c5229e2c45459f06460d6e656102d45043a8d","3e8e02e0a183c006abf03917a5312fe3255a88d95ac45470475993f1fa92368e2903a1925e5a82ad3d2844d6790017b993616b8b4e8c8cd8e76dcad0d276f21e","2023-12-31T20:15:00.000","2023-12-31T20:30:00.000","1200","0.4",,,"8","35","21.25","0","0","0","21.25","Unknown","Taxi Affiliation Services","41.899602111","-87.633308037","POINT (-87.6333080367 41.899602111)","41.835117986","-87.618677767","POINT (-87.6186777673 41.8351179863)"
"a8554439694d1a1da496a8a18c44cbf1a75f3c53","22b403ba1c4de25cb19049e9c08b6d1339a9eea3ec06f9bad7bca4f17a7ce1b237f980cc925abad84ec75963637c6c4c517ef5319e0db76ad7046e28f43ff9cf","2023-12-31T20:15:00.000","2023-12-31T20:30:00.000","839","0",,,"8","7","12.67","1.98","0","0","14.65","Mobile","Flash Cab","41.899602111","-87.633308037","POINT (-87.6333080367 41.899602111)","41.922686284","-87.649488729","POINT (-87.6494887289 41.9226862843)"
"88b0bbef20073eacc3e33fa5cb3c6c0ed3b82f0e","444a10db2a60293aca7a7e53b6a65bfae2fb054d213226f6ddd3e4eba2e07337343a8d960f17bb06ce632559e34c5675702128574408646ca06a3b681cee00f3","2023-12-31T20:15:00.000","2023-12-31T20:15:00.000","730","0",,,"7","6","9","2.27","0","0","11.27","Mobile","Flash Cab","41.922686284","-87.649488729","POINT (-87.6494887289 41.9226862843)","41.944226601","-87.655998182","POINT (-87.6559981815 41.9442266014)"
"f3991f8e3f044623fcf8be420ed2e2c337d87d04","5653e969fa62d35a10df35fff3391e6398ee6077bc55975727c5f52988e839226c3088bf6263eedd3851ce2cdb3da43de169761f5d42d69b4a23bbafba8bd54b","2023-12-31T20:15:00.000","2023-12-31T20:30:00.000","707","2.26",,,"8","24","9.32","1.77","0","0","11.09","Mobile","Chicago Independents","41.899602111","-87.633308037","POINT (-87.6333080367 41.899602111)","41.901206994","-87.676355989","POINT (-87.6763559892 41.9012069941)"
"70a6bb0ca38614c36c118e2b48a81531dbf20749","6ac56232b10298edfb36d568c8f7e71db5a741c2f31c81985b330d81204f52dd0464af1383eacefc4d2c9b7c0bf5e38c29e8433f3e6f5401f3783be477b0fcc6","2023-12-31T20:15:00.000","2023-12-31T21:00:00.000","1960","22.01","17031980000","17031330100","76","33","53.5","5","0","6","65","Credit Card","Sun Taxi","41.97907082","-87.903039661","POINT (-87.9030396611 41.9790708201)","41.859349715","-87.617358006","POINT (-87.6173580061 41.859349715)"
"2522daec9d697b4694e33fa65edf80aa1c24f2b1","35467b44491f6f51eaa0f4fb1cd65e4c23117aa268d9dd52d88a484194323088fc5a0d30455d37c6bced24218c2ed42b421d7260c119161f29b8381bd11b1784","2023-12-31T20:15:00.000","2023-12-31T20:15:00.000","719","1.28","17031081401","17031081402","8","8","8","0","0","3","11","Cash","Sun Taxi","41.89503345","-87.619710672","POINT (-87.6197106717 41.8950334495)","41.891971508","-87.612945414","POINT (-87.6129454143 41.8919715078)"
"1b1336d18839601fed81e580826813637e8a14ce","a4d3ebdb843bb0ff2eeca8acc59adae88cf333e9efb25d9c319292178636382c054c8a929e9ef9b91cedd34b667b45a961251050017e4a740913911667dd3b5d","2023-12-31T20:15:00.000","2023-12-31T20:30:00.000","1539","17.45",,,"76","24","43","9.7","0","5","58.2","Credit Card","5 Star Taxi","41.980264315","-87.913624596","POINT (-87.913624596 41.9802643146)","41.901206994","-87.676355989","POINT (-87.6763559892 41.9012069941)"
"808022550e26e281c7c492d85fab10d376804232","282e96d2494030280c94a513a55ce131750a6db5595d280442f937df34d9ca056808e9b096f1b6b9f5ca2aebf79aa62e8198db1b227eac7d5cecdc97fe0060bc","2023-12-31T20:15:00.000","2023-12-31T20:30:00.000","425","0.64","17031081500","17031081800","8","8","9","2.42","0","1","12.42","Mobile","Medallion Leasin","41.892507781","-87.626214906","POINT (-87.6262149064 41.8925077809)","41.89321636","-87.63784421","POINT (-87.6378442095 41.8932163595)"
"20c2b4c1d553a5242a516db2fde2b20d1dbab9a9","f7782da531b08c6ce5a1e16a8c2998f6f4f7943f29ab53713949ec17f3b4d7f8b4cd8a84da2fe7c4b0a17f1fc3439e376d3bfec25d83652dfa4468342e25f6b1","2023-12-31T20:15:00.000","2023-12-31T20:30:00.000","133","0.35","17031081202","17031080202","8","8","4.25","0","0","0","4.25","Cash","Taxicab Insurance Agency Llc","41.902788048","-87.62614559","POINT (-87.6261455896 41.9027880476)","41.905857769","-87.630865027","POINT (-87.6308650266 41.9058577688)"
"9c1f48a32ef5881e6a36b55e4d36e1d230a78566","9cd1266b95309c8284b2603dd68f0c3d2f708c3d1f48798a79e44fabf952dc64b91a0301529a4d879df1a7cd66c5fb55fe8f61a510c6f8d3df53a5c8ea875fb9","2023-12-31T20:15:00.000","2023-12-31T20:45:00.000","1917","20.96","17031980000","17031980000","76","76","51.25","0","0","33","84.25","Cash","5 Star Taxi","41.97907082","-87.903039661","POINT (-87.9030396611 41.9790708201)","41.97907082","-87.903039661","POINT (-87.9030396611 41.9790708201)"
"612eed03637fd65f3cac3130e497adddc0b4734f","e3b1277a5bbff691880cdd9213bc7c40859eb5d924e005c5b2b872279fd3d417f8b7ba3f365b0ddb6e2c6d0020f54112cd425b5b88786ec5efab19215ac3f8d8","2023-12-31T20:15:00.000","2023-12-31T20:15:00.000","785","2.76",,,"8","24","9.06","1.08","0","0","10.14","Mobile","Sun Taxi","41.899602111","-87.633308037","POINT (-87.6333080367 41.899602111)","41.901206994","-87.676355989","POINT (-87.6763559892 41.9012069941)"
"0687d52b81a91c879ea5ac6721b416423c983a6b","8e08799f421f71f00bb9ded6011b7e5369296773e81ad078ae697fb824355684a43c4f160084e6a69d998ac44b91602d11ce5ef89ceda6fadefa2a9bfe404c3e","2023-12-31T20:15:00.000","2023-12-31T20:30:00.000","661","5.34",,,"32","60","15.5","0","0","2","17.5","Cash","Taxicab Insurance Agency Llc","41.878865584","-87.625192142","POINT (-87.6251921424 41.8788655841)","41.836150155","-87.648787952","POINT (-87.6487879519 41.8361501547)"
"dce0ef23dde6fd3e4b5d7e1a1e897694191a48ec","9796a534d63f7be805edd46db7bd062bbdb30786df4dcdd622e95740c0661b6293778ab6774e1431fc23b40653d50294e7384ea6e8ad9160087a785251707127","2023-12-31T20:15:00.000","2023-12-31T20:45:00.000","1575","14.91",,,"76",,"38.5","10.72","0","32.5","82.22","Credit Card","Taxicab Insurance Agency Llc","41.980264315","-87.913624596","POINT (-87.913624596 41.9802643146)",,,
"3cc3606abf10f7f7c73126db93047458fa89a21a","8193e58ab16cb38a3f58b187b3c836539baed5a2afb9bc27b64f06ab4d7ce20da73fda35529894218f64746f5305558c5ad77f229c3913fd442bf915880d2b76","2023-12-31T20:15:00.000","2023-12-31T20:45:00.000","1954","13.69",,,"76","6","36.25","10.56","0","5.5","52.81","Credit Card","City Service","41.980264315","-87.913624596","POINT (-87.913624596 41.9802643146)","41.944226601","-87.655998182","POINT (-87.6559981815 41.9442266014)"
"6bc2c772d00ef0db9cb4948543efda16669f61f7","335c61713b446303eb964d3aa88629948d888393be601ee82b0b619cec0c7e778839471cad460d6d5aeb0195f651894beeb4b4f2f7ffa1c4dd10fd35dfb076b5","2023-12-31T20:15:00.000","2023-12-31T20:15:00.000","123","0.35","17031081403","17031320100","8","32","15","0","0","0","15.5","Credit Card","Sun Taxi","41.890922026","-87.618868355","POINT (-87.6188683546 41.8909220259)","41.884987192","-87.620992913","POINT (-87.6209929134 41.8849871918)"
"7426effc3da5b5e97b76e09069c3a72e588895ae","2a6d1d66cf8850e99383f47c2cbc1bfe6e6e3f4536236d43f6ddf80ee1a05687935a98e15090c15a8e6561e4c4da48818be19fa659f4c606b1118587ddd5be23","2023-12-31T20:15:00.000","2023-12-31T20:45:00.000","1859","14.19",,,"76","77","37.25","8.35","0","4","50.1","Credit Card","Taxicab Insurance Agency Llc","41.980264315","-87.913624596","POINT (-87.913624596 41.9802643146)","41.9867118","-87.663416405","POINT (-87.6634164054 41.9867117999)"
"f15becb74ba714dc3d5dcffbe58d52fa1e47a19b","efb119502916bdc421157a7449b89ebb6009871e6a5a7baaf3a7f614ea0b7caf6beb020e5f0fd693a5608c2c5f99684f4a9c30ce30424263f0526fab10c337f1","2023-12-31T20:15:00.000","2023-12-31T20:30:00.000","703","1.18","17031081403","17031320100","8","32","8","0","0","0","8","Cash","5 Star Taxi","41.890922026","-87.618868355","POINT (-87.6188683546 41.8909220259)","41.884987192","-87.620992913","POINT (-87.6209929134 41.8849871918)"
"b91d16fd4ce0d40e3c45db4421c9536df8fa53f5","8bb72e3ef6a7494b80eb3bbf7777b467d4195a1ee71b354c155a51c027ddb2b559c97343fd83fc45cdf24c196d0fa14d4dd987657b08e8061ec38ae9e462944d","2023-12-31T20:15:00.000","2023-12-31T20:30:00.000","626","3.21",,,"8","7","11.25","0","0","1","12.25","Cash","City Service","41.899602111","-87.633308037","POINT (-87.6333080367 41.899602111)","41.922686284","-87.649488729","POINT (-87.6494887289 41.9226862843)"
"b94c138d100005373db6ab9694a7caa68c08ecb8","6edf046ae368c4133e9c6e05fef38fd91caec343f4a9fbb1d6d81b61c559f3d74bf8ef717ac6dc598d81cba0dafcecb1bb233a4bacf85e073f06378d66b76ed6","2023-12-31T20:15:00.000","2023-12-31T20:45:00.000","1460","15.97",,,"76","24","39.75","9.15","0","5.5","54.9","Credit Card","Medallion Leasin","41.980264315","-87.913624596","POINT (-87.913624596 41.9802643146)","41.901206994","-87.676355989","POINT (-87.6763559892 41.9012069941)"
"507486be05df92a767534395dcb4383b0c322181","42e3ec7750e4be6e56c47bcdefe5cb86ddb0d0c65bcf4d09773512b3e854ed08adeacdad835a4e92a8ca871021858984bb70a72c1dc17d22b49d2f664a6e0fd2","2023-12-31T20:15:00.000","2023-12-31T20:30:00.000","575","1.06","17031839100","17031081300","32","8","7","3","0","1","11.5","Credit Card","Taxicab Insurance Agency Llc","41.880994471","-87.632746489","POINT (-87.6327464887 41.8809944707)","41.898331794","-87.620762865","POINT (-87.6207628651 41.8983317935)"
"79fd111ff6d945f103d809d9ddc5dd6d63db06c8","3c07027096c12ad3f6cc84a0914cd2d14546a3662141a19f9b9b2d52d03eaead3b147811b520d04d2e22ab9c78993f1be64e7b3974caf0d111423dc84b953489","2023-12-31T20:15:00.000","2023-12-31T20:15:00.000","516","1.32",,,"6","6","9","2.22","0","0","11.22","Mobile","Chicago Independents","41.944226601","-87.655998182","POINT (-87.6559981815 41.9442266014)","41.944226601","-87.655998182","POINT (-87.6559981815 41.9442266014)"
"f082ecf2dc3216cdf7b937505ddd548352b0ba4e","8896af10a4eb11443de2996646e28c69acd22036414c3ba8e6768a5cfb18e1c4736c744678f4b1453dba05c5386f7c9adfe6ffb696df1fa97023e123e31e32f5","2023-12-31T20:15:00.000","2023-12-31T20:30:00.000","1058","2.98","17031320400","17031081403","32","8","12.5","0","0","0","12.5","Cash","Star North Taxi Management Llc","41.877406123","-87.621971652","POINT (-87.6219716519 41.8774061234)","41.890922026","-87.618868355","POINT (-87.6188683546 41.8909220259)"
"804649f3d13fa3e7c3d193bc982f932a71b0a2a5","d4fdfedf3c662fbe2da0d4628e83a98136b5af51aeca012bb4cb15cac47f56467f67030d7567fa1e72e9528e52a7f9e483a55f8e2d80d86e6f8ec1961d89ea00","2023-12-31T20:15:00.000","2023-12-31T20:30:00.000","645","3.25","17031980000","17031770700","76",,"11.25","4.19","0","5","20.94","Credit Card","Blue Ribbon Taxi Association","41.97907082","-87.903039661","POINT (-87.9030396611 41.9790708201)","41.982775009","-87.8773054","POINT (-87.8773053996 41.9827750091)"
"265d6106af69c7f42102b567a5145b6cc70d4769","f6d1b6c930d62f6d8cbbd8f86a593ff057408c82f764744a7a38ee63957a74b84eaeea80224ea3a0021ba1572323a282530b0659b5e1ce48d04939eacb504060","2023-12-31T20:15:00.000","2023-12-31T20:15:00.000","222","0.71","17031081403","17031081500","8","8","5","0","0","0","7.5","Cash","Chicago Independents","41.890922026","-87.618868355","POINT (-87.6188683546 41.8909220259)","41.892507781","-87.626214906","POINT (-87.6262149064 41.8925077809)"
"3540c1a219c9a8adca71c73514f901cfba33cb2c","7ba4f77b2aec943b726e0b2ae455e9505f7798786b4ebb8c3223578311c1bb140c81c85af9d26617ef8719cd01f19058ad8c5747586612284c53da0ef15a73a2","2023-12-31T20:15:00.000","2023-12-31T20:45:00.000","1863","19.16",,,"76","7","48","7.5","0","4","60","Credit Card","City Service","41.980264315","-87.913624596","POINT (-87.913624596 41.9802643146)","41.922686284","-87.649488729","POINT (-87.6494887289 41.9226862843)"
"a68a6ed61d29dab95c807675ef67c55a317abb5f","de42f8191f3b8079c680589098c5f3f6e2d202e98f8a816726b78a20517eacd4e982bbf96a6bf1ab6f637374af7daafdf85a60e6a4be1688a1317cf85283401b","2023-12-31T20:15:00.000","2023-12-31T20:30:00.000","1140","2.3","17031320600","17031833000","32","28","11.25","0","0","1","12.25","Cash","Taxicab Insurance Agency, LLC","41.870607372","-87.622172937","POINT (-87.6221729369 41.8706073724)","41.88528132","-87.6572332","POINT (-87.6572331997 41.8852813201)"
"414245350dc1eba40929a5dd54fc4cda06c76da7","fb0ce19e30e712c77c57cfdb6ef729c2d2ad73225d9ec3b541ddab78f8a281a073a93fd94232bb4c2397cade115fb3727045daeb602fcefd00df53cf6da9d563","2023-12-31T20:15:00.000","2023-12-31T20:30:00.000","754","0",,,"8","24","10.01","2","0","0","12.01","Mobile","Flash Cab","41.899602111","-87.633308037","POINT (-87.6333080367 41.899602111)","41.901206994","-87.676355989","POINT (-87.6763559892 41.9012069941)"
"86d5317ec03a28ec1ce08ec32c3c5727755edf96","842c6b006fcddcc1eb059c64c6129ed5edd0971d8943943075301b1845f3acafa4d74c84ac1a114a3c5e1534f081126e0012aaa85350643e7b5bdb97bbada08d","2023-12-31T20:15:00.000","2023-12-31T20:15:00.000","32","0.02","17031081700","17031081600","8","8","3.25","0","0","0","3.25","Cash","Flash Cab","41.892042136","-87.63186395","POINT (-87.6318639497 41.8920421365)","41.892072635","-87.628874157","POINT (-87.6288741572 41.8920726347)"
"a0ee8b9eb7f509907f7a91c274c730609e8d8479","c0591d33660deb744cef729db6457d5a0924498c9ed3bb80b0160d6bdec6de41d28db4d9de45475ad8257687670f437406d85c13fe34381fb80c206745ea7dc0","2023-12-31T20:15:00.000","2023-12-31T20:45:00.000","1327","13.05",,,"76",,"34.5","5","0","25","65","Credit Card","Sun Taxi","41.980264315","-87.913624596","POINT (-87.913624596 41.9802643146)",,,
"4db37828b833f9a5108426901c72b3365591daa5","687e4d96be3cc961be4ce4608d2ad3bfadf54e3bbe80d706e066fd268dea4bce387cfa66ad249143808d0fed4ac39b01ea5e1d00faca6f07496eabd519ad812f","2023-12-31T20:15:00.000","2023-12-31T20:30:00.000","1469","17.38",,,"76","8","42.75","4","0","4","51.25","Credit Card","City Service","41.980264315","-87.913624596","POINT (-87.913624596 41.9802643146)","41.899602111","-87.633308037","POINT (-87.6333080367 41.899602111)"
"2ca6c478eb0470769afa7ef0ee4e0a0b0e6ff1cf","6e40cde8b457f0cc3f3a8dd7e9c003c5a24426433e5e51968c1fcf2e5c7765ee82f5f63ecf17ac629e98120b96387df76e22d47aba08d7e6b54bf465927f14c0","2023-12-31T20:15:00.000","2023-12-31T20:30:00.000","508","2.49",,,"4","77","9","3","0","0","12.5","Credit Card","Sun Taxi","41.975170943","-87.687515515","POINT (-87.6875155152 41.9751709433)","41.9867118","-87.663416405","POINT (-87.6634164054 41.9867117999)"
"6bb84f982d8030a7a104e5dc556d436a9ef90031","c7e24b57c5ac5cc6b23bdaa7ad986c639f07680587bf710f52dde392f353f9935355277768f8ab89ba94a517ff8ee254ef7927c7bdb11868bb78ad39d5f502e2","2023-12-31T20:15:00.000","2023-12-31T20:30:00.000","1534","5.75",,,"32","22","19.82","4.6","0","0","24.42","Mobile","Flash Cab","41.878865584","-87.625192142","POINT (-87.6251921424 41.8788655841)","41.92276062","-87.699155343","POINT (-87.6991553432 41.9227606205)"
"03242556831641fe0815b0427325fb06811b84a3","efb464d432970a2a7a4ee8386f70c403f48c9ccd9008b7680fae247ba23e8bef93ce63707acbc5efe6c523b7b83382ecd5262b76fd1b6985e41cc17eb330f7e1","2023-12-31T20:15:00.000","2023-12-31T20:30:00.000","511","3.71",,,"8","6","12","3.12","0","0","15.62","Credit Card","City Service","41.899602111","-87.633308037","POINT (-87.6333080367 41.899602111)","41.944226601","-87.655998182","POINT (-87.6559981815 41.9442266014)"
"7460fce6d98aba35153d83faf52e3dc372dfc580","31eb3b01cdb0bd30f18c3dc65888595ad6374fa323fd995018a4e4310cfa5d910f1e810bb0d6e209700fc11ffe0891e2720888e72f4e4f1f87e9d2fe0de4a266","2023-12-31T20:15:00.000","2023-12-31T20:15:00.000","104","0.23",,,"8","8","9","2.68","0","0","11.68","Mobile","Sun Taxi","41.899602111","-87.633308037","POINT (-87.6333080367 41.899602111)","41.899602111","-87.633308037","POINT (-87.6333080367 41.899602111)"
"9b4fbd5716d671f444924bfc8b58f7324cd93090","9de7f6aa5035ab0e38c4e42f261923cec4b3148c4fa298cfcfa75d728bc1a3a5f1ef205b36354497cf5c3ddd941978264ec414a7cd7b446937c21b9a1326dbc6","2023-12-31T20:15:00.000","2023-12-31T20:30:00.000","1260","2.1",,,"2","2","11.75","0","0","0","11.75","Cash","Taxi Affiliation Services","42.001571027","-87.695012589","POINT (-87.6950125892 42.001571027)","42.001571027","-87.695012589","POINT (-87.6950125892 42.001571027)"
"45f03402d8443bebc0076511a201adf5187fd9f6","3ae83cc261cea27eafc3d9b18bbc93100c03762e8b6971ee60ec7c34e975fde969dfaad88186def33c7205ef5aa98f5fc01f8419f70f7f30ab5b8af02663a2e3","2023-12-31T20:15:00.000","2023-12-31T20:45:00.000","1140","0","17031320100","17031320100","32","32","10.5","2.2","0","0","12.7","Credit Card","Taxi Affiliation Services","41.884987192","-87.620992913","POINT (-87.6209929134 41.8849871918)","41.884987192","-87.620992913","POINT (-87.6209929134 41.8849871918)"
"9b584ec943d37ca4d6e9320d1bbfc4f18d8aa714","79219c93534ec6a4b5b0c1f4a417880aff508f62e8c21e48c7839da8b4791dae82108d4f1ebc576a84f913f045bfe4f9f49c24123a85a3923b4716511196853d","2023-12-31T20:15:00.000","2023-12-31T20:30:00.000","721","1.34","17031320100","17031081402","32","8","8.25","0","0","1","9.25","Cash","Sun Taxi","41.884987192","-87.620992913","POINT (-87.6209929134 41.8849871918)","41.891971508","-87.612945414","POINT (-87.6129454143 41.8919715078)"
"dd9d68c7e25dda7c779a90bd2c33af4f57be3696","805857b679797dfe185017d79e00742e3f1a6e46f2ad28704990b7d1d810aad48a46873b9960e6188fba588312f0939e46bc31aed2c03dd195c8f164edae3490","2023-12-31T20:15:00.000","2023-12-31T20:45:00.000","1592","17.53","17031980000","17031081800","76","8","43.25","11.94","0","4","59.69","Credit Card","Flash Cab","41.97907082","-87.903039661","POINT (-87.9030396611 41.9790708201)","41.89321636","-87.63784421","POINT (-87.6378442095 41.8932163595)"
"f369ed7a965e1febf0b44aebfdbbf10b8b492190","6213661be7873fbf6ccb2cdbf51f6d4882bac07a52b60229ca80c32de6b967c5a688163905fbd5a82f3325d4aab98092dbbf5b413038c0eeb969c71dcb0847eb","2023-12-31T20:15:00.000","2023-12-31T20:45:00.000","1924","18.34","17031980000","17031800200","76",,"45.75","15.65","1","31","93.9","Credit Card","Taxicab Insurance Agency Llc","41.97907082","-87.903039661","POINT (-87.9030396611 41.9790708201)",,,
"0f7b72ed59a3659e3dbf9a96e65bf55410833cd1","3d288150e092eea073ce7ba66c4c9ad75f8c572a62f08000908a80ab9b63291e8bf4a62ab1db5bf5798406a225e674228bfe67491fb94c828e2a2be603a60843","2023-12-31T20:15:00.000","2023-12-31T20:15:00.000","39","0",,,"5","5","40","0","0","0","40.5","Credit Card","Flash Cab","41.947791586","-87.683834942","POINT (-87.6838349425 41.9477915865)","41.947791586","-87.683834942","POINT (-87.6838349425 41.9477915865)"
"9ab5a861a5c02eba9eff2afcaa57cd6cd827080b","32f41dbfab64ed45d31d672512bf4528d078682d839f304a3160e0ffb25e4494702809853735c525b911cb8511f46099b1de425ab86d7431a240e0b55405ef42","2023-12-31T20:15:00.000","2023-12-31T20:15:00.000","561","0.35",,,"8","8","6.5","0","0","0","6.5","Cash","Flash Cab","41.899602111","-87.633308037","POINT (-87.6333080367 41.899602111)","41.899602111","-87.633308037","POINT (-87.6333080367 41.899602111)"
"a5c82d5f61e50ab245441916cfed966bfea3ca75","eb45a5cf86f97931ee27a489ee764c997bcfdf01b5f21b30824e01d1129dca4da9898de875aaa1a4ceb2d23264d76ce5fe21441e7190d3b6eea3cf76f493e199","2023-12-31T20:15:00.000","2023-12-31T20:30:00.000","764","1.17","17031081201","17031081500","8","8","5.75","0","0","1","6.75","Cash","Taxicab Insurance Agency Llc","41.899155613","-87.626210532","POINT (-87.6262105324 41.8991556134)","41.892507781","-87.626214906","POINT (-87.6262149064 41.8925077809)"
"0289ad1634a04935cfb2c659b6e871eb9dae6ced","21644e2c146605fd85017fc07a3c15ebcffd7ba491f41c660922d47c197017bfe0dea274c89bacfdaaf6d2970523eec2ede66557c475ebb59da1f01b05363eac","2023-12-31T20:15:00.000","2023-12-31T20:30:00.000","1215","14.14",,,"76",,"36","11.5","0","21","69","Credit Card","Taxicab Insurance Agency Llc","41.980264315","-87.913624596","POINT (-87.913624596 41.9802643146)",,,
"1b46d301c22304d3109e9762b493b0c5713ebe43","bafa1b6d1946bb2f096463e43229f35a67c0e333e15251cd1f353f54f9b83d8cc9f5d5d784be0c050a095c90e702193a2b62355b6b0f61d6f8bc0a19241eecef","2023-12-31T20:15:00.000","2023-12-31T20:45:00.000","1131","13.06",,,"76","22","33","7.9","0","6","47.4","Credit Card","Flash Cab","41.980264315","-87.913624596","POINT (-87.913624596 41.9802643146)","41.92276062","-87.699155343","POINT (-87.6991553432 41.9227606205)"
"485ba728c9cba49e16c2fd2094f44b0940ae8c12","deec568f18d18fb40292b918b82311ac8006ada6a8a1fff177f4bab2b5925b4c0712813919884a696c8fa2bde1d0a283d372f72024785b3d9ef2b8d18857b0b4","2023-12-31T20:15:00.000","2023-12-31T21:00:00.000","2287","10.49",,,"77",,"30","0","0","0","30","Prcard","City Service","41.9867118","-87.663416405","POINT (-87.6634164054 41.9867117999)",,,
"ca3826c9b1ae422bdabe3bf2c7cbb7ade2503e0f","8798e394725a87657ec2292bddb8e4bac5ae8b7886e6a5298a2f094270ca5a1e850a4ee05a7b8809269a8ddc5e876f2eb8810bf8c2449e32739d453495d00e53","2023-12-31T20:15:00.000","2023-12-31T20:45:00.000","1327","12.91",,,"76","5","33.5","0","0","4","37.5","Cash","Star North Taxi Management Llc","41.980264315","-87.913624596","POINT (-87.913624596 41.9802643146)","41.947791586","-87.683834942","POINT (-87.6838349425 41.9477915865)"
"ca698f8069f0c7075ab099146e74d0c70efb3a48","5af45eaec078152b0be7971172bb74df2e875424eff12da61af867d30848554ac365fe8272ad32bcfaaa354b7ed2f726dd6eea4d20e1155dad44168d2bdd277c","2023-12-31T20:15:00.000","2023-12-31T20:30:00.000","451","1.41",,,"24","28","9","2.22","0","0","11.22","Mobile","Chicago Independents","41.901206994","-87.676355989","POINT (-87.6763559892 41.9012069941)","41.874005383","-87.66351755","POINT (-87.6635175498 41.874005383)"
"edc0d84a37e0a3e90eb0a3fc19a59eb69850778a","73671d8d04e67d4eabdbbab93357ea36c3aa7afd6e6a2881cf21f258b52f43882fc07437fedb05acc79f872e8592d804fcb992f289567500f15606511eb70745","2023-12-31T20:15:00.000","2023-12-31T20:30:00.000","271","0.54","17031081201","17031081300","8","8","5","0","0","0","5","Cash","Blue Ribbon Taxi Association","41.899155613","-87.626210532","POINT (-87.6262105324 41.8991556134)","41.898331794","-87.620762865","POINT (-87.6207628651 41.8983317935)"
"6ba7cfe32d2205121f4ec7c7903de3b6bcc6c138","fbbd674a65df66aae44f5261b5be2ac0f6bd0abb247f837f51819c6df813a347eb0f34eaef14eaaf3e1a6be4feba5447eecce38a71fbcf3b9e037a63459c3fab","2023-12-31T20:15:00.000","2023-12-31T20:30:00.000","960","6.6",,,"76",,"19","0","0","6","25","Cash","Chicago Independents","41.980264315","-87.913624596","POINT (-87.913624596 41.9802643146)",,,
"225292573a37608dc3c6fdecdbd4a590379f5da7","3c78ec6128025b407c704e1432f7d3f6dc51cb35236a9c99b23959698e2544ced002f128cafe07b3320e53f550b3ea8b3708d46e277616407b9c1ad91b3ee004","2023-12-31T20:15:00.000","2023-12-31T20:45:00.000","1770","17.75","17031980000","17031081403","76","8","44.5","8","0","4","57","Credit Card","Sun Taxi","41.97907082","-87.903039661","POINT (-87.9030396611 41.9790708201)","41.890922026","-87.618868355","POINT (-87.6188683546 41.8909220259)"
"1b0313523e180ea48a32b7616cffe9e44b507697","e529c81d35e4b4aa30c42a0af1475fc909bab69a707c4f88ef70d2b63717946c33958ed98ae0448ab969e17e9a13ec6fa94959a73cfe51f844c724c2acd1999a","2023-12-31T20:15:00.000","2023-12-31T20:30:00.000","851","2.51",,,"8","24","9.72","0","0","0","9.72","Mobile","Globe Taxi","41.899602111","-87.633308037","POINT (-87.6333080367 41.899602111)","41.901206994","-87.676355989","POINT (-87.6763559892 41.9012069941)"
"da75b50a88708ec33a43a1433f1666648ae432b8","91a036e3de3c1f459f2664801ea9388870751ae14e196e5be1caa84093318244f75aad0dbecdb8f5f6d2fb9ceec9c03c57acb5309769a88c68d06a49b157dae8","2023-12-31T20:15:00.000","2023-12-31T20:30:00.000","483","1.52",,,"28","8","9","2.22","0","0","11.22","Mobile","City Service","41.874005383","-87.66351755","POINT (-87.6635175498 41.874005383)","41.899602111","-87.633308037","POINT (-87.6333080367 41.899602111)"
"c996ba81b07c6cbeac08219f9924977b4355115c","285f824cae77e5945252689a2881fb3ab75ea3530eb70e0fa24a0511bcfc491dd869840db9ae9b97254073ce31c9555879aca122f5fe624cd13ad07ea97d64ac","2023-12-31T20:15:00.000","2023-12-31T20:30:00.000","1140","0.7",,,"33","51","30.75","0","0","0","30.75","Unknown","Taxi Affiliation Services","41.857183858","-87.620334624","POINT (-87.6203346241 41.8571838585)","41.690633347","-87.570058269","POINT (-87.5700582686 41.6906333472)"
"9a982fb843f3a08367bb5c3585846cb77a6756bb","43ef7f4566fea42196dd20301358f1d375ebcb921e3a3aef0f8ae59c0265c798f90ce4b855ab8a73f37ac80bb61abfc5c51dcd8b855fe998d49ae8a363a71813","2023-12-31T20:15:00.000","2023-12-31T20:45:00.000","1836","14.59",,,"76","6","37.5","6","0","4","48","Credit Card","Taxicab Insurance Agency Llc","41.980264315","-87.913624596","POINT (-87.913624596 41.9802643146)","41.944226601","-87.655998182","POINT (-87.6559981815 41.9442266014)"
"ec0679ed335809f5893e21c2413fdbdb4dbaf7d4","40c2ee15a52c7c390c11a77871240593956d41a7946bb33e37f517b1ffe5cc9af4b640fa3cb331378829a69c2a714d322aa88736a3e9def79dd66b14f3616801","2023-12-31T20:15:00.000","2023-12-31T20:30:00.000","717","1.91",,,"32","28","9","2","0","0","11","Mobile","5 Star Taxi","41.878865584","-87.625192142","POINT (-87.6251921424 41.8788655841)","41.874005383","-87.66351755","POINT (-87.6635175498 41.874005383)"
"3a2a17735fefa2b304db9fd7a05e2d5dea24f840","b12c6be9f088bab50b80d41139e9c64c78030e062ad56788454126913725692a146d6dd6cceac1c5a76d5dbe30c102460f3218b5557e425f47db49b454930847","2023-12-31T20:15:00.000","2023-12-31T20:30:00.000","1020","4.8","17031320100","17031330100","32","33","16","0","0","1.5","17.5","Cash","Taxi Affiliation Services","41.884987192","-87.620992913","POINT (-87.6209929134 41.8849871918)","41.859349715","-87.617358006","POINT (-87.6173580061 41.859349715)"
"b651eb09aa1028fe5b26ab8691231b4eb08ea9c0","6eb285e549ebd23a688f5fe2145d88dba65e200024e4216c7f780fb4fedf8e0e515a009bc97d23e32b41251892634bf575d7681b62fa2c44f20fcd9aaa033da2","2023-12-31T20:15:00.000","2023-12-31T20:30:00.000","1020","0",,,"76","16","23","0","0","5.5","28.5","Cash","Taxi Affiliation Services","41.980264315","-87.913624596","POINT (-87.913624596 41.9802643146)","41.953582125","-87.72345239","POINT (-87.7234523905 41.9535821253)"
"b685a8b2a607d8bbcdda468668c9263d96b5e8fb","10e8a565ac8829bd9caa44f57e9831fd8b4ff374e4d6667337dc4114eb4a0356ec563e55a82e248e315ebf8e938ed4c8418dda95d5a5b409e7ce9b6139215b24","2023-12-31T20:15:00.000","2023-12-31T20:15:00.000","255","0.44","17031320100","17031320100","32","32","9","1.11","0","0","10.11","Mobile","Flash Cab","41.884987192","-87.620992913","POINT (-87.6209929134 41.8849871918)","41.884987192","-87.620992913","POINT (-87.6209929134 41.8849871918)"
"ec14e7cca85513ba84d9668f31ccb8460e0d934e","8e61957eda2e69d68b0bce4add726e0a84827e3f1ec9c9cb0c879c9feca623f74aa26949b28af9d68c95e28c81f1c33ffb01c817e95c3be913ac6b37d76f51c9","2023-12-31T20:15:00.000","2023-12-31T21:00:00.000","2382","5.73",,,"33","33","19.25","0","0","1","20.25","Cash","Blue Ribbon Taxi Association","41.857183858","-87.620334624","POINT (-87.6203346241 41.8571838585)","41.857183858","-87.620334624","POINT (-87.6203346241 41.8571838585)"
"5d3baa9c7bce074079346590900baaf1beda83a5","339c4c0e5d5ad12014ae25364c7082b3e8884bdb5e5fcefb4085170c968eaf736439ac250acd6e34a00b3d958e55766d93bf7ad86e0cb579d4fd87507936a6dd","2023-12-31T20:15:00.000","2023-12-31T21:00:00.000","2071","14.3",,,"76","6","38.75","8.65","0","4","51.9","Mobile","City Service","41.980264315","-87.913624596","POINT (-87.913624596 41.9802643146)","41.944226601","-87.655998182","POINT (-87.6559981815 41.9442266014)"
"d9ae9471e66e0e1271370c7d88648f75d7bdb685","34ed8ae3af562da8ab7ee7aa07c83287baf647219d79cf41ea18b8656c9ad26d9985aab5aab72faf5de6495f389eee784c340c2a7a94ce675d417d1d5706a48e","2023-12-31T20:15:00.000","2023-12-31T20:30:00.000","480","0.8","17031081600","17031081800","8","8","6.25","0","0","1","7.25","Cash","Taxi Affiliation Services","41.892072635","-87.628874157","POINT (-87.6288741572 41.8920726347)","41.89321636","-87.63784421","POINT (-87.6378442095 41.8932163595)"
"9a38d32708bb99a81e35dc0e2bc354fb34391b72","4e04293a1ab799479725ae45fabd3c04bb33c9e46ad0de3d23c6d077663bed16a4e0f9e3ceb87af3395a629618b17d38dea49b6468bd88f9dee683481fe4944a","2023-12-31T20:15:00.000","2023-12-31T20:30:00.000","1005","2.89",,,"6","5","10.22","2.32","0","0","12.54","Mobile","Star North Taxi Management Llc","41.944226601","-87.655998182","POINT (-87.6559981815 41.9442266014)","41.947791586","-87.683834942","POINT (-87.6838349425 41.9477915865)"
"c8f905a681f5c2bde2f6be3718aed5c8ca94ff59","761789d686c96d6a313aecc3d5080955d5353b3a7f8d89255c3be3cb313f9b6bfc78404b7ac22ca681649dad9b06c29712d6350982390b762fa97b2a08fca1db","2023-12-31T20:15:00.000","2023-12-31T20:45:00.000","1767","18.71","17031980000","17031320100","76","32","46.75","5.32","0","6","58.57","Mobile","Sun Taxi","41.97907082","-87.903039661","POINT (-87.9030396611 41.9790708201)","41.884987192","-87.620992913","POINT (-87.6209929134 41.8849871918)"
"ebd2c724047c315df1d59376a47d2dbf5c57563e","3d0f28391371d13655fe6916bb5304225945545eccc922a58d764690b1bc6aa906a4734fe3e39f94fc1d53f4b5cf7fb213512fa31eec1450a85bb15833bd656b","2023-12-31T20:15:00.000","2023-12-31T20:30:00.000","335","0.61","17031081403","17031081500","8","8","5.5","4","0","1","13.5","Credit Card","Choice Taxi Association Inc","41.890922026","-87.618868355","POINT (-87.6188683546 41.8909220259)","41.892507781","-87.626214906","POINT (-87.6262149064 41.8925077809)"
"55e9530c7ee40cb5c8bd4f490dfd1f722fb6d1c9","422aa525858cddde977f39fa4e58947555918726746ebd72be48d2a2d09af86e2b5e5318fea36ecc84de5b6af8354307064e73672f67e4bc907dcabc21e61c09","2023-12-31T20:15:00.000","2023-12-31T20:30:00.000","540","0",,,"8","7","7.5","0","0","0","7.5","Cash","Taxi Affiliation Services","41.899602111","-87.633308037","POINT (-87.6333080367 41.899602111)","41.922686284","-87.649488729","POINT (-87.6494887289 41.9226862843)"
"b51e7f974abcaac06aa46663087680069cf9e792","dd38b7cebd5414ae2b17595c68048ff8745c5147487c6c21819daf489517055192acf8e79b37a52b929601021940f63b5fcae96aa07346acff8bc4298fdc9be6","2023-12-31T20:15:00.000","2023-12-31T20:15:00.000","480","0.9","17031081201","17031081500","8","8","6.75","0","0","0","6.75","Cash","Taxi Affiliation Services","41.899155613","-87.626210532","POINT (-87.6262105324 41.8991556134)","41.892507781","-87.626214906","POINT (-87.6262149064 41.8925077809)"
"18604b0affa873ffbce2553253913503f74bc4c7","275f3f891b8c0ba8f2958873f850d2a03993c99f5f79f66119f2aeecc34101d25ac74320cb8b8a6b2f078e6248a27100d8d0e5acdd79573e392c6479f6c557b0","2023-12-31T20:15:00.000","2023-12-31T21:00:00.000","1980","16.1","17031980000","17031081403","76","8","41.5","9.3","0","4.5","55.3","Credit Card","4053 - 40193 Adwar H. Nikola","41.97907082","-87.903039661","POINT (-87.9030396611 41.9790708201)","41.890922026","-87.618868355","POINT (-87.6188683546 41.8909220259)"
"6b137f5b98327aab498bc6913076de1ed2b1343b","ee0403d56ad861c2f3d4b1244497b07a47b61d3f9078de0f5c5f5c01ddcf997bd1f4d4d1e66f6a8c47f87048bf37321ab50e6d6b6e76423a09087487218e436b","2023-12-31T20:15:00.000","2023-12-31T20:30:00.000","682","2.76",,,,,"62.44","0","0","0","62.44","Cash","Flash Cab",,,,,,
"38698c442c73d98441a22e7bf3e336b97367b1bb","0eddf01751354db83c0da54d4a70040636f9e6d4e301ca37a52620d9c1a80f15541681931457a7968b34166e5ae3b6f2c7ca1a4d55f2a08239e856b3be7da917","2023-12-31T20:15:00.000","2023-12-31T20:45:00.000","1759","14.64",,,"76","6","38","0","0","4","42","Cash","Taxicab Insurance Agency Llc","41.980264315","-87.913624596","POINT (-87.913624596 41.9802643146)","41.944226601","-87.655998182","POINT (-87.6559981815 41.9442266014)"
"3dbe013b3beef72137cf6a8fe806522f2e5d5b90","3b084cc9045b3afc1c8bb8b5b76921d8e41c00494b15bdfc5d1d6e7a36fd63f2dd5acf5cdff5fe483a6facb786e1de836bea1a63d992f80c410c3f05ddea9106","2023-12-31T20:15:00.000","2023-12-31T20:30:00.000","721","2.26",,,"31","33","9","1.98","0","0","10.98","Mobile","Globe Taxi","41.850266366","-87.667569312","POINT (-87.667569312 41.8502663663)","41.857183858","-87.620334624","POINT (-87.6203346241 41.8571838585)"
"8653e93e1885b8cf26e8afd287fbff8d0dba3444","511d5a90fddd5d591ca80c1c2969c190f8ad2997c0b6e9d1776a3864f2536814f53b603888e6ca6fa11e0e8625b02db335ef976a9a36e8d35b7d714e38e55bef","2023-12-31T20:15:00.000","2023-12-31T20:45:00.000","1569","14.61",,,"28","47","37.75","0","0","0","37.75","Prcard","5 Star Taxi","41.874005383","-87.66351755","POINT (-87.6635175498 41.874005383)","41.728182061","-87.596475596","POINT (-87.5964755956 41.728182061)"
"ca88eb8a8936970d78c5ab6f54ba4b5c2bda20ae","9a423881d4046f5590943c08ec5e58d59f5ebd91fe26aa9ef49ad0dfe587e3d3a78dc5e2d214e4d42120e5296ebadeb100494177de8b0fc8ef6a1b3e5290669b","2023-12-31T20:15:00.000","2023-12-31T20:45:00.000","1440","0",,,"76",,"27","0","0","7","34","Cash","Taxi Affiliation Services","41.980264315","-87.913624596","POINT (-87.913624596 41.9802643146)",,,
"ee0b1d5b80ee59e6757a9ffa21b083b322be88e2","643bb93d2492e6eda6e928f41ec8e1cb906c3d8bf0dbd9ce7fde2198df5f74ad6159ef5666261e8ebb11e028a0c6f237ca96cccb30ef17857338822abb5f4bf7","2023-12-31T20:15:00.000","2023-12-31T20:30:00.000","542","1.39",,,"8","8","9","2.22","0","0","11.22","Mobile","Sun Taxi","41.899602111","-87.633308037","POINT (-87.6333080367 41.899602111)","41.899602111","-87.633308037","POINT (-87.6333080367 41.899602111)"
"b3f9fcf3dcd525fd7c375bb5712e63bf1f7b1ce2","2516b59756f838580a6027aab48adc7099cd0ea7a1244a62b35249ea25f74aed2544792e37dc0ee8818d5eab264497f91e0c047d0e9b5c8eed9e6508708bc3a8","2023-12-31T20:15:00.000","2023-12-31T20:30:00.000","780","2.9","17031081201","17031320400","8","32","11.25","0.56","0","0","11.81","Credit Card","Choice Taxi Association","41.899155613","-87.626210532","POINT (-87.6262105324 41.8991556134)","41.877406123","-87.621971652","POINT (-87.6219716519 41.8774061234)"
"8d62593bf2db88d432496562c77cbc97ad0bb75f","bd54bee5660726988fc54355ab54fc7cfd5c3917d911f944e24b89fc2f4c803737abffe70492bb56ee0fe0d47fe94729011e1d377b3f49092324b817599921ad","2023-12-31T20:15:00.000","2023-12-31T20:45:00.000","2267","16.37",,,"76","6","43.75","0","0","0","43.75","Cash","Taxicab Insurance Agency Llc","41.980264315","-87.913624596","POINT (-87.913624596 41.9802643146)","41.944226601","-87.655998182","POINT (-87.6559981815 41.9442266014)"
"c73979a0ebfa9cbd5d1a3907c7d8b01646d511ee","e285c667a98b7debef94575d342f30dfe750bde84af57f22146752d6efd191399772a06b593576e2eee5c8530005880dadcf0c918112dbf70bd7a2ddb6fb5e55","2023-12-31T20:15:00.000","2023-12-31T21:00:00.000","2323","3.29","17031281900","17031281900","28","28","19.5","0","0","0","19.5","Cash","Taxicab Insurance Agency Llc","41.879255084","-87.642648998","POINT (-87.642648998 41.8792550844)","41.879255084","-87.642648998","POINT (-87.642648998 41.8792550844)"
"eb2315b9c40e6da461bd11f093697b32612862ab","c3ebfce9cb4f64d18d29e3e416e9f64dfe671eb8226d44719da28eff8fb2204be6684d86097d4ebc3eb951e8e21977035ecbcc5d96bce6105af21c56d794322a","2023-12-31T20:15:00.000","2023-12-31T20:30:00.000","717","1.71","17031320100","17031081300","32","8","9","2.53","1.5","0","13.03","Mobile","Globe Taxi","41.884987192","-87.620992913","POINT (-87.6209929134 41.8849871918)","41.898331794","-87.620762865","POINT (-87.6207628651 41.8983317935)"
"55a238461dcab594bfc02a175c2f38498cd5835e","07c564a10fd59fb57a493d26e4f2a39f0229ac59cdbfb570f93023bbbb938eed963e74922bb8bedadb526754dabc0f236dc791223fa413b271b628994974155c","2023-12-31T20:15:00.000","2023-12-31T20:30:00.000","515","1.03","17031081600","17031081402","8","8","6.75","0","0","1","7.75","Cash","Chicago Independents","41.892072635","-87.628874157","POINT (-87.6288741572 41.8920726347)","41.891971508","-87.612945414","POINT (-87.6129454143 41.8919715078)"
"58c15c375d3ec4617a3941370f90ac109bc834b5","d2361c444230b38876a74c70d71b055ad4d69b2e35954dc89b1a28e0e43fbf85c545ed901036c4129f8c7938c2b0adb2a0b24d87170a00bc366e918ae2bf0fe7","2023-12-31T20:15:00.000","2023-12-31T20:45:00.000","1380","10.6","17031980100","17031833000","56","28","27.75","8.3","0","5","41.05","Credit Card","Taxi Affiliation Services","41.785998518","-87.750934289","POINT (-87.7509342894 41.785998518)","41.88528132","-87.6572332","POINT (-87.6572331997 41.8852813201)"
"671a84ef2e7b31cc17132144eea0ad26682422d6","a5bcdc46762283d695a098e0d5bc202cd0228bab131a5e93e014ce946da3c76dfab16f20943c4aeec1b108a6afae188bfe0a56a6d38f6c8658fb7c1d31282f93","2023-12-31T20:15:00.000","2023-12-31T20:45:00.000","1379","10.07",,,"8",,"27","2","0","4","36","Credit Card","5 Star Taxi","41.899602111","-87.633308037","POINT (-87.6333080367 41.899602111)",,,
"a3fa9851577711a653d2b6a73493b80db8b191a2","5c03478db811db571ca5a182a9e5b3e7d1078a236ee886492e1eec0a111f1cc8b0b0a5db3ee85595db2ce965cde56efe29ebb9f32c19d8c8325a03121f1e4d58","2023-12-31T20:15:00.000","2023-12-31T20:30:00.000","766","4.29",,,"76",,"14","15","0","5","34.5","Credit Card","City Service","41.980264315","-87.913624596","POINT (-87.913624596 41.9802643146)",,,
"78686af0d29b0abc52b5a058bdfa2909bfdbc6f6","2e39270dfbbd3e522e303548f2153f6dabb4c1876d61f5ea9a30560c58171da372c51c8dffc393360f2d65e2e401af07fed10a86d2aa7da74c538bece8a4ada5","2023-12-31T20:15:00.000","2023-12-31T20:15:00.000","817","2.51",,,"28","8","10.24","3.88","0","0","14.12","Mobile","City Service","41.874005383","-87.66351755","POINT (-87.6635175498 41.874005383)","41.899602111","-87.633308037","POINT (-87.6333080367 41.899602111)"
"8dbf6ae8495b64232ac0f9342e48b563e461ae4a","3d90e25b8ab0de4b8255efb250b64017386e76574210ea6c2d3f6d276362d17ae3544a96b78fc891c7904907bbe8396995619d714b1e5309016079c938909f9f","2023-12-31T20:15:00.000","2023-12-31T20:30:00.000","1152","6.62",,,"2","15","19","0","0","0","19","Cash","Flash Cab","42.001571027","-87.695012589","POINT (-87.6950125892 42.001571027)","41.954027649","-87.763399032","POINT (-87.7633990316 41.9540276487)"
"1d40c1d50d708f9b282dd077f40ff5112e3884f9","f9448164dcb56f4f31c2b2ad562f31443a01885c2bda20d6325a0747c9857007a024d358c98ed634fba5791a9dcbaf7252302b7dad34fa6bea7e625d2d185d4e","2023-12-31T20:15:00.000","2023-12-31T20:30:00.000","1049","11.11","17031980100","17031330100","56","33","29","6.9","0","5","41.4","Credit Card","Patriot Taxi Dba Peace Taxi Associat","41.785998518","-87.750934289","POINT (-87.7509342894 41.785998518)","41.859349715","-87.617358006","POINT (-87.6173580061 41.859349715)"
"a493798914458a33d77e5b31a31d06b09842af9c","e0e1f19080d131afa810280c286bc1f57e78b48fe55e992ac816f33602973ff890905d82df0bec55f791ff66f6f3d7d366281cdb4271de2f2d2acb047b743f32","2023-12-31T20:15:00.000","2023-12-31T20:45:00.000","1627","10.42",,,"56",,"28.25","6.75","0","5","40.5","Credit Card","Star North Taxi Management Llc","41.79259236","-87.769615453","POINT (-87.7696154528 41.7925923603)",,,
"55a438ca8adfca429a7c12ae1ae6e3def033c734","983ee2eeec397e929937d68bf086a640e2e573f8e701232bd9e16db5a36c53bf5bf031751d3971949c919cfdebd87a6f996321263d4f2d777bcc08800cb41f12","2023-12-31T20:15:00.000","2023-12-31T20:15:00.000","60","0","17031081600","17031081600","8","8","3.25","9.55","0","44","56.8","Credit Card","Taxi Affiliation Services","41.892072635","-87.628874157","POINT (-87.6288741572 41.8920726347)","41.892072635","-87.628874157","POINT (-87.6288741572 41.8920726347)"
"4fe0f927d2de7c7db92a7c7ed0e5358170e0f4a2","19a89fbfe54b0564c6961e347f5faa1158413d94d42ac5f92d09417a75c4362f684b96c26fa660d1171cd110800d2b4e7c059ac469868867dd4ddda0844a8672","2023-12-31T20:15:00.000","2023-12-31T20:30:00.000","1010","7.51",,,"8","16","21.5","0","0","1","22.5","Cash","Taxicab Insurance Agency Llc","41.899602111","-87.633308037","POINT (-87.6333080367 41.899602111)","41.953582125","-87.72345239","POINT (-87.7234523905 41.9535821253)"
"2d774135177a885666b9a17801b07f7e000d6f19","d94f7ec4baf6952b7f0ac3422c0acddedae3828ade423e9566b14f55c000fd08354c5e1fee325d25b22fd049075f1327971299da88af65b9232fdf6ca0e51ab1","2023-12-31T20:15:00.000","2023-12-31T20:30:00.000","1020","3.4",,,"8","33","13","0","0","1","14","Cash","Choice Taxi Association","41.899602111","-87.633308037","POINT (-87.6333080367 41.899602111)","41.857183858","-87.620334624","POINT (-87.6203346241 41.8571838585)"
"532807d9ba2587fcae24113d1d8f169399465ab1","d0064cc51efe8a612a5e3052111818dd7278a35d8a6bdef5748bcc0710cc5952d948982783c5a60f3d6a6607877e67889bd1667685e9556bc69854e51517f12d","2023-12-31T20:15:00.000","2023-12-31T20:30:00.000","1020","0.2",,,"76",,"15.25","4.25","0","5.5","25","Credit Card","Taxi Affiliation Services","41.980264315","-87.913624596","POINT (-87.913624596 41.9802643146)",,,
"581ca3c5b728ac12161cdb1ae7d92242e11b3c3d","dcece124f6b1c30fe415d4c1b8c20fcc2ace231eb1b1c0d71cc8029405672c66c3452f4dcc2c29b44309656aeeb81cb6ad51c73a15722d80b4c3fd5d1dfe927c","2023-12-31T20:15:00.000","2023-12-31T20:30:00.000","975","1.7",,,"8","8","9","2.81","0","0","11.81","Mobile","Flash Cab","41.899602111","-87.633308037","POINT (-87.6333080367 41.899602111)","41.899602111","-87.633308037","POINT (-87.6333080367 41.899602111)"
"b38acf651dda815ea51b6fcbfa4d0c0d0f093c2b","13449628ffc62c70df3e9439374ee96ab03cb2d119786e87b6a3bed701e3824ced3eb9b3842da5064d5193c619270ab3ff684236ea138e559ac825458d4bf166","2023-12-31T20:15:00.000","2023-12-31T20:45:00.000","1643","12.12",,,"76","2","31.75","0","0","5","36.75","Cash","Globe Taxi","41.980264315","-87.913624596","POINT (-87.913624596 41.9802643146)","42.001571027","-87.695012589","POINT (-87.6950125892 42.001571027)"
"4b3138a1c61637fed8e6ba732c2d4cd585b9d632","c17582be31089967bcc79faa83fe8c0f7521a55e172fa83398c78255eeace47b45af0bbbd241d68db5b8c6e139c93c5e39be80db33402a1a37a22657c74475cf","2023-12-31T20:15:00.000","2023-12-31T20:15:00.000","470","0.8",,,"8","8","9","1.67","0","0","10.67","Mobile","Medallion Leasin","41.899602111","-87.633308037","POINT (-87.6333080367 41.899602111)","41.899602111","-87.633308037","POINT (-87.6333080367 41.899602111)"
"3d84aa5227ffb418f2612f199c364ccf3244c432","74ec1551363cdcffdadcc2e4d63620f021954a2c1d75b2d38dd1d579bad41fba7dc90ab7815cd7e35957612463be727c5049b02e3d4c32c01fbb4386ed204820","2023-12-31T20:15:00.000","2023-12-31T20:30:00.000","867","1.86","17031081500","17031833000","8","28","9.75","3","0","0","13.25","Credit Card","Flash Cab","41.892507781","-87.626214906","POINT (-87.6262149064 41.8925077809)","41.88528132","-87.6572332","POINT (-87.6572331997 41.8852813201)"
"992687068035765dcbaa3b8d835a3437a6e775ff","89fc6b1f0628f328ccd1021fcf4e7318bb2f9962da9259b522bde63ca44f9f201a016291bbd2801fad04845cfd5b30b954afedccb22f6c49fadda05821804a06","2023-12-31T20:15:00.000","2023-12-31T20:30:00.000","1259","13.01",,,"76",,"33.25","0","0","7","40.25","Cash","Flash Cab","41.980264315","-87.913624596","POINT (-87.913624596 41.9802643146)",,,
"7de4a363e1232145d13fa80364d38b3b5fb17a61","b38cc11899e213a828f18838538613b0328a1df9062b35227c04314a51ae84ac529d3f69f825b1bda5aabadffcbd4925af3d8feae40dd3410acc392faa48ccf9","2023-12-31T20:15:00.000","2023-12-31T20:45:00.000","2280","1",,,"76",,"42.5","0","0","6","48.5","Cash","Taxi Affiliation Services","41.980264315","-87.913624596","POINT (-87.913624596 41.9802643146)",,,
"8cbbad85e25e8de610ffda644874d6cce6d46ed0","dd04cdef61d7199e11ceb677f274abd171755712b504c41c87a3ec2d6981b28e23d919d2171b73e73f3df98c419804d831ef8645cda2b25d71f5ab8864eb75e6","2023-12-31T20:15:00.000","2023-12-31T20:30:00.000","1260","12.4","17031980100","17031842300","56","24","31.5","9.35","0","5.5","46.35","Credit Card","Taxicab Insurance Agency, LLC","41.785998518","-87.750934289","POINT (-87.7509342894 41.785998518)","41.89830587","-87.653613982","POINT (-87.6536139825 41.8983058696)"
"c592a108679aed756eff46dd0e9df2ea8cdbe884","2182f5a35823ac9d08d861dadd787f7fc399428b1b762d461df0c02d23a27005c88ee96ca30c6a21afdb8732fad57681b4107265099c17fbbb11482e0b96cd1f","2023-12-31T20:15:00.000","2023-12-31T20:30:00.000","1498","15.51",,,"76","7","39","0","0","5.5","44.5","Cash","Sun Taxi","41.980264315","-87.913624596","POINT (-87.913624596 41.9802643146)","41.922686284","-87.649488729","POINT (-87.6494887289 41.9226862843)"
"a399b4c8be8eae9a5a6bb430fad32d0e63b22fd9","c6afdfd8a7e77a6363705c79438ccc226e23e84f79c200ae985a7707e6626f5c402bb9275a0e3866d0174ec80e57ff47d542355d4c487da812c0540d5de12306","2023-12-31T20:15:00.000","2023-12-31T20:30:00.000","535","1.89","17031320100","17031833000","32","28","9","2.22","0","0","11.22","Mobile","Sun Taxi","41.884987192","-87.620992913","POINT (-87.6209929134 41.8849871918)","41.88528132","-87.6572332","POINT (-87.6572331997 41.8852813201)"
"08d33f007a8ea4f2858e8bb19cbbf7fbcaff0c83","5f88daef22c65f61d051338809a96d6bc7f471c4e2cd73a6a5cb0058dd3affb03f82eb2a344695f5cfb9da95399827a5fb8bcdcbdfedda9612bee3fd71b1537c","2023-12-31T20:15:00.000","2023-12-31T20:15:00.000","180","0.6","17031080202","17031081700","8","8","5","1","0","0","6","Credit Card","U Taxicab","41.905857769","-87.630865027","POINT (-87.6308650266 41.9058577688)","41.892042136","-87.63186395","POINT (-87.6318639497 41.8920421365)"
"396b6d40befea0281edbd438ccb1096a353b5e43","1256eb4e5549b851c530f8c69b19f6bede51d6cc604a38ac0148532435b53e5a001cbf9959b443ff74a92e7bef354574f08dd5bb54576d1d09047caf6a32dff8","2023-12-31T20:15:00.000","2023-12-31T20:30:00.000","1454","14.83",,,"50","8","64.68","0","0","0","64.68","Cash","Flash Cab","41.706125752","-87.598255838","POINT (-87.5982558383 41.7061257523)","41.899602111","-87.633308037","POINT (-87.6333080367 41.899602111)"
"5ff5f627c10160499ce1b32e35d14c50b30323b8","2e7f98f477c93ec4c458c0f46cad563cc83e813d5ebc0dc2b60c2fb8907ff808ff6b033d283097aea82bff81f2e1d8a0494154963acca3df2bde798570693440","2023-12-31T20:15:00.000","2023-12-31T20:15:00.000","747","1.16","17031081202","17031839100","8","32","8","0","0","0","8","Cash","Sun Taxi","41.902788048","-87.62614559","POINT (-87.6261455896 41.9027880476)","41.880994471","-87.632746489","POINT (-87.6327464887 41.8809944707)"
"0b852426876d538d2a95c7592317a6a44621774f","da6780f1544c235ad2b71e14522482347d180a08ba4622b6c6e5e003d3edecd3c00aa0da34874e73d207677cfa93c6181e987addccb0f0b681efca2562cd17af","2023-12-31T20:15:00.000","2023-12-31T20:30:00.000","480","0","17031081401","17031081500","8","8","6.25","0","0","0","6.25","Cash","Taxi Affiliation Services","41.89503345","-87.619710672","POINT (-87.6197106717 41.8950334495)","41.892507781","-87.626214906","POINT (-87.6262149064 41.8925077809)"
"77ba6723904022fe2bcc3f68017f9d5a5570b5bf","df7451c41ae34d5df211c1e00487f0b91fbdd6d0e9e15692e146397dea00b22d1f2c8ce1da1fbb1bfbacf9c1e84cd11ceef5755ae6c4832e241d15ce6af2d268","2023-12-31T20:15:00.000","2023-12-31T20:45:00.000","1560","13.8",,,"76","7","36","8.3","0","5","49.3","Credit Card","Taxicab Insurance Agency, LLC","41.980264315","-87.913624596","POINT (-87.913624596 41.9802643146)","41.922686284","-87.649488729","POINT (-87.6494887289 41.9226862843)"
"c520dfc4eeca1775969d9ba2e6a6cf4b48b79bb5","35467b44491f6f51eaa0f4fb1cd65e4c23117aa268d9dd52d88a484194323088fc5a0d30455d37c6bced24218c2ed42b421d7260c119161f29b8381bd11b1784","2023-12-31T20:15:00.000","2023-12-31T20:45:00.000","1249","2.73","17031081402","17031833000","8","28","12","0","0","3","15","Cash","Sun Taxi","41.891971508","-87.612945414","POINT (-87.6129454143 41.8919715078)","41.88528132","-87.6572332","POINT (-87.6572331997 41.8852813201)"
"c55e979cfc0852a1be47a1af6113420d8a5f0915","e3ef22ad9224f8577d4d637b892dc010789a71357b35346cfda465c8a9f71d506f9ee7b5a18aa3e946a498867c985bf48bdcafe864f2625039204c97f70a1fe7","2023-12-31T20:15:00.000","2023-12-31T20:45:00.000","1893","14.9",,,"76","6","38.5","8.7","0","4.5","52.2","Mobile","Globe Taxi","41.980264315","-87.913624596","POINT (-87.913624596 41.9802643146)","41.944226601","-87.655998182","POINT (-87.6559981815 41.9442266014)"
"9b00840f331a59f2486ce4f29ae03958aca69d05","335e5b94c1eb05d4b83164f78b0246b7ce44188a32d029278e4528609a9314974625ae5226e29afea9cf911f9480456e650f466f5552ef02f117496d23db1a88","2023-12-31T20:15:00.000","2023-12-31T20:30:00.000","1080","3.6",,,,,"12.75","0","0","0","12.75","Cash","Choice Taxi Association",,,,,,
"01ad5e2f2c51c51b6005713c9d044e1f21ffdabe","03906d62f91d139ab93f74f50d1b208805b7fbb61e8d1e414a446e6e4432a07c7e297c4aab3835173aa7e6c20088ddb3f86c6fb75cae7d6c90a483181772c2bb","2023-12-31T20:15:00.000","2023-12-31T20:45:00.000","1739","12.68",,,"76","77","33.75","6.11","0","6.5","46.86","Credit Card","5 Star Taxi","41.980264315","-87.913624596","POINT (-87.913624596 41.9802643146)","41.9867118","-87.663416405","POINT (-87.6634164054 41.9867117999)"
"b2502c437a08c466ec059b632fc7f7bbf16421ff","379e0fd9da136cabc9eec3aca37047bbdee373ca2ef7a03b99641047e0c8b0f22225bbf6296a205f4c9cd1286da1b8125302f76bb095d3d2a4f602aa549b236b","2023-12-31T20:15:00.000","2023-12-31T20:15:00.000","300","0.5",,,"8","8","5.25","1.5","0","1","7.75","Credit Card","Taxi Affiliation Services","41.899602111","-87.633308037","POINT (-87.6333080367 41.899602111)","41.899602111","-87.633308037","POINT (-87.6333080367 41.899602111)"
"01639200d4a46dd14829fb598228cbd1ef90b126","bebdd992c4a9275f26e83e00649616f188674dc151a82f3de5b7e3400179683a3032ae5fa452f9105fd524f0f6d1296efc48081ec13ec25550d810d60865bfee","2023-12-31T20:15:00.000","2023-12-31T21:00:00.000","3032","34.66","17031980000",,"76",,"83.75","28.15","0","56.5","168.9","Credit Card","City Service","41.97907082","-87.903039661","POINT (-87.9030396611 41.9790708201)",,,
"0178fc0991a4a6cabec03444fec029f60567413d","e64275101114ec6cfacc200c2bab09d7d4e128b5f6fd4cad1db03ff64b96c9bfbcfcf1c77239fd43d897539f8cbfc7e8da784bb7cebe0a7b83bf21233a46fb4b","2023-12-31T20:15:00.000","2023-12-31T20:30:00.000","1078","11.29","17031980100","17031330100","56","33","29.25","6.75","0","4","40.5","Credit Card","Chicago Independents","41.785998518","-87.750934289","POINT (-87.7509342894 41.785998518)","41.859349715","-87.617358006","POINT (-87.6173580061 41.859349715)"
"28439c66c73102a13ede7d5921cad44b8aa4c311","10e8a565ac8829bd9caa44f57e9831fd8b4ff374e4d6667337dc4114eb4a0356ec563e55a82e248e315ebf8e938ed4c8418dda95d5a5b409e7ce9b6139215b24","2023-12-31T20:15:00.000","2023-12-31T20:30:00.000","448","1.13","17031839100","17031833000","32","28","6.75","0","0","0","6.75","Cash","Flash Cab","41.880994471","-87.632746489","POINT (-87.6327464887 41.8809944707)","41.88528132","-87.6572332","POINT (-87.6572331997 41.8852813201)"
"30e24dfae3fee692ae016f82da4ade6cc5e1586e","a030e6189cee598b516978caa72ad33839a0bccece8353bc7d4fe68dcf1c8cd653436d78ed9c0f33d6071c9c036a291371b5c6ea7212588c1dcfb34fc39bc02d","2023-12-31T20:15:00.000","2023-12-31T20:45:00.000","1690","17.21","17031980000","17031320100","76","32","43.5","12.25","0","5","61.25","Credit Card","Sun Taxi","41.97907082","-87.903039661","POINT (-87.9030396611 41.9790708201)","41.884987192","-87.620992913","POINT (-87.6209929134 41.8849871918)"
"b99ab6762b834470292a9e3459da5e819a6564bb","0f846a75c6e6a4a065d188e1a4c41eb2f8794a2fc073b1338d79c7c42a6ba625e064022f9d7f71e8cb61a08e371ee7289431ade0dd5f5a6e4b0aae94178f1860","2023-12-31T20:15:00.000","2023-12-31T20:45:00.000","2333","20.38",,,"76",,"51.25","0","0","4.5","55.75","Cash","Flash Cab","41.980264315","-87.913624596","POINT (-87.913624596 41.9802643146)",,,
"6351529fec2f9d26266233e7f0eb9a7b0911cb53","da1ddce066f7f02d7f134cb4b049fa71f94412f4b8e2af057bb32e3bdee7c42bd5cfbe02ba45de8fa62b1eabef705f7958c020a6e7ac6051ee61d88e4cf32779","2023-12-31T20:15:00.000","2023-12-31T21:00:00.000","2733","27.99",,,"76","8","68.75","0","0","10","78.75","Cash","5 Star Taxi","41.980264315","-87.913624596","POINT (-87.913624596 41.9802643146)","41.899602111","-87.633308037","POINT (-87.6333080367 41.899602111)"
"775edc188fbbc3dca269ed02b5661b8bcfc1b186","f454eed0504cea35dec37d008e940841cd60610ddacc5e04648c2fcb762cfeae48123639c2b237a18afe37d6521c07d6fe7c6c62d0dacd2cec82955520ce0e3e","2023-12-31T20:15:00.000","2023-12-31T21:00:00.000","2249","9.49",,,"8","40","32","0","0","0","32","Prcard","Flash Cab","41.899602111","-87.633308037","POINT (-87.6333080367 41.899602111)","41.792357223","-87.61793138","POINT (-87.6179313803 41.7923572233)"
"0545c3038bdc02cab496c779ce20703093351ad5","5e48748b582fe3c16baf5ac371a27773e8aef2927f33440f59bdfc4d05656e7f88d30836a2c448abd8980269053d8c7651e8f3da01acf4321d23213ff8170f8a","2023-12-31T20:15:00.000","2023-12-31T20:30:00.000","443","1.84","17031320600","17031081402","32","8","20","4.1","0","0","24.6","Credit Card","Sun Taxi","41.870607372","-87.622172937","POINT (-87.6221729369 41.8706073724)","41.891971508","-87.612945414","POINT (-87.6129454143 41.8919715078)"
"40acb05bc1689b7a79a4a63703decfa578376059","ef5eff6bb140de6acea46bf7980c2547b6d2486f1f8310ba85cfe00587782d44aacc427d6bb339df8ce753fe4f13b44bd325a38c03146d743f26ebfbcb629231","2023-12-31T20:15:00.000","2023-12-31T20:45:00.000","1850","14.57",,,"76","6","37.75","5","0","6","49.25","Credit Card","Sun Taxi","41.980264315","-87.913624596","POINT (-87.913624596 41.9802643146)","41.944226601","-87.655998182","POINT (-87.6559981815 41.9442266014)"
"2eec9cbefa8369ce5ef6684e064e67797ef4584f","121e6b6064d993f2f1bc475ffd6392987c431f18e99c307e3da44c3b130bbb07e29413ad792dc339227b20a60bbc6af2fd8f4a4ad7d9468d9c732a1626da7dc9","2023-12-31T20:15:00.000","2023-12-31T20:30:00.000","515","1.98",,,"8","7","8.25","0","0","0","8.25","Cash","Top Cab","41.899602111","-87.633308037","POINT (-87.6333080367 41.899602111)","41.922686284","-87.649488729","POINT (-87.6494887289 41.9226862843)"
"d02b0886834ba26160435d9ba39db27405a3cf6a","9b0864961cf4141f2bbb24ce1046a6b791ce1e418045baa645ea08f6385111ca10f8a9fef54f830f5e1f64df9a4635f2fac6066c4a557ab15dc6cd1a2bd8bd59","2023-12-31T20:15:00.000","2023-12-31T20:30:00.000","1535","20.6","17031980000",,"76",,"49.75","20.81","0","33","104.06","Credit Card","Sun Taxi","41.97907082","-87.903039661","POINT (-87.9030396611 41.9790708201)",,,
"1f6bc325c0382465160e7c38927bc2aca547ea21","31a06a77a2b473e41aea8ee60fabb45b6a4fd836626be6ed2240a484eaa12f926ad5feecf6c93c607038db14fc4d8b8c633141f84f19864ee589d501d3504fcb","2023-12-31T20:00:00.000","2023-12-31T20:30:00.000","1078","12.31",,,"44","8","31.25","0","0","0","31.25","Prcard","City Service","41.740205756","-87.615969523","POINT (-87.6159695226 41.7402057565)","41.899602111","-87.633308037","POINT (-87.6333080367 41.899602111)"
"1f8278fe674cd628afe33b447b93c8abab88fb5a","22b403ba1c4de25cb19049e9c08b6d1339a9eea3ec06f9bad7bca4f17a7ce1b237f980cc925abad84ec75963637c6c4c517ef5319e0db76ad7046e28f43ff9cf","2023-12-31T20:00:00.000","2023-12-31T20:00:00.000","258","0.44",,,"8","8","4.75","1.2","0","1","7.45","Credit Card","Flash Cab","41.899602111","-87.633308037","POINT (-87.6333080367 41.899602111)","41.899602111","-87.633308037","POINT (-87.6333080367 41.899602111)"
